inv_no,inv_date,ship_date,cust_id,customer,amount,memo,month
INV-250001,2025-01-01,2025-01-01,C1004,Cedar Point Facility Services,8468.39,,2025-01
INV-250002,2025-01-01,2025-01-01,C1004,Cedar Point Facility Services,6925.65,PO 40778,2025-01
INV-250003,2025-01-01,2025-01-01,C1012,Great Lakes Logistics Inc.,5923.48,,2025-01
INV-250004,2025-01-01,2025-01-01,C1022,Medina Auto Group,12750.83,PO 41880,2025-01
INV-250005,2025-01-01,2025-01-01,C1026,Parma Community College,7116.57,Standing order,2025-01
INV-250006,2025-01-01,2025-01-01,C1029,Riverside Fitness Clubs LLC,8130.01,,2025-01
INV-250007,2025-01-01,2025-01-01,C1035,Twinsburg Industrial Park LLC,2529.16,,2025-01
INV-250008,2025-01-01,2025-01-01,C1040,Youngstown Metal Works Inc.,35856.79,Standing order,2025-01
INV-250009,2025-01-01,2025-01-01,C1040,Youngstown Metal Works Inc.,3273.26,PO 49092,2025-01
INV-250010,2025-01-02,2025-01-02,C1001,Allegheny Property Management LLC,3358.86,PO 46601,2025-01
INV-250011,2025-01-02,2025-01-02,C1001,Allegheny Property Management LLC,17243.37,,2025-01
INV-250012,2025-01-02,2025-01-01,C1011,Garfield Industrial Company,11797.78,,2025-01
INV-250013,2025-01-02,2025-01-02,C1021,Maple Heights Facilities LLC,4615.92,,2025-01
INV-250014,2025-01-02,2025-01-02,C1026,Parma Community College,52843.47,Standing order,2025-01
INV-250015,2025-01-02,2025-01-02,C1028,Portage Cold Storage Company,4405.27,Standing order,2025-01
INV-250016,2025-01-02,2025-01-02,C1030,Sandusky Marine and Supply,8716.22,,2025-01
INV-250017,2025-01-02,2025-01-02,C1035,Twinsburg Industrial Park LLC,4687.75,,2025-01
INV-250018,2025-01-02,2025-01-02,C1036,University Circle Services,3907.48,Standing order,2025-01
INV-250019,2025-01-03,2025-01-03,C1001,Allegheny Property Management LLC,4219.54,,2025-01
INV-250020,2025-01-03,2025-01-03,C1007,Eastgate Office Partners,3909.88,PO 42887,2025-01
INV-250021,2025-01-03,2025-01-03,C1010,Forest City Hotels and Resorts,4045.05,,2025-01
INV-250022,2025-01-03,2025-01-03,C1011,Garfield Industrial Company,6711.77,,2025-01
INV-250023,2025-01-03,2025-01-02,C1012,Great Lakes Logistics Inc.,27132.12,,2025-01
INV-250024,2025-01-03,2025-01-03,C1021,Maple Heights Facilities LLC,6484.35,Standing order,2025-01
INV-250025,2025-01-03,2025-01-03,C1024,North Coast Restaurants LLC,10998.15,,2025-01
INV-250026,2025-01-03,2025-01-03,C1030,Sandusky Marine and Supply,4171.1,Standing order,2025-01
INV-250027,2025-01-03,2025-01-03,C1033,Summit Healthcare Group Inc.,2665.59,,2025-01
INV-250028,2025-01-03,2025-01-03,C1035,Twinsburg Industrial Park LLC,3543.33,,2025-01
INV-250029,2025-01-03,2025-01-03,C1035,Twinsburg Industrial Park LLC,8715.18,,2025-01
INV-250030,2025-01-03,2025-01-03,C1040,Youngstown Metal Works Inc.,6535.52,,2025-01
INV-250031,2025-01-06,2025-01-05,C1004,Cedar Point Facility Services,14254.52,,2025-01
INV-250032,2025-01-06,2025-01-06,C1008,Evergreen Senior Living Inc.,4656.34,,2025-01
INV-250033,2025-01-06,2025-01-05,C1010,Forest City Hotels and Resorts,6729.72,Standing order,2025-01
INV-250034,2025-01-06,2025-01-06,C1012,Great Lakes Logistics Inc.,9418.79,PO 41766,2025-01
INV-250035,2025-01-06,2025-01-06,C1012,Great Lakes Logistics Inc.,8699.1,Standing order,2025-01
INV-250036,2025-01-06,2025-01-06,C1012,Great Lakes Logistics Inc.,5228.45,,2025-01
INV-250037,2025-01-06,2025-01-06,C1015,Heritage Food Services Inc.,5782.09,,2025-01
INV-250038,2025-01-06,2025-01-06,C1022,Medina Auto Group,25244.47,,2025-01
INV-250039,2025-01-06,2025-01-05,C1023,Midwest Stadium Services Inc.,17207.49,,2025-01
INV-250040,2025-01-06,2025-01-06,C1033,Summit Healthcare Group Inc.,6890.36,Standing order,2025-01
INV-250041,2025-01-06,2025-01-06,C1033,Summit Healthcare Group Inc.,4245.76,,2025-01
INV-250042,2025-01-06,2025-01-06,C1038,Westlake Commercial Cleaning Company,18713.04,,2025-01
INV-250043,2025-01-06,2025-01-06,C1038,Westlake Commercial Cleaning Company,21787.29,,2025-01
INV-250044,2025-01-06,2025-01-06,C1040,Youngstown Metal Works Inc.,2440.39,,2025-01
INV-250045,2025-01-07,2025-01-06,C1005,Clearwater Janitorial Company,8948.18,,2025-01
INV-250046,2025-01-07,2025-01-07,C1007,Eastgate Office Partners,6457.8,,2025-01
INV-250047,2025-01-07,2025-01-06,C1011,Garfield Industrial Company,11772.19,PO 47119,2025-01
INV-250048,2025-01-07,2025-01-07,C1012,Great Lakes Logistics Inc.,3815.19,Standing order,2025-01
INV-250049,2025-01-07,2025-01-07,C1015,Heritage Food Services Inc.,7471.4,PO 49704,2025-01
INV-250050,2025-01-07,2025-01-06,C1018,Kent Valley Hospital,8689.98,,2025-01
INV-250051,2025-01-07,2025-01-07,C1020,Lorain Distribution Company,8879.44,,2025-01
INV-250052,2025-01-07,2025-01-07,C1023,Midwest Stadium Services Inc.,1518.13,PO 47385,2025-01
INV-250053,2025-01-07,2025-01-07,C1033,Summit Healthcare Group Inc.,4145.42,PO 48973,2025-01
INV-250054,2025-01-07,2025-01-07,C1035,Twinsburg Industrial Park LLC,2271.59,,2025-01
INV-250055,2025-01-07,2025-01-06,C1038,Westlake Commercial Cleaning Company,11445.3,,2025-01
INV-250056,2025-01-07,2025-01-07,C1040,Youngstown Metal Works Inc.,4700.11,,2025-01
INV-250057,2025-01-08,2025-01-07,C1004,Cedar Point Facility Services,11863.48,,2025-01
INV-250058,2025-01-08,2025-01-08,C1012,Great Lakes Logistics Inc.,1657.74,Standing order,2025-01
INV-250059,2025-01-08,2025-01-08,C1023,Midwest Stadium Services Inc.,4784.95,,2025-01
INV-250060,2025-01-08,2025-01-08,C1028,Portage Cold Storage Company,4472.41,,2025-01
INV-250061,2025-01-09,2025-01-08,C1002,Bayview Medical Center Inc.,14659.49,,2025-01
INV-250062,2025-01-09,2025-01-09,C1011,Garfield Industrial Company,4471.64,,2025-01
INV-250063,2025-01-09,2025-01-09,C1012,Great Lakes Logistics Inc.,10583.11,,2025-01
INV-250064,2025-01-09,2025-01-09,C1019,Lakeshore Cleaning Services Inc.,3817.4,Standing order,2025-01
INV-250065,2025-01-09,2025-01-08,C1022,Medina Auto Group,3293.29,,2025-01
INV-250066,2025-01-09,2025-01-09,C1022,Medina Auto Group,17648.28,,2025-01
INV-250067,2025-01-09,2025-01-09,C1023,Midwest Stadium Services Inc.,12396.75,,2025-01
INV-250068,2025-01-09,2025-01-08,C1028,Portage Cold Storage Company,3328.24,PO 43552,2025-01
INV-250069,2025-01-09,2025-01-08,C1030,Sandusky Marine and Supply,8103.86,PO 40153,2025-01
INV-250070,2025-01-09,2025-01-08,C1033,Summit Healthcare Group Inc.,9239.03,,2025-01
INV-250071,2025-01-09,2025-01-08,C1038,Westlake Commercial Cleaning Company,18398.18,Standing order,2025-01
INV-250072,2025-01-09,2025-01-08,C1040,Youngstown Metal Works Inc.,29457.71,,2025-01
INV-250073,2025-01-10,2025-01-09,C1002,Bayview Medical Center Inc.,22808.07,,2025-01
INV-250074,2025-01-10,2025-01-09,C1003,Cardinal Hospitality Group LLC,6430.98,,2025-01
INV-250075,2025-01-10,2025-01-10,C1012,Great Lakes Logistics Inc.,5464.63,Standing order,2025-01
INV-250076,2025-01-10,2025-01-10,C1020,Lorain Distribution Company,9945.12,PO 41171,2025-01
INV-250077,2025-01-10,2025-01-09,C1022,Medina Auto Group,16147.91,Standing order,2025-01
INV-250078,2025-01-10,2025-01-10,C1026,Parma Community College,5613.54,Standing order,2025-01
INV-250079,2025-01-10,2025-01-10,C1029,Riverside Fitness Clubs LLC,12220.15,Standing order,2025-01
INV-250080,2025-01-10,2025-01-10,C1030,Sandusky Marine and Supply,17372.25,,2025-01
INV-250081,2025-01-10,2025-01-10,C1033,Summit Healthcare Group Inc.,25812.31,,2025-01
INV-250082,2025-01-10,2025-01-09,C1035,Twinsburg Industrial Park LLC,4987.71,,2025-01
INV-250083,2025-01-10,2025-01-10,C1035,Twinsburg Industrial Park LLC,4367.99,,2025-01
INV-250084,2025-01-10,2025-01-10,C1040,Youngstown Metal Works Inc.,16946.03,Standing order,2025-01
INV-250085,2025-01-10,2025-01-09,C1040,Youngstown Metal Works Inc.,3795.79,,2025-01
INV-250086,2025-01-13,2025-01-12,C1003,Cardinal Hospitality Group LLC,2624.22,Standing order,2025-01
INV-250087,2025-01-13,2025-01-12,C1011,Garfield Industrial Company,8579.6,,2025-01
INV-250088,2025-01-13,2025-01-13,C1011,Garfield Industrial Company,10606.51,Standing order,2025-01
INV-250089,2025-01-13,2025-01-13,C1022,Medina Auto Group,2122.28,PO 42546,2025-01
INV-250090,2025-01-13,2025-01-12,C1022,Medina Auto Group,5220.72,,2025-01
INV-250091,2025-01-13,2025-01-12,C1025,Oak Ridge Office Parks,24054.4,PO 45329,2025-01
INV-250092,2025-01-13,2025-01-13,C1025,Oak Ridge Office Parks,1631.28,,2025-01
INV-250093,2025-01-13,2025-01-13,C1026,Parma Community College,16909.7,,2025-01
INV-250094,2025-01-13,2025-01-13,C1027,Pinnacle Building Services Inc.,3928.81,,2025-01
INV-250095,2025-01-13,2025-01-12,C1028,Portage Cold Storage Company,8911.69,,2025-01
INV-250096,2025-01-13,2025-01-13,C1029,Riverside Fitness Clubs LLC,8586.61,PO 44436,2025-01
INV-250097,2025-01-13,2025-01-13,C1035,Twinsburg Industrial Park LLC,7252.45,,2025-01
INV-250098,2025-01-13,2025-01-13,C1036,University Circle Services,9544.87,,2025-01
INV-250099,2025-01-13,2025-01-13,C1036,University Circle Services,2745.28,,2025-01
INV-250100,2025-01-14,2025-01-14,C1001,Allegheny Property Management LLC,10172.5,PO 46328,2025-01
INV-250101,2025-01-14,2025-01-14,C1003,Cardinal Hospitality Group LLC,4387.9,,2025-01
INV-250102,2025-01-14,2025-01-14,C1008,Evergreen Senior Living Inc.,5605.22,,2025-01
INV-250103,2025-01-14,2025-01-13,C1011,Garfield Industrial Company,6382.53,PO 48606,2025-01
INV-250104,2025-01-14,2025-01-14,C1011,Garfield Industrial Company,19894.71,PO 49888,2025-01
INV-250105,2025-01-14,2025-01-14,C1011,Garfield Industrial Company,46708.51,Standing order,2025-01
INV-250106,2025-01-14,2025-01-14,C1025,Oak Ridge Office Parks,5150.87,Standing order,2025-01
INV-250107,2025-01-14,2025-01-14,C1027,Pinnacle Building Services Inc.,12808.91,,2025-01
INV-250108,2025-01-14,2025-01-14,C1028,Portage Cold Storage Company,4090.73,,2025-01
INV-250109,2025-01-14,2025-01-13,C1031,Shaker Square Retail Partners,10460.1,Standing order,2025-01
INV-250110,2025-01-15,2025-01-15,C1001,Allegheny Property Management LLC,2423.79,,2025-01
INV-250111,2025-01-15,2025-01-15,C1002,Bayview Medical Center Inc.,10826.04,,2025-01
INV-250112,2025-01-15,2025-01-14,C1003,Cardinal Hospitality Group LLC,7909.99,Standing order,2025-01
INV-250113,2025-01-15,2025-01-15,C1004,Cedar Point Facility Services,7137.28,PO 44261,2025-01
INV-250114,2025-01-15,2025-01-15,C1022,Medina Auto Group,10856.95,,2025-01
INV-250115,2025-01-15,2025-01-15,C1025,Oak Ridge Office Parks,11112.45,Standing order,2025-01
INV-250116,2025-01-15,2025-01-15,C1026,Parma Community College,15978.23,,2025-01
INV-250117,2025-01-15,2025-01-15,C1026,Parma Community College,11355.84,Standing order,2025-01
INV-250118,2025-01-15,2025-01-15,C1033,Summit Healthcare Group Inc.,13354.82,PO 47700,2025-01
INV-250119,2025-01-15,2025-01-15,C1034,Tri-State Warehouse Company,20269.28,PO 47397,2025-01
INV-250120,2025-01-15,2025-01-14,C1035,Twinsburg Industrial Park LLC,4649.66,,2025-01
INV-250121,2025-01-15,2025-01-15,C1035,Twinsburg Industrial Park LLC,2202.12,Standing order,2025-01
INV-250122,2025-01-15,2025-01-15,C1035,Twinsburg Industrial Park LLC,2650.18,,2025-01
INV-250123,2025-01-15,2025-01-15,C1035,Twinsburg Industrial Park LLC,2280.61,,2025-01
INV-250124,2025-01-15,2025-01-15,C1038,Westlake Commercial Cleaning Company,2897.23,,2025-01
INV-250125,2025-01-15,2025-01-14,C1040,Youngstown Metal Works Inc.,24072.31,,2025-01
INV-250126,2025-01-15,2025-01-15,C1040,Youngstown Metal Works Inc.,13867.33,,2025-01
INV-250127,2025-01-15,2025-01-14,C1040,Youngstown Metal Works Inc.,7339.67,Standing order,2025-01
INV-250128,2025-01-16,2025-01-16,C1004,Cedar Point Facility Services,24627.54,PO 41510,2025-01
INV-250129,2025-01-16,2025-01-15,C1008,Evergreen Senior Living Inc.,30376.96,Standing order,2025-01
INV-250130,2025-01-16,2025-01-16,C1017,Ironwood Property Services,12134.09,,2025-01
INV-250131,2025-01-16,2025-01-16,C1023,Midwest Stadium Services Inc.,18233.48,PO 47767,2025-01
INV-250132,2025-01-16,2025-01-16,C1026,Parma Community College,7174.39,PO 48523,2025-01
INV-250133,2025-01-16,2025-01-16,C1029,Riverside Fitness Clubs LLC,2401.28,,2025-01
INV-250134,2025-01-16,2025-01-16,C1033,Summit Healthcare Group Inc.,21278.1,,2025-01
INV-250135,2025-01-16,2025-01-16,C1035,Twinsburg Industrial Park LLC,6859.45,PO 47811,2025-01
INV-250136,2025-01-16,2025-01-15,C1038,Westlake Commercial Cleaning Company,4412.52,,2025-01
INV-250137,2025-01-16,2025-01-16,C1040,Youngstown Metal Works Inc.,3678.97,,2025-01
INV-250138,2025-01-17,2025-01-17,C1001,Allegheny Property Management LLC,45314.81,,2025-01
INV-250139,2025-01-17,2025-01-16,C1002,Bayview Medical Center Inc.,4609.96,PO 44153,2025-01
INV-250140,2025-01-17,2025-01-17,C1002,Bayview Medical Center Inc.,8928.98,,2025-01
INV-250141,2025-01-17,2025-01-17,C1008,Evergreen Senior Living Inc.,13073.14,,2025-01
INV-250142,2025-01-17,2025-01-17,C1012,Great Lakes Logistics Inc.,14668.54,Standing order,2025-01
INV-250143,2025-01-17,2025-01-17,C1012,Great Lakes Logistics Inc.,35392.58,PO 44100,2025-01
INV-250144,2025-01-17,2025-01-17,C1012,Great Lakes Logistics Inc.,8310.05,,2025-01
INV-250145,2025-01-17,2025-01-17,C1015,Heritage Food Services Inc.,8027.6,,2025-01
INV-250146,2025-01-17,2025-01-17,C1023,Midwest Stadium Services Inc.,12243.94,Standing order,2025-01
INV-250147,2025-01-17,2025-01-17,C1023,Midwest Stadium Services Inc.,7393.15,,2025-01
INV-250148,2025-01-17,2025-01-17,C1029,Riverside Fitness Clubs LLC,7833.29,PO 44022,2025-01
INV-250149,2025-01-17,2025-01-17,C1034,Tri-State Warehouse Company,5775.88,PO 46750,2025-01
INV-250150,2025-01-20,2025-01-20,C1002,Bayview Medical Center Inc.,9035.53,,2025-01
INV-250151,2025-01-20,2025-01-20,C1008,Evergreen Senior Living Inc.,14997.53,PO 41367,2025-01
INV-250152,2025-01-20,2025-01-20,C1011,Garfield Industrial Company,4844.66,,2025-01
INV-250153,2025-01-20,2025-01-20,C1012,Great Lakes Logistics Inc.,8093.26,,2025-01
INV-250154,2025-01-20,2025-01-20,C1017,Ironwood Property Services,11066.95,,2025-01
INV-250155,2025-01-20,2025-01-19,C1017,Ironwood Property Services,3886.49,PO 44968,2025-01
INV-250156,2025-01-20,2025-01-20,C1026,Parma Community College,3545.83,Standing order,2025-01
INV-250157,2025-01-20,2025-01-19,C1029,Riverside Fitness Clubs LLC,5433.98,Standing order,2025-01
INV-250158,2025-01-20,2025-01-20,C1035,Twinsburg Industrial Park LLC,29327.17,PO 43524,2025-01
INV-250159,2025-01-20,2025-01-19,C1035,Twinsburg Industrial Park LLC,6500.76,Standing order,2025-01
INV-250160,2025-01-20,2025-01-20,C1035,Twinsburg Industrial Park LLC,12412.57,,2025-01
INV-250161,2025-01-20,2025-01-19,C1036,University Circle Services,8561.39,Standing order,2025-01
INV-250162,2025-01-20,2025-01-20,C1036,University Circle Services,1643.74,PO 41769,2025-01
INV-250163,2025-01-20,2025-01-20,C1036,University Circle Services,49587.31,,2025-01
INV-250164,2025-01-20,2025-01-20,C1038,Westlake Commercial Cleaning Company,8755.9,,2025-01
INV-250165,2025-01-20,2025-01-19,C1040,Youngstown Metal Works Inc.,11074.81,Standing order,2025-01
INV-250166,2025-01-20,2025-01-19,C1040,Youngstown Metal Works Inc.,18116.93,PO 41820,2025-01
INV-250167,2025-01-20,2025-01-20,C1040,Youngstown Metal Works Inc.,10495.28,,2025-01
INV-250168,2025-01-21,2025-01-21,C1002,Bayview Medical Center Inc.,4678.94,,2025-01
INV-250169,2025-01-21,2025-01-21,C1003,Cardinal Hospitality Group LLC,12641.84,,2025-01
INV-250170,2025-01-21,2025-01-20,C1006,Delmar Janitorial Services LLC,1943.76,,2025-01
INV-250171,2025-01-21,2025-01-20,C1006,Delmar Janitorial Services LLC,1705.83,,2025-01
INV-250172,2025-01-21,2025-01-21,C1012,Great Lakes Logistics Inc.,13901.28,PO 43994,2025-01
INV-250173,2025-01-21,2025-01-21,C1021,Maple Heights Facilities LLC,9842.91,,2025-01
INV-250174,2025-01-21,2025-01-21,C1022,Medina Auto Group,5321.78,,2025-01
INV-250175,2025-01-21,2025-01-21,C1023,Midwest Stadium Services Inc.,12095.12,,2025-01
INV-250176,2025-01-21,2025-01-21,C1026,Parma Community College,2963.58,PO 49313,2025-01
INV-250177,2025-01-21,2025-01-21,C1038,Westlake Commercial Cleaning Company,29375.08,PO 41202,2025-01
INV-250178,2025-01-21,2025-01-21,C1038,Westlake Commercial Cleaning Company,3792.46,,2025-01
INV-250179,2025-01-21,2025-01-20,C1040,Youngstown Metal Works Inc.,8783.22,,2025-01
INV-250180,2025-01-21,2025-01-21,C1040,Youngstown Metal Works Inc.,2947.38,,2025-01
INV-250181,2025-01-22,2025-01-22,C1011,Garfield Industrial Company,11178.53,PO 43000,2025-01
INV-250182,2025-01-22,2025-01-22,C1012,Great Lakes Logistics Inc.,5824.77,PO 47127,2025-01
INV-250183,2025-01-22,2025-01-21,C1018,Kent Valley Hospital,11895.1,,2025-01
INV-250184,2025-01-22,2025-01-22,C1023,Midwest Stadium Services Inc.,5112.63,PO 46790,2025-01
INV-250185,2025-01-22,2025-01-21,C1030,Sandusky Marine and Supply,1972.11,PO 43800,2025-01
INV-250186,2025-01-22,2025-01-22,C1035,Twinsburg Industrial Park LLC,3406.38,,2025-01
INV-250187,2025-01-22,2025-01-22,C1040,Youngstown Metal Works Inc.,13501.22,,2025-01
INV-250188,2025-01-23,2025-01-23,C1002,Bayview Medical Center Inc.,7408.19,,2025-01
INV-250189,2025-01-23,2025-01-23,C1018,Kent Valley Hospital,27327.24,PO 44373,2025-01
INV-250190,2025-01-23,2025-01-23,C1022,Medina Auto Group,2650.07,,2025-01
INV-250191,2025-01-23,2025-01-23,C1023,Midwest Stadium Services Inc.,4625.97,,2025-01
INV-250192,2025-01-23,2025-01-22,C1026,Parma Community College,12018.49,,2025-01
INV-250193,2025-01-23,2025-01-23,C1026,Parma Community College,13809.59,PO 41389,2025-01
INV-250194,2025-01-23,2025-01-23,C1030,Sandusky Marine and Supply,15235.37,,2025-01
INV-250195,2025-01-23,2025-01-23,C1032,Stark County Services,1738.25,,2025-01
INV-250196,2025-01-23,2025-01-23,C1035,Twinsburg Industrial Park LLC,4357.46,,2025-01
INV-250197,2025-01-23,2025-01-23,C1038,Westlake Commercial Cleaning Company,6088.08,,2025-01
INV-250198,2025-01-23,2025-01-23,C1038,Westlake Commercial Cleaning Company,12621.91,Standing order,2025-01
INV-250199,2025-01-23,2025-01-23,C1038,Westlake Commercial Cleaning Company,9184.0,PO 40505,2025-01
INV-250200,2025-01-23,2025-01-23,C1038,Westlake Commercial Cleaning Company,6106.5,,2025-01
INV-250201,2025-01-24,2025-01-23,C1002,Bayview Medical Center Inc.,7500.44,,2025-01
INV-250202,2025-01-24,2025-01-24,C1002,Bayview Medical Center Inc.,2906.3,,2025-01
INV-250203,2025-01-24,2025-01-24,C1008,Evergreen Senior Living Inc.,4105.35,Standing order,2025-01
INV-250204,2025-01-24,2025-01-24,C1011,Garfield Industrial Company,5472.79,,2025-01
INV-250205,2025-01-24,2025-01-24,C1011,Garfield Industrial Company,2903.07,,2025-01
INV-250206,2025-01-24,2025-01-23,C1012,Great Lakes Logistics Inc.,31283.2,Standing order,2025-01
INV-250207,2025-01-24,2025-01-23,C1014,Harborview Apartments LLC,5190.44,,2025-01
INV-250208,2025-01-24,2025-01-23,C1016,Highland Manufacturing Company,25190.76,,2025-01
INV-250209,2025-01-24,2025-01-24,C1026,Parma Community College,5558.88,,2025-01
INV-250210,2025-01-24,2025-01-24,C1026,Parma Community College,8811.52,Standing order,2025-01
INV-250211,2025-01-24,2025-01-24,C1026,Parma Community College,5407.16,,2025-01
INV-250212,2025-01-24,2025-01-24,C1030,Sandusky Marine and Supply,24197.35,PO 41348,2025-01
INV-250213,2025-01-24,2025-01-24,C1030,Sandusky Marine and Supply,8571.08,,2025-01
INV-250214,2025-01-24,2025-01-23,C1031,Shaker Square Retail Partners,18332.49,,2025-01
INV-250215,2025-01-24,2025-01-24,C1035,Twinsburg Industrial Park LLC,11212.59,Standing order,2025-01
INV-250216,2025-01-24,2025-01-23,C1038,Westlake Commercial Cleaning Company,5034.25,,2025-01
INV-250217,2025-01-24,2025-01-24,C1038,Westlake Commercial Cleaning Company,17200.26,,2025-01
INV-250218,2025-01-24,2025-01-24,C1040,Youngstown Metal Works Inc.,32472.58,,2025-01
INV-250219,2025-01-27,2025-01-27,C1005,Clearwater Janitorial Company,7869.01,Standing order,2025-01
INV-250220,2025-01-27,2025-01-27,C1012,Great Lakes Logistics Inc.,5214.81,PO 49356,2025-01
INV-250221,2025-01-27,2025-01-27,C1014,Harborview Apartments LLC,11064.25,,2025-01
INV-250222,2025-01-27,2025-01-27,C1018,Kent Valley Hospital,17982.84,,2025-01
INV-250223,2025-01-27,2025-01-27,C1025,Oak Ridge Office Parks,15649.25,,2025-01
INV-250224,2025-01-27,2025-01-27,C1027,Pinnacle Building Services Inc.,5704.17,Standing order,2025-01
INV-250225,2025-01-27,2025-01-26,C1028,Portage Cold Storage Company,5001.44,PO 47879,2025-01
INV-250226,2025-01-27,2025-01-27,C1028,Portage Cold Storage Company,18923.92,Standing order,2025-01
INV-250227,2025-01-27,2025-01-26,C1028,Portage Cold Storage Company,3546.32,,2025-01
INV-250228,2025-01-27,2025-01-27,C1033,Summit Healthcare Group Inc.,3486.15,,2025-01
INV-250229,2025-01-27,2025-01-27,C1035,Twinsburg Industrial Park LLC,5432.52,PO 41105,2025-01
INV-250230,2025-01-27,2025-01-27,C1036,University Circle Services,3444.66,,2025-01
INV-250231,2025-01-27,2025-01-27,C1038,Westlake Commercial Cleaning Company,6887.42,,2025-01
INV-250232,2025-01-27,2025-01-26,C1040,Youngstown Metal Works Inc.,13066.97,,2025-01
INV-250233,2025-01-27,2025-01-27,C1040,Youngstown Metal Works Inc.,3598.08,,2025-01
INV-250234,2025-01-28,2025-01-28,C1002,Bayview Medical Center Inc.,6174.47,,2025-01
INV-250235,2025-01-28,2025-01-28,C1002,Bayview Medical Center Inc.,3023.27,,2025-01
INV-250236,2025-01-28,2025-01-28,C1011,Garfield Industrial Company,10177.08,,2025-01
INV-250237,2025-01-28,2025-01-28,C1012,Great Lakes Logistics Inc.,11706.42,,2025-01
INV-250238,2025-01-28,2025-01-28,C1022,Medina Auto Group,4851.65,,2025-01
INV-250239,2025-01-28,2025-01-28,C1022,Medina Auto Group,9537.38,,2025-01
INV-250240,2025-01-28,2025-01-28,C1023,Midwest Stadium Services Inc.,8861.96,,2025-01
INV-250241,2025-01-28,2025-01-28,C1025,Oak Ridge Office Parks,9594.64,Standing order,2025-01
INV-250242,2025-01-28,2025-01-27,C1026,Parma Community College,13921.52,PO 42952,2025-01
INV-250243,2025-01-28,2025-01-27,C1026,Parma Community College,54893.82,,2025-01
INV-250244,2025-01-28,2025-01-28,C1027,Pinnacle Building Services Inc.,14737.98,,2025-01
INV-250245,2025-01-28,2025-01-28,C1030,Sandusky Marine and Supply,5930.67,,2025-01
INV-250246,2025-01-28,2025-01-27,C1035,Twinsburg Industrial Park LLC,3744.59,,2025-01
INV-250247,2025-01-28,2025-01-27,C1035,Twinsburg Industrial Park LLC,6969.08,,2025-01
INV-250248,2025-01-28,2025-01-27,C1038,Westlake Commercial Cleaning Company,2828.37,,2025-01
INV-250249,2025-01-28,2025-01-28,C1038,Westlake Commercial Cleaning Company,5171.75,Standing order,2025-01
INV-250250,2025-01-29,2025-01-29,C1002,Bayview Medical Center Inc.,5134.16,Standing order,2025-01
INV-250251,2025-01-29,2025-01-29,C1003,Cardinal Hospitality Group LLC,6379.52,,2025-01
INV-250252,2025-01-29,2025-01-29,C1008,Evergreen Senior Living Inc.,4804.06,Standing order,2025-01
INV-250253,2025-01-29,2025-01-28,C1008,Evergreen Senior Living Inc.,3147.06,PO 40721,2025-01
INV-250254,2025-01-29,2025-01-28,C1011,Garfield Industrial Company,2186.96,Standing order,2025-01
INV-250255,2025-01-29,2025-01-29,C1012,Great Lakes Logistics Inc.,10090.62,,2025-01
INV-250256,2025-01-29,2025-01-29,C1015,Heritage Food Services Inc.,1602.99,,2025-01
INV-250257,2025-01-29,2025-01-29,C1018,Kent Valley Hospital,2880.91,,2025-01
INV-250258,2025-01-29,2025-01-28,C1019,Lakeshore Cleaning Services Inc.,3061.97,,2025-01
INV-250259,2025-01-29,2025-01-29,C1019,Lakeshore Cleaning Services Inc.,4981.0,,2025-01
INV-250260,2025-01-29,2025-01-29,C1024,North Coast Restaurants LLC,14157.17,,2025-01
INV-250261,2025-01-29,2025-01-29,C1025,Oak Ridge Office Parks,4266.81,Standing order,2025-01
INV-250262,2025-01-29,2025-01-29,C1030,Sandusky Marine and Supply,8109.7,,2025-01
INV-250263,2025-01-29,2025-01-29,C1035,Twinsburg Industrial Park LLC,20092.47,,2025-01
INV-250264,2025-01-29,2025-01-29,C1035,Twinsburg Industrial Park LLC,6321.56,Standing order,2025-01
INV-250265,2025-01-29,2025-01-29,C1038,Westlake Commercial Cleaning Company,14896.12,PO 46544,2025-01
INV-250266,2025-01-29,2025-01-28,C1038,Westlake Commercial Cleaning Company,2557.85,Standing order,2025-01
INV-250267,2025-01-29,2025-01-28,C1040,Youngstown Metal Works Inc.,3479.79,,2025-01
INV-250268,2025-01-30,2025-01-29,C1001,Allegheny Property Management LLC,12407.62,,2025-01
INV-250269,2025-01-30,2025-01-30,C1002,Bayview Medical Center Inc.,6475.44,Standing order,2025-01
INV-250270,2025-01-30,2025-01-30,C1002,Bayview Medical Center Inc.,5549.95,,2025-01
INV-250271,2025-01-30,2025-01-30,C1002,Bayview Medical Center Inc.,5308.31,,2025-01
INV-250272,2025-01-30,2025-01-30,C1003,Cardinal Hospitality Group LLC,6375.22,,2025-01
INV-250273,2025-01-30,2025-01-30,C1003,Cardinal Hospitality Group LLC,1627.21,PO 40448,2025-01
INV-250274,2025-01-30,2025-01-29,C1005,Clearwater Janitorial Company,4859.96,,2025-01
INV-250275,2025-01-30,2025-01-29,C1008,Evergreen Senior Living Inc.,5713.76,Standing order,2025-01
INV-250276,2025-01-30,2025-01-30,C1012,Great Lakes Logistics Inc.,5039.16,,2025-01
INV-250277,2025-01-30,2025-01-30,C1014,Harborview Apartments LLC,6297.8,,2025-01
INV-250278,2025-01-30,2025-01-30,C1014,Harborview Apartments LLC,7044.91,,2025-01
INV-250279,2025-01-30,2025-01-29,C1022,Medina Auto Group,10572.37,Standing order,2025-01
INV-250280,2025-01-30,2025-01-30,C1023,Midwest Stadium Services Inc.,13907.02,,2025-01
INV-250281,2025-01-30,2025-01-29,C1030,Sandusky Marine and Supply,18646.61,,2025-01
INV-250282,2025-01-30,2025-01-30,C1040,Youngstown Metal Works Inc.,14480.42,,2025-01
INV-250283,2025-01-31,2025-01-30,C1007,Eastgate Office Partners,1772.94,,2025-01
INV-250284,2025-01-31,2025-01-31,C1032,Stark County Services,10622.68,,2025-01
INV-250285,2025-01-31,2025-01-31,C1036,University Circle Services,2180.12,Standing order,2025-01
INV-250286,2025-01-31,2025-01-31,C1039,Willoughby Tech Center,15184.55,PO 46051,2025-01
INV-250287,2025-01-31,2025-01-30,C1040,Youngstown Metal Works Inc.,2630.27,,2025-01
INV-250288,2025-01-31,2025-01-31,C1040,Youngstown Metal Works Inc.,13375.24,Standing order,2025-01
INV-250289,2025-02-03,2025-02-02,C1002,Bayview Medical Center Inc.,8516.05,,2025-02
INV-250290,2025-02-03,2025-02-03,C1002,Bayview Medical Center Inc.,19988.13,,2025-02
INV-250291,2025-02-03,2025-02-02,C1006,Delmar Janitorial Services LLC,5883.73,,2025-02
INV-250292,2025-02-03,2025-02-03,C1008,Evergreen Senior Living Inc.,8010.54,,2025-02
INV-250293,2025-02-03,2025-02-03,C1011,Garfield Industrial Company,14558.21,,2025-02
INV-250294,2025-02-03,2025-02-02,C1014,Harborview Apartments LLC,14096.89,Standing order,2025-02
INV-250295,2025-02-03,2025-02-03,C1014,Harborview Apartments LLC,5508.69,Standing order,2025-02
INV-250296,2025-02-03,2025-02-02,C1018,Kent Valley Hospital,10689.26,Standing order,2025-02
INV-250297,2025-02-03,2025-02-03,C1023,Midwest Stadium Services Inc.,8427.52,,2025-02
INV-250298,2025-02-03,2025-02-03,C1024,North Coast Restaurants LLC,11215.15,,2025-02
INV-250299,2025-02-03,2025-02-02,C1025,Oak Ridge Office Parks,28177.97,PO 48140,2025-02
INV-250300,2025-02-03,2025-02-03,C1031,Shaker Square Retail Partners,14918.49,Standing order,2025-02
INV-250301,2025-02-03,2025-02-03,C1036,University Circle Services,39198.0,,2025-02
INV-250302,2025-02-03,2025-02-03,C1038,Westlake Commercial Cleaning Company,10662.83,Standing order,2025-02
INV-250303,2025-02-03,2025-02-03,C1038,Westlake Commercial Cleaning Company,6162.87,Standing order,2025-02
INV-250304,2025-02-03,2025-02-03,C1038,Westlake Commercial Cleaning Company,13805.16,Standing order,2025-02
INV-250305,2025-02-04,2025-02-04,C1002,Bayview Medical Center Inc.,17514.69,,2025-02
INV-250306,2025-02-04,2025-02-03,C1003,Cardinal Hospitality Group LLC,9675.27,Standing order,2025-02
INV-250307,2025-02-04,2025-02-04,C1007,Eastgate Office Partners,17020.52,,2025-02
INV-250308,2025-02-04,2025-02-04,C1008,Evergreen Senior Living Inc.,15688.9,,2025-02
INV-250309,2025-02-04,2025-02-04,C1018,Kent Valley Hospital,32504.44,Standing order,2025-02
INV-250310,2025-02-04,2025-02-03,C1026,Parma Community College,23390.36,PO 41783,2025-02
INV-250311,2025-02-04,2025-02-04,C1032,Stark County Services,11239.81,,2025-02
INV-250312,2025-02-04,2025-02-04,C1033,Summit Healthcare Group Inc.,12870.38,Standing order,2025-02
INV-250313,2025-02-04,2025-02-04,C1040,Youngstown Metal Works Inc.,5274.88,,2025-02
INV-250314,2025-02-05,2025-02-05,C1014,Harborview Apartments LLC,5759.32,,2025-02
INV-250315,2025-02-05,2025-02-05,C1014,Harborview Apartments LLC,1645.65,,2025-02
INV-250316,2025-02-05,2025-02-05,C1023,Midwest Stadium Services Inc.,7672.55,Standing order,2025-02
INV-250317,2025-02-05,2025-02-04,C1030,Sandusky Marine and Supply,6336.75,,2025-02
INV-250318,2025-02-05,2025-02-05,C1035,Twinsburg Industrial Park LLC,17794.76,PO 45129,2025-02
INV-250319,2025-02-05,2025-02-05,C1038,Westlake Commercial Cleaning Company,2263.67,PO 47963,2025-02
INV-250320,2025-02-05,2025-02-05,C1038,Westlake Commercial Cleaning Company,7284.07,PO 46683,2025-02
INV-250321,2025-02-06,2025-02-05,C1002,Bayview Medical Center Inc.,9847.46,,2025-02
INV-250322,2025-02-06,2025-02-06,C1002,Bayview Medical Center Inc.,18729.89,Standing order,2025-02
INV-250323,2025-02-06,2025-02-06,C1002,Bayview Medical Center Inc.,1032.24,,2025-02
INV-250324,2025-02-06,2025-02-06,C1008,Evergreen Senior Living Inc.,24389.25,,2025-02
INV-250325,2025-02-06,2025-02-06,C1012,Great Lakes Logistics Inc.,5866.93,,2025-02
INV-250326,2025-02-06,2025-02-06,C1026,Parma Community College,27092.49,Standing order,2025-02
INV-250327,2025-02-06,2025-02-05,C1027,Pinnacle Building Services Inc.,7527.77,,2025-02
INV-250328,2025-02-06,2025-02-06,C1029,Riverside Fitness Clubs LLC,3328.2,,2025-02
INV-250329,2025-02-06,2025-02-06,C1036,University Circle Services,12334.45,PO 40225,2025-02
INV-250330,2025-02-06,2025-02-05,C1040,Youngstown Metal Works Inc.,52176.39,,2025-02
INV-250331,2025-02-06,2025-02-05,C1040,Youngstown Metal Works Inc.,12819.79,Standing order,2025-02
INV-250332,2025-02-06,2025-02-06,C1040,Youngstown Metal Works Inc.,5745.71,,2025-02
INV-250333,2025-02-07,2025-02-07,C1007,Eastgate Office Partners,22764.64,,2025-02
INV-250334,2025-02-07,2025-02-06,C1011,Garfield Industrial Company,20117.71,PO 48441,2025-02
INV-250335,2025-02-07,2025-02-07,C1011,Garfield Industrial Company,6427.56,,2025-02
INV-250336,2025-02-07,2025-02-07,C1012,Great Lakes Logistics Inc.,7867.4,,2025-02
INV-250337,2025-02-07,2025-02-07,C1012,Great Lakes Logistics Inc.,6583.49,,2025-02
INV-250338,2025-02-07,2025-02-07,C1016,Highland Manufacturing Company,4500.47,,2025-02
INV-250339,2025-02-07,2025-02-06,C1020,Lorain Distribution Company,14612.56,PO 45263,2025-02
INV-250340,2025-02-07,2025-02-06,C1026,Parma Community College,1313.11,PO 40348,2025-02
INV-250341,2025-02-07,2025-02-07,C1030,Sandusky Marine and Supply,4263.52,,2025-02
INV-250342,2025-02-07,2025-02-07,C1031,Shaker Square Retail Partners,21467.89,,2025-02
INV-250343,2025-02-07,2025-02-07,C1034,Tri-State Warehouse Company,17812.7,,2025-02
INV-250344,2025-02-07,2025-02-07,C1035,Twinsburg Industrial Park LLC,16320.78,Standing order,2025-02
INV-250345,2025-02-07,2025-02-07,C1039,Willoughby Tech Center,8203.1,Standing order,2025-02
INV-250346,2025-02-10,2025-02-10,C1006,Delmar Janitorial Services LLC,5563.14,,2025-02
INV-250347,2025-02-10,2025-02-10,C1012,Great Lakes Logistics Inc.,23726.81,,2025-02
INV-250348,2025-02-10,2025-02-09,C1012,Great Lakes Logistics Inc.,6774.01,,2025-02
INV-250349,2025-02-10,2025-02-10,C1018,Kent Valley Hospital,3925.87,PO 43991,2025-02
INV-250350,2025-02-10,2025-02-09,C1025,Oak Ridge Office Parks,35818.62,,2025-02
INV-250351,2025-02-10,2025-02-10,C1026,Parma Community College,5387.92,,2025-02
INV-250352,2025-02-10,2025-02-09,C1030,Sandusky Marine and Supply,3366.86,PO 43084,2025-02
INV-250353,2025-02-10,2025-02-09,C1038,Westlake Commercial Cleaning Company,5190.18,,2025-02
INV-250354,2025-02-10,2025-02-10,C1040,Youngstown Metal Works Inc.,12893.19,,2025-02
INV-250355,2025-02-11,2025-02-10,C1002,Bayview Medical Center Inc.,9319.51,PO 49945,2025-02
INV-250356,2025-02-11,2025-02-11,C1004,Cedar Point Facility Services,9542.77,,2025-02
INV-250357,2025-02-11,2025-02-10,C1004,Cedar Point Facility Services,23564.97,,2025-02
INV-250358,2025-02-11,2025-02-11,C1005,Clearwater Janitorial Company,6143.05,PO 45705,2025-02
INV-250359,2025-02-11,2025-02-11,C1008,Evergreen Senior Living Inc.,15783.44,Standing order,2025-02
INV-250360,2025-02-11,2025-02-10,C1008,Evergreen Senior Living Inc.,2092.57,,2025-02
INV-250361,2025-02-11,2025-02-11,C1011,Garfield Industrial Company,30262.04,Standing order,2025-02
INV-250362,2025-02-11,2025-02-11,C1018,Kent Valley Hospital,3352.57,PO 40929,2025-02
INV-250363,2025-02-11,2025-02-11,C1022,Medina Auto Group,11544.8,,2025-02
INV-250364,2025-02-11,2025-02-10,C1023,Midwest Stadium Services Inc.,15027.21,,2025-02
INV-250365,2025-02-11,2025-02-11,C1025,Oak Ridge Office Parks,4606.52,Standing order,2025-02
INV-250366,2025-02-11,2025-02-11,C1030,Sandusky Marine and Supply,6544.85,,2025-02
INV-250367,2025-02-11,2025-02-11,C1035,Twinsburg Industrial Park LLC,22101.39,,2025-02
INV-250368,2025-02-12,2025-02-12,C1002,Bayview Medical Center Inc.,2821.73,Standing order,2025-02
INV-250369,2025-02-12,2025-02-11,C1012,Great Lakes Logistics Inc.,5519.08,,2025-02
INV-250370,2025-02-12,2025-02-11,C1012,Great Lakes Logistics Inc.,38033.89,,2025-02
INV-250371,2025-02-12,2025-02-12,C1016,Highland Manufacturing Company,4799.56,PO 48776,2025-02
INV-250372,2025-02-12,2025-02-12,C1033,Summit Healthcare Group Inc.,6712.14,PO 42928,2025-02
INV-250373,2025-02-12,2025-02-11,C1035,Twinsburg Industrial Park LLC,25204.29,,2025-02
INV-250374,2025-02-12,2025-02-12,C1040,Youngstown Metal Works Inc.,10410.2,,2025-02
INV-250375,2025-02-13,2025-02-12,C1003,Cardinal Hospitality Group LLC,35224.75,,2025-02
INV-250376,2025-02-13,2025-02-12,C1003,Cardinal Hospitality Group LLC,11101.37,Standing order,2025-02
INV-250377,2025-02-13,2025-02-12,C1003,Cardinal Hospitality Group LLC,7673.45,Standing order,2025-02
INV-250378,2025-02-13,2025-02-13,C1003,Cardinal Hospitality Group LLC,11290.2,,2025-02
INV-250379,2025-02-13,2025-02-13,C1011,Garfield Industrial Company,14630.07,,2025-02
INV-250380,2025-02-13,2025-02-13,C1012,Great Lakes Logistics Inc.,27219.71,Standing order,2025-02
INV-250381,2025-02-13,2025-02-12,C1018,Kent Valley Hospital,7214.72,PO 45658,2025-02
INV-250382,2025-02-13,2025-02-13,C1021,Maple Heights Facilities LLC,10313.95,PO 49300,2025-02
INV-250383,2025-02-13,2025-02-13,C1033,Summit Healthcare Group Inc.,6084.38,,2025-02
INV-250384,2025-02-13,2025-02-13,C1035,Twinsburg Industrial Park LLC,11972.61,,2025-02
INV-250385,2025-02-13,2025-02-13,C1035,Twinsburg Industrial Park LLC,9628.05,PO 44820,2025-02
INV-250386,2025-02-13,2025-02-13,C1040,Youngstown Metal Works Inc.,11171.86,,2025-02
INV-250387,2025-02-14,2025-02-14,C1011,Garfield Industrial Company,7052.61,PO 46948,2025-02
INV-250388,2025-02-14,2025-02-14,C1022,Medina Auto Group,4306.15,,2025-02
INV-250389,2025-02-14,2025-02-13,C1022,Medina Auto Group,10609.84,,2025-02
INV-250390,2025-02-14,2025-02-14,C1029,Riverside Fitness Clubs LLC,38641.46,,2025-02
INV-250391,2025-02-14,2025-02-14,C1030,Sandusky Marine and Supply,1284.24,,2025-02
INV-250392,2025-02-14,2025-02-13,C1033,Summit Healthcare Group Inc.,23574.96,PO 42990,2025-02
INV-250393,2025-02-14,2025-02-14,C1033,Summit Healthcare Group Inc.,6411.82,,2025-02
INV-250394,2025-02-14,2025-02-14,C1034,Tri-State Warehouse Company,7136.81,,2025-02
INV-250395,2025-02-14,2025-02-13,C1035,Twinsburg Industrial Park LLC,8383.41,,2025-02
INV-250396,2025-02-14,2025-02-13,C1038,Westlake Commercial Cleaning Company,5748.84,Standing order,2025-02
INV-250397,2025-02-17,2025-02-17,C1002,Bayview Medical Center Inc.,26437.24,,2025-02
INV-250398,2025-02-17,2025-02-17,C1002,Bayview Medical Center Inc.,6021.85,,2025-02
INV-250399,2025-02-17,2025-02-17,C1004,Cedar Point Facility Services,5485.96,,2025-02
INV-250400,2025-02-17,2025-02-17,C1014,Harborview Apartments LLC,4768.69,PO 45478,2025-02
INV-250401,2025-02-17,2025-02-17,C1019,Lakeshore Cleaning Services Inc.,5762.31,,2025-02
INV-250402,2025-02-17,2025-02-17,C1027,Pinnacle Building Services Inc.,4838.42,PO 44490,2025-02
INV-250403,2025-02-17,2025-02-17,C1035,Twinsburg Industrial Park LLC,3100.99,,2025-02
INV-250404,2025-02-17,2025-02-17,C1040,Youngstown Metal Works Inc.,3057.04,PO 48094,2025-02
INV-250405,2025-02-18,2025-02-18,C1002,Bayview Medical Center Inc.,15160.39,Standing order,2025-02
INV-250406,2025-02-18,2025-02-17,C1004,Cedar Point Facility Services,10508.68,,2025-02
INV-250407,2025-02-18,2025-02-18,C1005,Clearwater Janitorial Company,8727.13,,2025-02
INV-250408,2025-02-18,2025-02-18,C1012,Great Lakes Logistics Inc.,9550.06,Standing order,2025-02
INV-250409,2025-02-18,2025-02-18,C1013,Hamilton County Services,6109.41,,2025-02
INV-250410,2025-02-18,2025-02-17,C1018,Kent Valley Hospital,8415.03,,2025-02
INV-250411,2025-02-18,2025-02-17,C1022,Medina Auto Group,29044.29,,2025-02
INV-250412,2025-02-18,2025-02-18,C1026,Parma Community College,9274.28,Standing order,2025-02
INV-250413,2025-02-18,2025-02-18,C1026,Parma Community College,7020.01,,2025-02
INV-250414,2025-02-18,2025-02-18,C1026,Parma Community College,6271.08,PO 44300,2025-02
INV-250415,2025-02-18,2025-02-18,C1035,Twinsburg Industrial Park LLC,12909.81,,2025-02
INV-250416,2025-02-18,2025-02-18,C1035,Twinsburg Industrial Park LLC,8675.34,,2025-02
INV-250417,2025-02-18,2025-02-17,C1035,Twinsburg Industrial Park LLC,17866.17,,2025-02
INV-250418,2025-02-18,2025-02-18,C1040,Youngstown Metal Works Inc.,36423.57,Standing order,2025-02
INV-250419,2025-02-18,2025-02-18,C1040,Youngstown Metal Works Inc.,9415.61,Standing order,2025-02
INV-250420,2025-02-19,2025-02-19,C1002,Bayview Medical Center Inc.,8883.9,,2025-02
INV-250421,2025-02-19,2025-02-18,C1010,Forest City Hotels and Resorts,5162.38,,2025-02
INV-250422,2025-02-19,2025-02-19,C1010,Forest City Hotels and Resorts,11544.13,PO 49207,2025-02
INV-250423,2025-02-19,2025-02-18,C1011,Garfield Industrial Company,7214.59,,2025-02
INV-250424,2025-02-19,2025-02-18,C1012,Great Lakes Logistics Inc.,2754.62,,2025-02
INV-250425,2025-02-19,2025-02-18,C1014,Harborview Apartments LLC,11429.71,,2025-02
INV-250426,2025-02-19,2025-02-19,C1022,Medina Auto Group,7505.3,Standing order,2025-02
INV-250427,2025-02-19,2025-02-19,C1022,Medina Auto Group,16734.43,PO 42048,2025-02
INV-250428,2025-02-19,2025-02-19,C1022,Medina Auto Group,13915.85,,2025-02
INV-250429,2025-02-19,2025-02-18,C1023,Midwest Stadium Services Inc.,22926.09,,2025-02
INV-250430,2025-02-19,2025-02-19,C1025,Oak Ridge Office Parks,4838.19,PO 40727,2025-02
INV-250431,2025-02-19,2025-02-19,C1026,Parma Community College,7388.61,,2025-02
INV-250432,2025-02-19,2025-02-19,C1035,Twinsburg Industrial Park LLC,23277.72,Standing order,2025-02
INV-250433,2025-02-19,2025-02-19,C1035,Twinsburg Industrial Park LLC,5941.96,,2025-02
INV-250434,2025-02-19,2025-02-19,C1038,Westlake Commercial Cleaning Company,25451.81,,2025-02
INV-250435,2025-02-19,2025-02-19,C1038,Westlake Commercial Cleaning Company,8317.28,,2025-02
INV-250436,2025-02-19,2025-02-19,C1040,Youngstown Metal Works Inc.,1456.23,,2025-02
INV-250437,2025-02-20,2025-02-19,C1002,Bayview Medical Center Inc.,13798.22,,2025-02
INV-250438,2025-02-20,2025-02-20,C1009,Fairlawn Public Schools,4133.42,,2025-02
INV-250439,2025-02-20,2025-02-19,C1011,Garfield Industrial Company,1414.2,,2025-02
INV-250440,2025-02-20,2025-02-19,C1012,Great Lakes Logistics Inc.,3098.78,,2025-02
INV-250441,2025-02-20,2025-02-20,C1023,Midwest Stadium Services Inc.,2929.7,,2025-02
INV-250442,2025-02-20,2025-02-20,C1025,Oak Ridge Office Parks,6041.39,PO 47831,2025-02
INV-250443,2025-02-20,2025-02-20,C1025,Oak Ridge Office Parks,2949.9,Standing order,2025-02
INV-250444,2025-02-20,2025-02-20,C1026,Parma Community College,16179.5,Standing order,2025-02
INV-250445,2025-02-20,2025-02-19,C1035,Twinsburg Industrial Park LLC,2977.11,,2025-02
INV-250446,2025-02-20,2025-02-20,C1036,University Circle Services,9541.2,Standing order,2025-02
INV-250447,2025-02-20,2025-02-20,C1038,Westlake Commercial Cleaning Company,6031.23,Standing order,2025-02
INV-250448,2025-02-20,2025-02-19,C1039,Willoughby Tech Center,4508.06,PO 42765,2025-02
INV-250449,2025-02-20,2025-02-20,C1040,Youngstown Metal Works Inc.,9338.34,,2025-02
INV-250450,2025-02-21,2025-02-21,C1007,Eastgate Office Partners,14665.81,PO 42192,2025-02
INV-250451,2025-02-21,2025-02-21,C1008,Evergreen Senior Living Inc.,4045.63,,2025-02
INV-250452,2025-02-21,2025-02-20,C1011,Garfield Industrial Company,19850.99,Standing order,2025-02
INV-250453,2025-02-21,2025-02-21,C1025,Oak Ridge Office Parks,4562.85,,2025-02
INV-250454,2025-02-21,2025-02-21,C1026,Parma Community College,8975.33,Standing order,2025-02
INV-250455,2025-02-21,2025-02-21,C1027,Pinnacle Building Services Inc.,6942.04,,2025-02
INV-250456,2025-02-21,2025-02-21,C1032,Stark County Services,2427.13,Standing order,2025-02
INV-250457,2025-02-21,2025-02-21,C1038,Westlake Commercial Cleaning Company,4183.93,,2025-02
INV-250458,2025-02-21,2025-02-20,C1039,Willoughby Tech Center,3994.0,,2025-02
INV-250459,2025-02-24,2025-02-24,C1002,Bayview Medical Center Inc.,7543.71,PO 41846,2025-02
INV-250460,2025-02-24,2025-02-24,C1002,Bayview Medical Center Inc.,7944.9,Standing order,2025-02
INV-250461,2025-02-24,2025-02-23,C1011,Garfield Industrial Company,29609.32,,2025-02
INV-250462,2025-02-24,2025-02-23,C1014,Harborview Apartments LLC,32058.43,,2025-02
INV-250463,2025-02-24,2025-02-23,C1022,Medina Auto Group,18003.16,PO 42459,2025-02
INV-250464,2025-02-24,2025-02-24,C1022,Medina Auto Group,5441.57,PO 40795,2025-02
INV-250465,2025-02-24,2025-02-24,C1022,Medina Auto Group,1736.46,,2025-02
INV-250466,2025-02-24,2025-02-23,C1022,Medina Auto Group,5713.76,,2025-02
INV-250467,2025-02-24,2025-02-24,C1026,Parma Community College,29201.43,Standing order,2025-02
INV-250468,2025-02-24,2025-02-24,C1030,Sandusky Marine and Supply,10735.62,,2025-02
INV-250469,2025-02-24,2025-02-24,C1035,Twinsburg Industrial Park LLC,9971.89,,2025-02
INV-250470,2025-02-24,2025-02-24,C1038,Westlake Commercial Cleaning Company,18905.8,Standing order,2025-02
INV-250471,2025-02-24,2025-02-24,C1040,Youngstown Metal Works Inc.,3680.04,Standing order,2025-02
INV-250472,2025-02-24,2025-02-24,C1040,Youngstown Metal Works Inc.,35580.57,PO 41470,2025-02
INV-250473,2025-02-25,2025-02-24,C1014,Harborview Apartments LLC,2372.09,,2025-02
INV-250474,2025-02-25,2025-02-25,C1018,Kent Valley Hospital,7151.71,,2025-02
INV-250475,2025-02-25,2025-02-25,C1023,Midwest Stadium Services Inc.,45434.72,,2025-02
INV-250476,2025-02-25,2025-02-24,C1024,North Coast Restaurants LLC,95000.0,PO 44124,2025-02
INV-250477,2025-02-25,2025-02-25,C1025,Oak Ridge Office Parks,5111.54,,2025-02
INV-250478,2025-02-25,2025-02-25,C1031,Shaker Square Retail Partners,18646.26,Standing order,2025-02
INV-250479,2025-02-25,2025-02-24,C1031,Shaker Square Retail Partners,1634.35,,2025-02
INV-250480,2025-02-25,2025-02-25,C1035,Twinsburg Industrial Park LLC,6145.08,PO 43071,2025-02
INV-250481,2025-02-26,2025-02-26,C1002,Bayview Medical Center Inc.,11364.46,,2025-02
INV-250482,2025-02-26,2025-02-25,C1002,Bayview Medical Center Inc.,7150.42,,2025-02
INV-250483,2025-02-26,2025-02-26,C1011,Garfield Industrial Company,3792.1,,2025-02
INV-250484,2025-02-26,2025-02-26,C1011,Garfield Industrial Company,4005.43,,2025-02
INV-250485,2025-02-26,2025-02-25,C1012,Great Lakes Logistics Inc.,5426.03,,2025-02
INV-250486,2025-02-26,2025-02-26,C1015,Heritage Food Services Inc.,28440.08,,2025-02
INV-250487,2025-02-26,2025-02-26,C1018,Kent Valley Hospital,4091.91,,2025-02
INV-250488,2025-02-26,2025-02-25,C1026,Parma Community College,4898.9,,2025-02
INV-250489,2025-02-26,2025-02-25,C1028,Portage Cold Storage Company,2932.86,,2025-02
INV-250490,2025-02-26,2025-02-25,C1031,Shaker Square Retail Partners,3176.32,PO 48828,2025-02
INV-250491,2025-02-26,2025-02-26,C1035,Twinsburg Industrial Park LLC,5399.16,,2025-02
INV-250492,2025-02-26,2025-02-26,C1035,Twinsburg Industrial Park LLC,3676.42,PO 46112,2025-02
INV-250493,2025-02-26,2025-02-25,C1035,Twinsburg Industrial Park LLC,6370.02,,2025-02
INV-250494,2025-02-26,2025-02-26,C1035,Twinsburg Industrial Park LLC,20190.3,PO 47342,2025-02
INV-250495,2025-02-26,2025-02-26,C1036,University Circle Services,9742.05,,2025-02
INV-250496,2025-02-26,2025-02-25,C1040,Youngstown Metal Works Inc.,1172.38,,2025-02
INV-250497,2025-02-27,2025-02-27,C1004,Cedar Point Facility Services,3722.68,,2025-02
INV-250498,2025-02-27,2025-02-26,C1009,Fairlawn Public Schools,13943.27,PO 41907,2025-02
INV-250499,2025-02-27,2025-02-27,C1010,Forest City Hotels and Resorts,6723.07,,2025-02
INV-250500,2025-02-27,2025-02-26,C1012,Great Lakes Logistics Inc.,11072.46,,2025-02
INV-250501,2025-02-27,2025-02-27,C1018,Kent Valley Hospital,9965.96,PO 46591,2025-02
INV-250502,2025-02-27,2025-02-26,C1023,Midwest Stadium Services Inc.,12421.26,,2025-02
INV-250503,2025-02-27,2025-02-27,C1026,Parma Community College,2398.01,PO 41087,2025-02
INV-250504,2025-02-27,2025-02-26,C1038,Westlake Commercial Cleaning Company,16018.49,Standing order,2025-02
INV-250505,2025-02-28,2025-02-28,C1002,Bayview Medical Center Inc.,13834.23,PO 40832,2025-02
INV-250506,2025-02-28,2025-02-27,C1010,Forest City Hotels and Resorts,10148.26,,2025-02
INV-250507,2025-02-28,2025-02-28,C1011,Garfield Industrial Company,3064.31,Standing order,2025-02
INV-250508,2025-02-28,2025-02-28,C1011,Garfield Industrial Company,2395.02,,2025-02
INV-250509,2025-02-28,2025-02-28,C1011,Garfield Industrial Company,8553.09,PO 43810,2025-02
INV-250510,2025-02-28,2025-02-28,C1012,Great Lakes Logistics Inc.,2962.89,,2025-02
INV-250511,2025-02-28,2025-02-27,C1022,Medina Auto Group,27331.01,Standing order,2025-02
INV-250512,2025-02-28,2025-02-27,C1022,Medina Auto Group,8363.66,PO 48482,2025-02
INV-250513,2025-02-28,2025-02-28,C1022,Medina Auto Group,21710.32,,2025-02
INV-250514,2025-02-28,2025-02-27,C1025,Oak Ridge Office Parks,16714.29,,2025-02
INV-250515,2025-02-28,2025-02-28,C1026,Parma Community College,21094.84,,2025-02
INV-250516,2025-02-28,2025-02-28,C1030,Sandusky Marine and Supply,7943.77,Standing order,2025-02
INV-250517,2025-02-28,2025-02-27,C1035,Twinsburg Industrial Park LLC,18463.54,PO 48903,2025-02
INV-250518,2025-02-28,2025-02-28,C1037,Valley View Hotels Inc.,8865.13,,2025-02
INV-250519,2025-02-28,2025-02-28,C1038,Westlake Commercial Cleaning Company,16262.79,Standing order,2025-02
INV-250520,2025-02-28,2025-02-28,C1040,Youngstown Metal Works Inc.,4199.98,,2025-02
INV-250521,2025-03-03,2025-03-03,C1002,Bayview Medical Center Inc.,10579.12,,2025-03
INV-250522,2025-03-03,2025-03-03,C1008,Evergreen Senior Living Inc.,12679.01,,2025-03
INV-250523,2025-03-03,2025-03-02,C1010,Forest City Hotels and Resorts,7249.08,PO 44341,2025-03
INV-250524,2025-03-03,2025-03-03,C1012,Great Lakes Logistics Inc.,18516.76,,2025-03
INV-250525,2025-03-03,2025-03-03,C1019,Lakeshore Cleaning Services Inc.,2640.55,,2025-03
INV-250526,2025-03-03,2025-03-02,C1020,Lorain Distribution Company,17219.05,,2025-03
INV-250527,2025-03-03,2025-03-03,C1022,Medina Auto Group,14693.96,,2025-03
INV-250528,2025-03-03,2025-03-03,C1027,Pinnacle Building Services Inc.,12939.56,PO 41856,2025-03
INV-250529,2025-03-03,2025-03-02,C1035,Twinsburg Industrial Park LLC,3908.29,,2025-03
INV-250530,2025-03-03,2025-03-03,C1038,Westlake Commercial Cleaning Company,22199.9,,2025-03
INV-250531,2025-03-03,2025-03-03,C1040,Youngstown Metal Works Inc.,8117.15,,2025-03
INV-250532,2025-03-03,2025-03-03,C1040,Youngstown Metal Works Inc.,5724.42,PO 44748,2025-03
INV-250533,2025-03-03,2025-03-03,C1040,Youngstown Metal Works Inc.,24331.94,,2025-03
INV-250534,2025-03-04,2025-03-03,C1002,Bayview Medical Center Inc.,18234.6,Standing order,2025-03
INV-250535,2025-03-04,2025-03-04,C1008,Evergreen Senior Living Inc.,11284.07,Standing order,2025-03
INV-250536,2025-03-04,2025-03-03,C1011,Garfield Industrial Company,7471.1,,2025-03
INV-250537,2025-03-04,2025-03-04,C1015,Heritage Food Services Inc.,19378.02,,2025-03
INV-250538,2025-03-04,2025-03-04,C1028,Portage Cold Storage Company,19444.81,Standing order,2025-03
INV-250539,2025-03-04,2025-03-04,C1030,Sandusky Marine and Supply,2943.36,PO 49206,2025-03
INV-250540,2025-03-04,2025-03-03,C1036,University Circle Services,23201.53,,2025-03
INV-250541,2025-03-04,2025-03-03,C1040,Youngstown Metal Works Inc.,15487.66,,2025-03
INV-250542,2025-03-04,2025-03-04,C1040,Youngstown Metal Works Inc.,6642.86,PO 48912,2025-03
INV-250543,2025-03-05,2025-03-05,C1002,Bayview Medical Center Inc.,1112.79,,2025-03
INV-250544,2025-03-05,2025-03-05,C1002,Bayview Medical Center Inc.,7687.29,Standing order,2025-03
INV-250545,2025-03-05,2025-03-05,C1010,Forest City Hotels and Resorts,4730.38,Standing order,2025-03
INV-250546,2025-03-05,2025-03-05,C1014,Harborview Apartments LLC,1383.14,,2025-03
INV-250547,2025-03-05,2025-03-05,C1018,Kent Valley Hospital,5331.09,,2025-03
INV-250548,2025-03-05,2025-03-04,C1024,North Coast Restaurants LLC,4672.24,,2025-03
INV-250549,2025-03-05,2025-03-05,C1040,Youngstown Metal Works Inc.,6384.84,,2025-03
INV-250550,2025-03-05,2025-03-05,C1040,Youngstown Metal Works Inc.,5452.96,,2025-03
INV-250551,2025-03-06,2025-03-06,C1004,Cedar Point Facility Services,5058.62,Standing order,2025-03
INV-250552,2025-03-06,2025-03-06,C1005,Clearwater Janitorial Company,36876.26,Standing order,2025-03
INV-250553,2025-03-06,2025-03-05,C1012,Great Lakes Logistics Inc.,5669.94,,2025-03
INV-250554,2025-03-06,2025-03-06,C1014,Harborview Apartments LLC,20452.43,,2025-03
INV-250555,2025-03-06,2025-03-06,C1015,Heritage Food Services Inc.,27648.17,,2025-03
INV-250556,2025-03-06,2025-03-06,C1017,Ironwood Property Services,13000.31,,2025-03
INV-250557,2025-03-06,2025-03-06,C1020,Lorain Distribution Company,5735.33,,2025-03
INV-250558,2025-03-06,2025-03-06,C1020,Lorain Distribution Company,1979.36,PO 40761,2025-03
INV-250559,2025-03-06,2025-03-06,C1023,Midwest Stadium Services Inc.,13869.27,,2025-03
INV-250560,2025-03-06,2025-03-06,C1023,Midwest Stadium Services Inc.,7413.86,,2025-03
INV-250561,2025-03-06,2025-03-05,C1033,Summit Healthcare Group Inc.,2075.77,,2025-03
INV-250562,2025-03-06,2025-03-06,C1039,Willoughby Tech Center,4299.49,,2025-03
INV-250563,2025-03-06,2025-03-06,C1040,Youngstown Metal Works Inc.,12170.55,PO 42025,2025-03
INV-250564,2025-03-06,2025-03-05,C1040,Youngstown Metal Works Inc.,14293.8,Standing order,2025-03
INV-250565,2025-03-06,2025-03-06,C1040,Youngstown Metal Works Inc.,3853.47,Standing order,2025-03
INV-250566,2025-03-07,2025-03-07,C1004,Cedar Point Facility Services,6249.27,PO 46632,2025-03
INV-250567,2025-03-07,2025-03-07,C1004,Cedar Point Facility Services,17115.65,,2025-03
INV-250568,2025-03-07,2025-03-06,C1008,Evergreen Senior Living Inc.,16426.84,,2025-03
INV-250569,2025-03-07,2025-03-07,C1011,Garfield Industrial Company,10916.38,Standing order,2025-03
INV-250570,2025-03-07,2025-03-07,C1022,Medina Auto Group,10831.48,,2025-03
INV-250571,2025-03-07,2025-03-07,C1023,Midwest Stadium Services Inc.,7097.03,Standing order,2025-03
INV-250572,2025-03-07,2025-03-07,C1025,Oak Ridge Office Parks,21688.02,,2025-03
INV-250573,2025-03-07,2025-03-07,C1026,Parma Community College,8012.77,,2025-03
INV-250574,2025-03-07,2025-03-07,C1028,Portage Cold Storage Company,6126.53,,2025-03
INV-250575,2025-03-07,2025-03-07,C1035,Twinsburg Industrial Park LLC,16705.12,PO 46863,2025-03
INV-250576,2025-03-07,2025-03-07,C1040,Youngstown Metal Works Inc.,23759.33,PO 40190,2025-03
INV-250577,2025-03-07,2025-03-06,C1040,Youngstown Metal Works Inc.,4907.68,,2025-03
INV-250578,2025-03-07,2025-03-07,C1040,Youngstown Metal Works Inc.,6494.18,Standing order,2025-03
INV-250579,2025-03-10,2025-03-10,C1004,Cedar Point Facility Services,10194.6,,2025-03
INV-250580,2025-03-10,2025-03-10,C1008,Evergreen Senior Living Inc.,4773.85,Standing order,2025-03
INV-250581,2025-03-10,2025-03-09,C1010,Forest City Hotels and Resorts,3115.62,PO 40630,2025-03
INV-250582,2025-03-10,2025-03-10,C1011,Garfield Industrial Company,1536.33,Standing order,2025-03
INV-250583,2025-03-10,2025-03-09,C1012,Great Lakes Logistics Inc.,2898.44,PO 40993,2025-03
INV-250584,2025-03-10,2025-03-09,C1012,Great Lakes Logistics Inc.,31383.71,,2025-03
INV-250585,2025-03-10,2025-03-10,C1015,Heritage Food Services Inc.,13209.79,PO 44769,2025-03
INV-250586,2025-03-10,2025-03-10,C1016,Highland Manufacturing Company,9552.05,,2025-03
INV-250587,2025-03-10,2025-03-10,C1018,Kent Valley Hospital,4867.27,,2025-03
INV-250588,2025-03-10,2025-03-10,C1019,Lakeshore Cleaning Services Inc.,4310.99,,2025-03
INV-250589,2025-03-10,2025-03-09,C1025,Oak Ridge Office Parks,19277.83,Standing order,2025-03
INV-250590,2025-03-10,2025-03-10,C1028,Portage Cold Storage Company,9438.1,,2025-03
INV-250591,2025-03-10,2025-03-10,C1035,Twinsburg Industrial Park LLC,7960.46,,2025-03
INV-250592,2025-03-11,2025-03-11,C1008,Evergreen Senior Living Inc.,11138.93,,2025-03
INV-250593,2025-03-11,2025-03-10,C1012,Great Lakes Logistics Inc.,22788.56,,2025-03
INV-250594,2025-03-11,2025-03-10,C1016,Highland Manufacturing Company,25438.14,,2025-03
INV-250595,2025-03-11,2025-03-10,C1018,Kent Valley Hospital,1575.91,PO 47616,2025-03
INV-250596,2025-03-11,2025-03-11,C1018,Kent Valley Hospital,23137.68,,2025-03
INV-250597,2025-03-11,2025-03-10,C1018,Kent Valley Hospital,5651.06,,2025-03
INV-250598,2025-03-11,2025-03-11,C1025,Oak Ridge Office Parks,3491.18,Standing order,2025-03
INV-250599,2025-03-11,2025-03-11,C1026,Parma Community College,6532.77,,2025-03
INV-250600,2025-03-11,2025-03-10,C1030,Sandusky Marine and Supply,8671.04,,2025-03
INV-250601,2025-03-11,2025-03-11,C1034,Tri-State Warehouse Company,3322.15,PO 44609,2025-03
INV-250602,2025-03-11,2025-03-11,C1035,Twinsburg Industrial Park LLC,29898.05,Standing order,2025-03
INV-250603,2025-03-11,2025-03-11,C1038,Westlake Commercial Cleaning Company,9519.34,,2025-03
INV-250604,2025-03-11,2025-03-11,C1038,Westlake Commercial Cleaning Company,12877.15,PO 40750,2025-03
INV-250605,2025-03-11,2025-03-11,C1038,Westlake Commercial Cleaning Company,3787.54,PO 44942,2025-03
INV-250606,2025-03-12,2025-03-12,C1001,Allegheny Property Management LLC,7478.68,,2025-03
INV-250607,2025-03-12,2025-03-12,C1002,Bayview Medical Center Inc.,6192.4,PO 40939,2025-03
INV-250608,2025-03-12,2025-03-12,C1003,Cardinal Hospitality Group LLC,9019.13,PO 48480,2025-03
INV-250609,2025-03-12,2025-03-12,C1014,Harborview Apartments LLC,2958.35,PO 45337,2025-03
INV-250610,2025-03-12,2025-03-12,C1033,Summit Healthcare Group Inc.,3864.15,PO 48091,2025-03
INV-250611,2025-03-12,2025-03-12,C1035,Twinsburg Industrial Park LLC,14684.68,Standing order,2025-03
INV-250612,2025-03-12,2025-03-12,C1036,University Circle Services,10289.82,,2025-03
INV-250613,2025-03-12,2025-03-12,C1037,Valley View Hotels Inc.,4773.32,Standing order,2025-03
INV-250614,2025-03-12,2025-03-12,C1038,Westlake Commercial Cleaning Company,2529.29,,2025-03
INV-250615,2025-03-12,2025-03-12,C1040,Youngstown Metal Works Inc.,8281.75,,2025-03
INV-250616,2025-03-13,2025-03-13,C1005,Clearwater Janitorial Company,7449.18,,2025-03
INV-250617,2025-03-13,2025-03-13,C1011,Garfield Industrial Company,95000.0,,2025-03
INV-250618,2025-03-13,2025-03-13,C1011,Garfield Industrial Company,5481.34,,2025-03
INV-250619,2025-03-13,2025-03-12,C1012,Great Lakes Logistics Inc.,8688.5,PO 48243,2025-03
INV-250620,2025-03-13,2025-03-13,C1015,Heritage Food Services Inc.,7825.55,PO 46808,2025-03
INV-250621,2025-03-13,2025-03-13,C1018,Kent Valley Hospital,8571.85,,2025-03
INV-250622,2025-03-13,2025-03-12,C1018,Kent Valley Hospital,11350.06,Standing order,2025-03
INV-250623,2025-03-13,2025-03-13,C1019,Lakeshore Cleaning Services Inc.,3557.64,,2025-03
INV-250624,2025-03-13,2025-03-13,C1022,Medina Auto Group,10600.38,,2025-03
INV-250625,2025-03-13,2025-03-13,C1025,Oak Ridge Office Parks,2955.42,,2025-03
INV-250626,2025-03-13,2025-03-12,C1026,Parma Community College,1680.1,PO 42255,2025-03
INV-250627,2025-03-13,2025-03-13,C1026,Parma Community College,4020.47,,2025-03
INV-250628,2025-03-13,2025-03-13,C1026,Parma Community College,16054.71,PO 48655,2025-03
INV-250629,2025-03-13,2025-03-13,C1027,Pinnacle Building Services Inc.,14832.34,,2025-03
INV-250630,2025-03-13,2025-03-13,C1032,Stark County Services,23228.46,,2025-03
INV-250631,2025-03-13,2025-03-13,C1033,Summit Healthcare Group Inc.,1309.58,,2025-03
INV-250632,2025-03-13,2025-03-13,C1035,Twinsburg Industrial Park LLC,31270.65,Standing order,2025-03
INV-250633,2025-03-13,2025-03-13,C1036,University Circle Services,18836.0,Standing order,2025-03
INV-250634,2025-03-13,2025-03-12,C1036,University Circle Services,22745.98,,2025-03
INV-250635,2025-03-13,2025-03-13,C1036,University Circle Services,2227.3,,2025-03
INV-250636,2025-03-13,2025-03-13,C1038,Westlake Commercial Cleaning Company,3634.05,PO 41680,2025-03
INV-250637,2025-03-13,2025-03-12,C1038,Westlake Commercial Cleaning Company,8443.18,Standing order,2025-03
INV-250638,2025-03-13,2025-03-12,C1038,Westlake Commercial Cleaning Company,16711.3,PO 45971,2025-03
INV-250639,2025-03-13,2025-03-13,C1040,Youngstown Metal Works Inc.,8345.23,,2025-03
INV-250640,2025-03-14,2025-03-14,C1002,Bayview Medical Center Inc.,2434.6,,2025-03
INV-250641,2025-03-14,2025-03-14,C1002,Bayview Medical Center Inc.,5555.04,,2025-03
INV-250642,2025-03-14,2025-03-14,C1002,Bayview Medical Center Inc.,11311.39,,2025-03
INV-250643,2025-03-14,2025-03-14,C1007,Eastgate Office Partners,2283.3,Standing order,2025-03
INV-250644,2025-03-14,2025-03-14,C1009,Fairlawn Public Schools,7218.39,,2025-03
INV-250645,2025-03-14,2025-03-13,C1014,Harborview Apartments LLC,28169.16,,2025-03
INV-250646,2025-03-14,2025-03-14,C1025,Oak Ridge Office Parks,2825.48,,2025-03
INV-250647,2025-03-14,2025-03-13,C1030,Sandusky Marine and Supply,3890.1,,2025-03
INV-250648,2025-03-14,2025-03-14,C1030,Sandusky Marine and Supply,7052.22,,2025-03
INV-250649,2025-03-14,2025-03-14,C1033,Summit Healthcare Group Inc.,20722.8,,2025-03
INV-250650,2025-03-14,2025-03-14,C1033,Summit Healthcare Group Inc.,6826.9,,2025-03
INV-250651,2025-03-14,2025-03-14,C1038,Westlake Commercial Cleaning Company,9883.03,,2025-03
INV-250652,2025-03-14,2025-03-13,C1040,Youngstown Metal Works Inc.,20758.04,Standing order,2025-03
INV-250653,2025-03-14,2025-03-14,C1040,Youngstown Metal Works Inc.,14354.81,,2025-03
INV-250654,2025-03-14,2025-03-14,C1040,Youngstown Metal Works Inc.,7457.32,,2025-03
INV-250655,2025-03-17,2025-03-17,C1002,Bayview Medical Center Inc.,14535.99,,2025-03
INV-250656,2025-03-17,2025-03-17,C1002,Bayview Medical Center Inc.,10287.89,Standing order,2025-03
INV-250657,2025-03-17,2025-03-17,C1008,Evergreen Senior Living Inc.,5460.36,,2025-03
INV-250658,2025-03-17,2025-03-17,C1008,Evergreen Senior Living Inc.,1436.61,,2025-03
INV-250659,2025-03-17,2025-03-17,C1011,Garfield Industrial Company,5031.27,,2025-03
INV-250660,2025-03-17,2025-03-17,C1023,Midwest Stadium Services Inc.,21786.2,,2025-03
INV-250661,2025-03-17,2025-03-16,C1025,Oak Ridge Office Parks,11457.79,,2025-03
INV-250662,2025-03-17,2025-03-16,C1026,Parma Community College,4543.57,Standing order,2025-03
INV-250663,2025-03-17,2025-03-16,C1032,Stark County Services,6145.34,Standing order,2025-03
INV-250664,2025-03-17,2025-03-17,C1035,Twinsburg Industrial Park LLC,12407.8,,2025-03
INV-250665,2025-03-17,2025-03-16,C1036,University Circle Services,4297.86,,2025-03
INV-250666,2025-03-17,2025-03-17,C1036,University Circle Services,19031.66,PO 49540,2025-03
INV-250667,2025-03-18,2025-03-17,C1002,Bayview Medical Center Inc.,3063.96,,2025-03
INV-250668,2025-03-18,2025-03-18,C1003,Cardinal Hospitality Group LLC,3663.54,,2025-03
INV-250669,2025-03-18,2025-03-18,C1005,Clearwater Janitorial Company,9110.17,,2025-03
INV-250670,2025-03-18,2025-03-18,C1005,Clearwater Janitorial Company,6055.2,,2025-03
INV-250671,2025-03-18,2025-03-18,C1007,Eastgate Office Partners,5172.82,PO 43631,2025-03
INV-250672,2025-03-18,2025-03-18,C1009,Fairlawn Public Schools,16646.31,,2025-03
INV-250673,2025-03-18,2025-03-18,C1011,Garfield Industrial Company,29968.58,,2025-03
INV-250674,2025-03-18,2025-03-18,C1015,Heritage Food Services Inc.,14891.33,,2025-03
INV-250675,2025-03-18,2025-03-18,C1020,Lorain Distribution Company,3431.53,,2025-03
INV-250676,2025-03-18,2025-03-18,C1025,Oak Ridge Office Parks,17906.88,Standing order,2025-03
INV-250677,2025-03-18,2025-03-17,C1026,Parma Community College,37010.45,,2025-03
INV-250678,2025-03-18,2025-03-18,C1026,Parma Community College,4584.65,,2025-03
INV-250679,2025-03-18,2025-03-17,C1033,Summit Healthcare Group Inc.,11219.26,,2025-03
INV-250680,2025-03-18,2025-03-18,C1033,Summit Healthcare Group Inc.,3540.11,,2025-03
INV-250681,2025-03-18,2025-03-17,C1034,Tri-State Warehouse Company,7892.05,Standing order,2025-03
INV-250682,2025-03-18,2025-03-18,C1036,University Circle Services,7654.09,,2025-03
INV-250683,2025-03-18,2025-03-18,C1038,Westlake Commercial Cleaning Company,8162.1,PO 42693,2025-03
INV-250684,2025-03-18,2025-03-18,C1039,Willoughby Tech Center,5719.53,PO 47758,2025-03
INV-250685,2025-03-18,2025-03-18,C1040,Youngstown Metal Works Inc.,14578.89,PO 43402,2025-03
INV-250686,2025-03-18,2025-03-18,C1040,Youngstown Metal Works Inc.,5090.15,,2025-03
INV-250687,2025-03-18,2025-03-18,C1040,Youngstown Metal Works Inc.,5308.79,PO 40937,2025-03
INV-250688,2025-03-19,2025-03-19,C1003,Cardinal Hospitality Group LLC,16549.6,Standing order,2025-03
INV-250689,2025-03-19,2025-03-19,C1008,Evergreen Senior Living Inc.,4204.86,Standing order,2025-03
INV-250690,2025-03-19,2025-03-18,C1009,Fairlawn Public Schools,11246.02,PO 44601,2025-03
INV-250691,2025-03-19,2025-03-19,C1011,Garfield Industrial Company,5006.56,,2025-03
INV-250692,2025-03-19,2025-03-19,C1022,Medina Auto Group,3055.87,PO 44063,2025-03
INV-250693,2025-03-19,2025-03-19,C1026,Parma Community College,9968.72,,2025-03
INV-250694,2025-03-19,2025-03-19,C1026,Parma Community College,10699.56,Standing order,2025-03
INV-250695,2025-03-19,2025-03-18,C1030,Sandusky Marine and Supply,6731.78,PO 46584,2025-03
INV-250696,2025-03-19,2025-03-18,C1030,Sandusky Marine and Supply,13843.96,Standing order,2025-03
INV-250697,2025-03-19,2025-03-18,C1033,Summit Healthcare Group Inc.,6753.81,Standing order,2025-03
INV-250698,2025-03-19,2025-03-19,C1035,Twinsburg Industrial Park LLC,3983.77,,2025-03
INV-250699,2025-03-19,2025-03-19,C1036,University Circle Services,2942.73,PO 47817,2025-03
INV-250700,2025-03-19,2025-03-19,C1037,Valley View Hotels Inc.,21493.15,,2025-03
INV-250701,2025-03-19,2025-03-18,C1038,Westlake Commercial Cleaning Company,4338.12,PO 43103,2025-03
INV-250702,2025-03-19,2025-03-19,C1038,Westlake Commercial Cleaning Company,26979.59,PO 47083,2025-03
INV-250703,2025-03-19,2025-03-19,C1040,Youngstown Metal Works Inc.,2725.19,Standing order,2025-03
INV-250704,2025-03-20,2025-03-19,C1010,Forest City Hotels and Resorts,4006.72,,2025-03
INV-250705,2025-03-20,2025-03-19,C1012,Great Lakes Logistics Inc.,3422.63,,2025-03
INV-250706,2025-03-20,2025-03-20,C1017,Ironwood Property Services,21516.58,,2025-03
INV-250707,2025-03-20,2025-03-20,C1018,Kent Valley Hospital,3433.66,,2025-03
INV-250708,2025-03-20,2025-03-20,C1025,Oak Ridge Office Parks,11577.03,,2025-03
INV-250709,2025-03-20,2025-03-20,C1026,Parma Community College,63720.27,,2025-03
INV-250710,2025-03-20,2025-03-20,C1035,Twinsburg Industrial Park LLC,8754.91,PO 48032,2025-03
INV-250711,2025-03-21,2025-03-21,C1002,Bayview Medical Center Inc.,4226.4,,2025-03
INV-250712,2025-03-21,2025-03-21,C1002,Bayview Medical Center Inc.,11450.51,,2025-03
INV-250713,2025-03-21,2025-03-21,C1004,Cedar Point Facility Services,8133.6,Standing order,2025-03
INV-250714,2025-03-21,2025-03-20,C1004,Cedar Point Facility Services,4752.66,PO 40448,2025-03
INV-250715,2025-03-21,2025-03-21,C1012,Great Lakes Logistics Inc.,12861.57,,2025-03
INV-250716,2025-03-21,2025-03-21,C1023,Midwest Stadium Services Inc.,3346.05,Standing order,2025-03
INV-250717,2025-03-21,2025-03-21,C1033,Summit Healthcare Group Inc.,12841.19,,2025-03
INV-250718,2025-03-21,2025-03-21,C1033,Summit Healthcare Group Inc.,9970.71,,2025-03
INV-250719,2025-03-21,2025-03-20,C1038,Westlake Commercial Cleaning Company,2145.45,Standing order,2025-03
INV-250720,2025-03-24,2025-03-24,C1002,Bayview Medical Center Inc.,8175.39,PO 46494,2025-03
INV-250721,2025-03-24,2025-03-23,C1008,Evergreen Senior Living Inc.,6159.66,Standing order,2025-03
INV-250722,2025-03-24,2025-03-24,C1010,Forest City Hotels and Resorts,11203.89,,2025-03
INV-250723,2025-03-24,2025-03-23,C1011,Garfield Industrial Company,7187.07,,2025-03
INV-250724,2025-03-24,2025-03-24,C1016,Highland Manufacturing Company,2382.4,,2025-03
INV-250725,2025-03-24,2025-03-24,C1024,North Coast Restaurants LLC,5410.51,,2025-03
INV-250726,2025-03-24,2025-03-23,C1025,Oak Ridge Office Parks,13120.27,PO 48856,2025-03
INV-250727,2025-03-24,2025-03-24,C1025,Oak Ridge Office Parks,11063.18,PO 40751,2025-03
INV-250728,2025-03-24,2025-03-24,C1026,Parma Community College,3579.49,PO 41314,2025-03
INV-250729,2025-03-24,2025-03-24,C1036,University Circle Services,7768.1,,2025-03
INV-250730,2025-03-24,2025-03-24,C1038,Westlake Commercial Cleaning Company,12058.07,PO 49505,2025-03
INV-250731,2025-03-25,2025-03-25,C1002,Bayview Medical Center Inc.,10765.74,,2025-03
INV-250732,2025-03-25,2025-03-25,C1002,Bayview Medical Center Inc.,21588.45,,2025-03
INV-250733,2025-03-25,2025-03-25,C1003,Cardinal Hospitality Group LLC,7343.9,,2025-03
INV-250734,2025-03-25,2025-03-24,C1004,Cedar Point Facility Services,43594.4,PO 40719,2025-03
INV-250735,2025-03-25,2025-03-25,C1006,Delmar Janitorial Services LLC,19972.68,,2025-03
INV-250736,2025-03-25,2025-03-25,C1014,Harborview Apartments LLC,5101.2,PO 46898,2025-03
INV-250737,2025-03-25,2025-03-25,C1019,Lakeshore Cleaning Services Inc.,8391.0,,2025-03
INV-250738,2025-03-25,2025-03-25,C1022,Medina Auto Group,4729.96,PO 42638,2025-03
INV-250739,2025-03-25,2025-03-25,C1026,Parma Community College,26895.76,,2025-03
INV-250740,2025-03-25,2025-03-25,C1027,Pinnacle Building Services Inc.,20830.23,,2025-03
INV-250741,2025-03-25,2025-03-25,C1035,Twinsburg Industrial Park LLC,49308.27,,2025-03
INV-250742,2025-03-25,2025-03-25,C1038,Westlake Commercial Cleaning Company,6950.39,PO 44177,2025-03
INV-250743,2025-03-25,2025-03-24,C1038,Westlake Commercial Cleaning Company,3647.27,,2025-03
INV-250744,2025-03-26,2025-03-25,C1002,Bayview Medical Center Inc.,4707.94,,2025-03
INV-250745,2025-03-26,2025-03-25,C1003,Cardinal Hospitality Group LLC,8152.88,,2025-03
INV-250746,2025-03-26,2025-03-26,C1007,Eastgate Office Partners,4226.09,,2025-03
INV-250747,2025-03-26,2025-03-26,C1007,Eastgate Office Partners,8033.29,,2025-03
INV-250748,2025-03-26,2025-03-25,C1011,Garfield Industrial Company,10161.62,,2025-03
INV-250749,2025-03-26,2025-03-25,C1012,Great Lakes Logistics Inc.,9318.81,Standing order,2025-03
INV-250750,2025-03-26,2025-03-25,C1014,Harborview Apartments LLC,13642.73,,2025-03
INV-250751,2025-03-26,2025-03-26,C1016,Highland Manufacturing Company,2979.02,Standing order,2025-03
INV-250752,2025-03-26,2025-03-26,C1016,Highland Manufacturing Company,11244.99,,2025-03
INV-250753,2025-03-26,2025-03-26,C1016,Highland Manufacturing Company,5414.29,,2025-03
INV-250754,2025-03-26,2025-03-25,C1025,Oak Ridge Office Parks,5597.19,Standing order,2025-03
INV-250755,2025-03-26,2025-03-26,C1026,Parma Community College,21769.75,Standing order,2025-03
INV-250756,2025-03-26,2025-03-25,C1028,Portage Cold Storage Company,13230.27,,2025-03
INV-250757,2025-03-26,2025-03-26,C1032,Stark County Services,16475.47,,2025-03
INV-250758,2025-03-26,2025-03-25,C1035,Twinsburg Industrial Park LLC,13770.51,,2025-03
INV-250759,2025-03-26,2025-03-26,C1036,University Circle Services,10320.65,,2025-03
INV-250760,2025-03-26,2025-03-25,C1038,Westlake Commercial Cleaning Company,10344.86,,2025-03
INV-250761,2025-03-26,2025-03-26,C1038,Westlake Commercial Cleaning Company,34102.18,,2025-03
INV-250762,2025-03-26,2025-03-25,C1040,Youngstown Metal Works Inc.,35085.12,,2025-03
INV-250763,2025-03-27,2025-03-27,C1002,Bayview Medical Center Inc.,12934.26,PO 43702,2025-03
INV-250764,2025-03-27,2025-03-27,C1002,Bayview Medical Center Inc.,12721.45,PO 40333,2025-03
INV-250765,2025-03-27,2025-03-27,C1002,Bayview Medical Center Inc.,9602.89,,2025-03
INV-250766,2025-03-27,2025-03-26,C1004,Cedar Point Facility Services,23322.95,,2025-03
INV-250767,2025-03-27,2025-03-27,C1004,Cedar Point Facility Services,3565.64,Standing order,2025-03
INV-250768,2025-03-27,2025-03-27,C1007,Eastgate Office Partners,2483.51,PO 40255,2025-03
INV-250769,2025-03-27,2025-03-27,C1010,Forest City Hotels and Resorts,4666.75,PO 41991,2025-03
INV-250770,2025-03-27,2025-03-26,C1010,Forest City Hotels and Resorts,2571.87,,2025-03
INV-250771,2025-03-27,2025-03-27,C1011,Garfield Industrial Company,3927.84,PO 46446,2025-03
INV-250772,2025-03-27,2025-03-27,C1015,Heritage Food Services Inc.,9459.97,,2025-03
INV-250773,2025-03-27,2025-03-27,C1018,Kent Valley Hospital,6490.35,PO 44481,2025-03
INV-250774,2025-03-27,2025-03-27,C1025,Oak Ridge Office Parks,9659.8,PO 41579,2025-03
INV-250775,2025-03-27,2025-03-27,C1026,Parma Community College,15730.44,,2025-03
INV-250776,2025-03-27,2025-03-26,C1033,Summit Healthcare Group Inc.,5610.14,,2025-03
INV-250777,2025-03-27,2025-03-27,C1035,Twinsburg Industrial Park LLC,9644.68,,2025-03
INV-250778,2025-03-27,2025-03-26,C1037,Valley View Hotels Inc.,7997.53,Standing order,2025-03
INV-250779,2025-03-27,2025-03-27,C1038,Westlake Commercial Cleaning Company,44863.65,,2025-03
INV-250780,2025-03-27,2025-03-26,C1038,Westlake Commercial Cleaning Company,15306.41,Standing order,2025-03
INV-250781,2025-03-28,2025-03-27,C1004,Cedar Point Facility Services,46524.17,,2025-03
INV-250782,2025-03-28,2025-03-28,C1010,Forest City Hotels and Resorts,3037.88,,2025-03
INV-250783,2025-03-28,2025-03-27,C1011,Garfield Industrial Company,2126.13,,2025-03
INV-250784,2025-03-28,2025-03-28,C1012,Great Lakes Logistics Inc.,16414.38,,2025-03
INV-250785,2025-03-28,2025-03-28,C1014,Harborview Apartments LLC,25371.58,,2025-03
INV-250786,2025-03-28,2025-03-28,C1022,Medina Auto Group,7282.68,,2025-03
INV-250787,2025-03-28,2025-03-28,C1024,North Coast Restaurants LLC,24344.27,PO 46156,2025-03
INV-250788,2025-03-28,2025-03-28,C1028,Portage Cold Storage Company,4041.79,,2025-03
INV-250789,2025-03-28,2025-03-28,C1036,University Circle Services,9384.48,,2025-03
INV-250790,2025-03-28,2025-03-28,C1038,Westlake Commercial Cleaning Company,23623.69,Standing order,2025-03
INV-250791,2025-03-28,2025-03-28,C1040,Youngstown Metal Works Inc.,21014.22,,2025-03
INV-250792,2025-03-31,2025-03-31,C1002,Bayview Medical Center Inc.,8490.12,,2025-03
INV-250793,2025-03-31,2025-03-30,C1003,Cardinal Hospitality Group LLC,9370.97,,2025-03
INV-250794,2025-03-31,2025-03-31,C1011,Garfield Industrial Company,11260.26,PO 44669,2025-03
INV-250795,2025-03-31,2025-03-30,C1013,Hamilton County Services,7685.66,,2025-03
INV-250796,2025-03-31,2025-03-31,C1022,Medina Auto Group,5328.22,,2025-03
INV-250797,2025-03-31,2025-03-30,C1025,Oak Ridge Office Parks,4932.72,,2025-03
INV-250798,2025-03-31,2025-03-31,C1026,Parma Community College,4091.86,,2025-03
INV-250799,2025-03-31,2025-03-31,C1027,Pinnacle Building Services Inc.,7613.42,,2025-03
INV-250800,2025-03-31,2025-03-30,C1031,Shaker Square Retail Partners,4407.86,PO 46747,2025-03
INV-250801,2025-03-31,2025-03-30,C1033,Summit Healthcare Group Inc.,5714.36,Standing order,2025-03
INV-250802,2025-03-31,2025-03-30,C1040,Youngstown Metal Works Inc.,8452.45,Standing order,2025-03
INV-250803,2025-04-01,2025-04-01,C1006,Delmar Janitorial Services LLC,11672.18,,2025-04
INV-250804,2025-04-01,2025-04-01,C1007,Eastgate Office Partners,20330.49,Standing order,2025-04
INV-250805,2025-04-01,2025-04-01,C1018,Kent Valley Hospital,4762.84,Standing order,2025-04
INV-250806,2025-04-01,2025-04-01,C1019,Lakeshore Cleaning Services Inc.,9392.47,,2025-04
INV-250807,2025-04-01,2025-03-31,C1025,Oak Ridge Office Parks,11161.49,Standing order,2025-04
INV-250808,2025-04-01,2025-03-31,C1028,Portage Cold Storage Company,16690.18,,2025-04
INV-250809,2025-04-01,2025-04-01,C1028,Portage Cold Storage Company,3869.47,,2025-04
INV-250810,2025-04-01,2025-04-01,C1033,Summit Healthcare Group Inc.,10083.17,,2025-04
INV-250811,2025-04-01,2025-04-01,C1035,Twinsburg Industrial Park LLC,13477.32,PO 46413,2025-04
INV-250812,2025-04-01,2025-03-31,C1035,Twinsburg Industrial Park LLC,18088.97,,2025-04
INV-250813,2025-04-01,2025-03-31,C1035,Twinsburg Industrial Park LLC,3895.8,,2025-04
INV-250814,2025-04-01,2025-04-01,C1036,University Circle Services,9785.84,,2025-04
INV-250815,2025-04-01,2025-03-31,C1036,University Circle Services,24777.72,Standing order,2025-04
INV-250816,2025-04-01,2025-04-01,C1040,Youngstown Metal Works Inc.,3049.47,Standing order,2025-04
INV-250817,2025-04-01,2025-04-01,C1040,Youngstown Metal Works Inc.,67735.81,,2025-04
INV-250818,2025-04-01,2025-04-01,C1040,Youngstown Metal Works Inc.,5404.93,,2025-04
INV-250819,2025-04-02,2025-04-02,C1002,Bayview Medical Center Inc.,8859.33,,2025-04
INV-250820,2025-04-02,2025-04-02,C1004,Cedar Point Facility Services,4383.28,,2025-04
INV-250821,2025-04-02,2025-04-01,C1022,Medina Auto Group,4218.14,PO 42528,2025-04
INV-250822,2025-04-02,2025-04-02,C1022,Medina Auto Group,4055.69,,2025-04
INV-250823,2025-04-02,2025-04-02,C1022,Medina Auto Group,12038.47,,2025-04
INV-250824,2025-04-02,2025-04-02,C1025,Oak Ridge Office Parks,16803.58,PO 45520,2025-04
INV-250825,2025-04-02,2025-04-01,C1026,Parma Community College,2350.95,,2025-04
INV-250826,2025-04-02,2025-04-02,C1026,Parma Community College,12365.32,PO 43342,2025-04
INV-250827,2025-04-02,2025-04-02,C1026,Parma Community College,8736.47,,2025-04
INV-250828,2025-04-02,2025-04-02,C1033,Summit Healthcare Group Inc.,4638.29,Standing order,2025-04
INV-250829,2025-04-02,2025-04-01,C1033,Summit Healthcare Group Inc.,5918.55,,2025-04
INV-250830,2025-04-02,2025-04-01,C1036,University Circle Services,30929.13,,2025-04
INV-250831,2025-04-02,2025-04-01,C1038,Westlake Commercial Cleaning Company,17389.52,PO 48723,2025-04
INV-250832,2025-04-02,2025-04-02,C1039,Willoughby Tech Center,20975.86,PO 49630,2025-04
INV-250833,2025-04-02,2025-04-02,C1040,Youngstown Metal Works Inc.,5677.74,PO 44298,2025-04
INV-250834,2025-04-02,2025-04-02,C1040,Youngstown Metal Works Inc.,2246.62,,2025-04
INV-250835,2025-04-02,2025-04-02,C1040,Youngstown Metal Works Inc.,13086.01,Standing order,2025-04
INV-250836,2025-04-02,2025-04-02,C1040,Youngstown Metal Works Inc.,8962.18,Standing order,2025-04
INV-250837,2025-04-02,2025-04-02,C1040,Youngstown Metal Works Inc.,11269.91,Standing order,2025-04
INV-250838,2025-04-03,2025-04-03,C1005,Clearwater Janitorial Company,11333.74,,2025-04
INV-250839,2025-04-03,2025-04-03,C1005,Clearwater Janitorial Company,4722.76,,2025-04
INV-250840,2025-04-03,2025-04-03,C1009,Fairlawn Public Schools,9741.5,PO 40223,2025-04
INV-250841,2025-04-03,2025-04-03,C1011,Garfield Industrial Company,9717.65,PO 48569,2025-04
INV-250842,2025-04-03,2025-04-03,C1011,Garfield Industrial Company,25120.99,Standing order,2025-04
INV-250843,2025-04-03,2025-04-03,C1012,Great Lakes Logistics Inc.,3556.55,,2025-04
INV-250844,2025-04-03,2025-04-02,C1014,Harborview Apartments LLC,3060.06,,2025-04
INV-250845,2025-04-03,2025-04-03,C1023,Midwest Stadium Services Inc.,10355.93,,2025-04
INV-250846,2025-04-03,2025-04-03,C1031,Shaker Square Retail Partners,1424.22,,2025-04
INV-250847,2025-04-03,2025-04-03,C1035,Twinsburg Industrial Park LLC,9713.3,,2025-04
INV-250848,2025-04-03,2025-04-03,C1035,Twinsburg Industrial Park LLC,21067.23,PO 47285,2025-04
INV-250849,2025-04-03,2025-04-03,C1036,University Circle Services,12526.81,,2025-04
INV-250850,2025-04-03,2025-04-03,C1037,Valley View Hotels Inc.,4058.65,,2025-04
INV-250851,2025-04-03,2025-04-03,C1038,Westlake Commercial Cleaning Company,4915.92,Standing order,2025-04
INV-250852,2025-04-03,2025-04-03,C1040,Youngstown Metal Works Inc.,3250.68,Standing order,2025-04
INV-250853,2025-04-03,2025-04-03,C1040,Youngstown Metal Works Inc.,8111.01,,2025-04
INV-250854,2025-04-04,2025-04-04,C1002,Bayview Medical Center Inc.,11966.79,,2025-04
INV-250855,2025-04-04,2025-04-04,C1004,Cedar Point Facility Services,4260.93,,2025-04
INV-250856,2025-04-04,2025-04-04,C1005,Clearwater Janitorial Company,6009.96,,2025-04
INV-250857,2025-04-04,2025-04-03,C1008,Evergreen Senior Living Inc.,3438.72,Standing order,2025-04
INV-250858,2025-04-04,2025-04-04,C1011,Garfield Industrial Company,8355.39,Standing order,2025-04
INV-250859,2025-04-04,2025-04-03,C1011,Garfield Industrial Company,11856.44,,2025-04
INV-250860,2025-04-04,2025-04-04,C1012,Great Lakes Logistics Inc.,5219.33,,2025-04
INV-250861,2025-04-04,2025-04-03,C1015,Heritage Food Services Inc.,2436.9,,2025-04
INV-250862,2025-04-04,2025-04-04,C1024,North Coast Restaurants LLC,20939.44,Standing order,2025-04
INV-250863,2025-04-04,2025-04-04,C1026,Parma Community College,21727.62,Standing order,2025-04
INV-250864,2025-04-04,2025-04-04,C1026,Parma Community College,5859.89,PO 43508,2025-04
INV-250865,2025-04-04,2025-04-04,C1026,Parma Community College,4645.52,,2025-04
INV-250866,2025-04-04,2025-04-03,C1030,Sandusky Marine and Supply,7560.36,Standing order,2025-04
INV-250867,2025-04-04,2025-04-03,C1030,Sandusky Marine and Supply,4167.7,,2025-04
INV-250868,2025-04-04,2025-04-04,C1030,Sandusky Marine and Supply,3398.22,,2025-04
INV-250869,2025-04-04,2025-04-04,C1033,Summit Healthcare Group Inc.,21664.05,PO 48598,2025-04
INV-250870,2025-04-04,2025-04-04,C1034,Tri-State Warehouse Company,4457.35,,2025-04
INV-250871,2025-04-04,2025-04-04,C1034,Tri-State Warehouse Company,4731.96,,2025-04
INV-250872,2025-04-04,2025-04-04,C1035,Twinsburg Industrial Park LLC,3905.74,PO 48318,2025-04
INV-250873,2025-04-04,2025-04-03,C1036,University Circle Services,6757.52,Standing order,2025-04
INV-250874,2025-04-07,2025-04-07,C1001,Allegheny Property Management LLC,12444.73,Standing order,2025-04
INV-250875,2025-04-07,2025-04-07,C1004,Cedar Point Facility Services,10291.05,PO 46567,2025-04
INV-250876,2025-04-07,2025-04-07,C1004,Cedar Point Facility Services,5047.92,Standing order,2025-04
INV-250877,2025-04-07,2025-04-07,C1010,Forest City Hotels and Resorts,2337.14,,2025-04
INV-250878,2025-04-07,2025-04-07,C1015,Heritage Food Services Inc.,6663.33,PO 48047,2025-04
INV-250879,2025-04-07,2025-04-07,C1018,Kent Valley Hospital,9818.32,,2025-04
INV-250880,2025-04-07,2025-04-07,C1025,Oak Ridge Office Parks,17249.62,,2025-04
INV-250881,2025-04-07,2025-04-07,C1030,Sandusky Marine and Supply,9067.52,,2025-04
INV-250882,2025-04-07,2025-04-06,C1036,University Circle Services,11798.53,Standing order,2025-04
INV-250883,2025-04-07,2025-04-07,C1038,Westlake Commercial Cleaning Company,2839.98,,2025-04
INV-250884,2025-04-07,2025-04-06,C1038,Westlake Commercial Cleaning Company,14616.4,,2025-04
INV-250885,2025-04-07,2025-04-07,C1038,Westlake Commercial Cleaning Company,14211.47,,2025-04
INV-250886,2025-04-08,2025-04-08,C1001,Allegheny Property Management LLC,9031.03,PO 48372,2025-04
INV-250887,2025-04-08,2025-04-08,C1002,Bayview Medical Center Inc.,5598.9,PO 46573,2025-04
INV-250888,2025-04-08,2025-04-08,C1002,Bayview Medical Center Inc.,23492.14,,2025-04
INV-250889,2025-04-08,2025-04-07,C1002,Bayview Medical Center Inc.,5524.73,,2025-04
INV-250890,2025-04-08,2025-04-08,C1008,Evergreen Senior Living Inc.,7411.43,,2025-04
INV-250891,2025-04-08,2025-04-07,C1010,Forest City Hotels and Resorts,2458.07,PO 43242,2025-04
INV-250892,2025-04-08,2025-04-08,C1011,Garfield Industrial Company,22051.13,Standing order,2025-04
INV-250893,2025-04-08,2025-04-07,C1018,Kent Valley Hospital,13307.4,,2025-04
INV-250894,2025-04-08,2025-04-08,C1025,Oak Ridge Office Parks,5131.37,,2025-04
INV-250895,2025-04-08,2025-04-08,C1025,Oak Ridge Office Parks,2311.64,,2025-04
INV-250896,2025-04-08,2025-04-08,C1026,Parma Community College,6340.35,,2025-04
INV-250897,2025-04-08,2025-04-07,C1034,Tri-State Warehouse Company,14885.85,,2025-04
INV-250898,2025-04-08,2025-04-07,C1035,Twinsburg Industrial Park LLC,2909.51,,2025-04
INV-250899,2025-04-08,2025-04-08,C1035,Twinsburg Industrial Park LLC,8616.05,,2025-04
INV-250900,2025-04-08,2025-04-08,C1036,University Circle Services,11682.35,,2025-04
INV-250901,2025-04-08,2025-04-08,C1036,University Circle Services,5399.64,,2025-04
INV-250902,2025-04-08,2025-04-08,C1038,Westlake Commercial Cleaning Company,15911.67,,2025-04
INV-250903,2025-04-08,2025-04-08,C1038,Westlake Commercial Cleaning Company,7211.39,,2025-04
INV-250904,2025-04-09,2025-04-08,C1012,Great Lakes Logistics Inc.,8316.8,Standing order,2025-04
INV-250905,2025-04-09,2025-04-08,C1014,Harborview Apartments LLC,7403.45,PO 48911,2025-04
INV-250906,2025-04-09,2025-04-09,C1025,Oak Ridge Office Parks,4429.68,Standing order,2025-04
INV-250907,2025-04-09,2025-04-09,C1026,Parma Community College,10082.53,,2025-04
INV-250908,2025-04-09,2025-04-09,C1036,University Circle Services,16935.17,PO 43422,2025-04
INV-250909,2025-04-10,2025-04-09,C1002,Bayview Medical Center Inc.,14763.58,Standing order,2025-04
INV-250910,2025-04-10,2025-04-09,C1003,Cardinal Hospitality Group LLC,3184.83,,2025-04
INV-250911,2025-04-10,2025-04-09,C1007,Eastgate Office Partners,5240.11,Standing order,2025-04
INV-250912,2025-04-10,2025-04-10,C1008,Evergreen Senior Living Inc.,4002.98,,2025-04
INV-250913,2025-04-10,2025-04-10,C1008,Evergreen Senior Living Inc.,13950.58,Standing order,2025-04
INV-250914,2025-04-10,2025-04-09,C1011,Garfield Industrial Company,22327.78,PO 45796,2025-04
INV-250915,2025-04-10,2025-04-10,C1012,Great Lakes Logistics Inc.,6742.92,Standing order,2025-04
INV-250916,2025-04-10,2025-04-10,C1018,Kent Valley Hospital,6576.69,Standing order,2025-04
INV-250917,2025-04-10,2025-04-10,C1022,Medina Auto Group,7983.66,Standing order,2025-04
INV-250918,2025-04-10,2025-04-10,C1023,Midwest Stadium Services Inc.,2101.18,,2025-04
INV-250919,2025-04-10,2025-04-09,C1024,North Coast Restaurants LLC,11677.07,PO 46887,2025-04
INV-250920,2025-04-10,2025-04-10,C1025,Oak Ridge Office Parks,2853.68,Standing order,2025-04
INV-250921,2025-04-10,2025-04-10,C1025,Oak Ridge Office Parks,17578.7,,2025-04
INV-250922,2025-04-10,2025-04-10,C1025,Oak Ridge Office Parks,8362.88,,2025-04
INV-250923,2025-04-10,2025-04-10,C1026,Parma Community College,2286.06,Standing order,2025-04
INV-250924,2025-04-10,2025-04-09,C1027,Pinnacle Building Services Inc.,5465.38,,2025-04
INV-250925,2025-04-10,2025-04-10,C1029,Riverside Fitness Clubs LLC,7582.04,,2025-04
INV-250926,2025-04-10,2025-04-10,C1030,Sandusky Marine and Supply,12192.73,PO 46493,2025-04
INV-250927,2025-04-10,2025-04-10,C1033,Summit Healthcare Group Inc.,3656.32,Standing order,2025-04
INV-250928,2025-04-10,2025-04-09,C1033,Summit Healthcare Group Inc.,26143.72,,2025-04
INV-250929,2025-04-10,2025-04-10,C1038,Westlake Commercial Cleaning Company,3841.69,,2025-04
INV-250930,2025-04-11,2025-04-11,C1002,Bayview Medical Center Inc.,10613.52,PO 42052,2025-04
INV-250931,2025-04-11,2025-04-11,C1010,Forest City Hotels and Resorts,3594.24,,2025-04
INV-250932,2025-04-11,2025-04-11,C1012,Great Lakes Logistics Inc.,8750.8,,2025-04
INV-250933,2025-04-11,2025-04-11,C1014,Harborview Apartments LLC,6164.31,,2025-04
INV-250934,2025-04-11,2025-04-11,C1028,Portage Cold Storage Company,4397.01,PO 42831,2025-04
INV-250935,2025-04-11,2025-04-11,C1028,Portage Cold Storage Company,4136.41,,2025-04
INV-250936,2025-04-11,2025-04-10,C1028,Portage Cold Storage Company,3180.13,,2025-04
INV-250937,2025-04-11,2025-04-11,C1037,Valley View Hotels Inc.,6590.96,,2025-04
INV-250938,2025-04-11,2025-04-11,C1040,Youngstown Metal Works Inc.,6148.56,,2025-04
INV-250939,2025-04-11,2025-04-11,C1040,Youngstown Metal Works Inc.,3422.92,,2025-04
INV-250940,2025-04-14,2025-04-14,C1004,Cedar Point Facility Services,12207.56,Standing order,2025-04
INV-250941,2025-04-14,2025-04-14,C1011,Garfield Industrial Company,3642.98,,2025-04
INV-250942,2025-04-14,2025-04-14,C1012,Great Lakes Logistics Inc.,9173.49,,2025-04
INV-250943,2025-04-14,2025-04-14,C1013,Hamilton County Services,19901.26,,2025-04
INV-250944,2025-04-14,2025-04-14,C1015,Heritage Food Services Inc.,4896.38,,2025-04
INV-250945,2025-04-14,2025-04-14,C1023,Midwest Stadium Services Inc.,5199.82,,2025-04
INV-250946,2025-04-14,2025-04-14,C1023,Midwest Stadium Services Inc.,7671.81,,2025-04
INV-250947,2025-04-14,2025-04-13,C1025,Oak Ridge Office Parks,10059.18,Standing order,2025-04
INV-250948,2025-04-14,2025-04-14,C1026,Parma Community College,6632.16,,2025-04
INV-250949,2025-04-14,2025-04-13,C1026,Parma Community College,23878.83,Standing order,2025-04
INV-250950,2025-04-14,2025-04-13,C1028,Portage Cold Storage Company,3537.7,PO 45471,2025-04
INV-250951,2025-04-14,2025-04-14,C1033,Summit Healthcare Group Inc.,33283.38,,2025-04
INV-250952,2025-04-14,2025-04-14,C1033,Summit Healthcare Group Inc.,5492.77,,2025-04
INV-250953,2025-04-14,2025-04-14,C1035,Twinsburg Industrial Park LLC,26098.34,PO 48299,2025-04
INV-250954,2025-04-14,2025-04-14,C1035,Twinsburg Industrial Park LLC,7265.18,,2025-04
INV-250955,2025-04-14,2025-04-13,C1036,University Circle Services,6503.29,,2025-04
INV-250956,2025-04-14,2025-04-13,C1036,University Circle Services,12220.01,PO 49188,2025-04
INV-250957,2025-04-14,2025-04-13,C1040,Youngstown Metal Works Inc.,7925.67,,2025-04
INV-250958,2025-04-15,2025-04-15,C1005,Clearwater Janitorial Company,7861.15,,2025-04
INV-250959,2025-04-15,2025-04-15,C1012,Great Lakes Logistics Inc.,2677.99,,2025-04
INV-250960,2025-04-15,2025-04-15,C1019,Lakeshore Cleaning Services Inc.,34051.68,,2025-04
INV-250961,2025-04-15,2025-04-14,C1022,Medina Auto Group,11072.44,,2025-04
INV-250962,2025-04-15,2025-04-15,C1023,Midwest Stadium Services Inc.,11931.04,,2025-04
INV-250963,2025-04-15,2025-04-14,C1027,Pinnacle Building Services Inc.,5137.47,Standing order,2025-04
INV-250964,2025-04-15,2025-04-15,C1038,Westlake Commercial Cleaning Company,11397.7,,2025-04
INV-250965,2025-04-15,2025-04-14,C1038,Westlake Commercial Cleaning Company,10925.07,Standing order,2025-04
INV-250966,2025-04-15,2025-04-15,C1038,Westlake Commercial Cleaning Company,2578.4,,2025-04
INV-250967,2025-04-15,2025-04-15,C1040,Youngstown Metal Works Inc.,5725.6,PO 41962,2025-04
INV-250968,2025-04-15,2025-04-15,C1040,Youngstown Metal Works Inc.,2721.72,,2025-04
INV-250969,2025-04-15,2025-04-14,C1040,Youngstown Metal Works Inc.,8829.33,Standing order,2025-04
INV-250970,2025-04-16,2025-04-16,C1005,Clearwater Janitorial Company,12253.96,,2025-04
INV-250971,2025-04-16,2025-04-16,C1011,Garfield Industrial Company,8130.67,,2025-04
INV-250972,2025-04-16,2025-04-16,C1012,Great Lakes Logistics Inc.,11154.49,PO 41405,2025-04
INV-250973,2025-04-16,2025-04-16,C1015,Heritage Food Services Inc.,27582.02,,2025-04
INV-250974,2025-04-16,2025-04-16,C1015,Heritage Food Services Inc.,2618.51,PO 49633,2025-04
INV-250975,2025-04-16,2025-04-16,C1022,Medina Auto Group,16556.31,,2025-04
INV-250976,2025-04-16,2025-04-15,C1023,Midwest Stadium Services Inc.,6919.63,PO 40354,2025-04
INV-250977,2025-04-16,2025-04-15,C1026,Parma Community College,8459.13,,2025-04
INV-250978,2025-04-16,2025-04-16,C1035,Twinsburg Industrial Park LLC,11984.37,,2025-04
INV-250979,2025-04-16,2025-04-16,C1035,Twinsburg Industrial Park LLC,11249.39,PO 44743,2025-04
INV-250980,2025-04-16,2025-04-15,C1038,Westlake Commercial Cleaning Company,13301.24,,2025-04
INV-250981,2025-04-16,2025-04-16,C1038,Westlake Commercial Cleaning Company,6500.68,PO 47948,2025-04
INV-250982,2025-04-16,2025-04-16,C1038,Westlake Commercial Cleaning Company,7180.51,,2025-04
INV-250983,2025-04-16,2025-04-16,C1040,Youngstown Metal Works Inc.,10104.8,,2025-04
INV-250984,2025-04-17,2025-04-16,C1002,Bayview Medical Center Inc.,4283.95,,2025-04
INV-250985,2025-04-17,2025-04-17,C1011,Garfield Industrial Company,7499.62,,2025-04
INV-250986,2025-04-17,2025-04-16,C1012,Great Lakes Logistics Inc.,11184.32,,2025-04
INV-250987,2025-04-17,2025-04-16,C1022,Medina Auto Group,7426.33,PO 40832,2025-04
INV-250988,2025-04-17,2025-04-17,C1022,Medina Auto Group,3647.9,,2025-04
INV-250989,2025-04-17,2025-04-16,C1033,Summit Healthcare Group Inc.,13888.31,,2025-04
INV-250990,2025-04-17,2025-04-17,C1033,Summit Healthcare Group Inc.,7678.98,PO 49849,2025-04
INV-250991,2025-04-17,2025-04-17,C1035,Twinsburg Industrial Park LLC,26541.24,PO 41505,2025-04
INV-250992,2025-04-18,2025-04-18,C1007,Eastgate Office Partners,9048.3,,2025-04
INV-250993,2025-04-18,2025-04-17,C1011,Garfield Industrial Company,8033.93,,2025-04
INV-250994,2025-04-18,2025-04-18,C1023,Midwest Stadium Services Inc.,3078.13,,2025-04
INV-250995,2025-04-18,2025-04-18,C1023,Midwest Stadium Services Inc.,7200.35,,2025-04
INV-250996,2025-04-18,2025-04-18,C1025,Oak Ridge Office Parks,3712.93,,2025-04
INV-250997,2025-04-18,2025-04-18,C1026,Parma Community College,4231.94,Standing order,2025-04
INV-250998,2025-04-18,2025-04-18,C1033,Summit Healthcare Group Inc.,17853.3,,2025-04
INV-250999,2025-04-18,2025-04-18,C1035,Twinsburg Industrial Park LLC,11157.58,,2025-04
INV-251000,2025-04-18,2025-04-18,C1036,University Circle Services,13168.76,,2025-04
INV-251001,2025-04-18,2025-04-17,C1038,Westlake Commercial Cleaning Company,5871.49,,2025-04
INV-251002,2025-04-18,2025-04-18,C1039,Willoughby Tech Center,3407.83,,2025-04
INV-251003,2025-04-18,2025-04-17,C1040,Youngstown Metal Works Inc.,9921.38,PO 46521,2025-04
INV-251004,2025-04-21,2025-04-21,C1007,Eastgate Office Partners,5419.77,,2025-04
INV-251005,2025-04-21,2025-04-21,C1010,Forest City Hotels and Resorts,6519.27,,2025-04
INV-251006,2025-04-21,2025-04-21,C1010,Forest City Hotels and Resorts,3446.88,,2025-04
INV-251007,2025-04-21,2025-04-20,C1021,Maple Heights Facilities LLC,3631.84,,2025-04
INV-251008,2025-04-21,2025-04-20,C1024,North Coast Restaurants LLC,3129.94,PO 43631,2025-04
INV-251009,2025-04-21,2025-04-20,C1028,Portage Cold Storage Company,6983.09,,2025-04
INV-251010,2025-04-21,2025-04-21,C1035,Twinsburg Industrial Park LLC,4360.71,Standing order,2025-04
INV-251011,2025-04-21,2025-04-21,C1036,University Circle Services,7798.85,Standing order,2025-04
INV-251012,2025-04-21,2025-04-21,C1036,University Circle Services,4513.43,,2025-04
INV-251013,2025-04-21,2025-04-21,C1038,Westlake Commercial Cleaning Company,43080.27,,2025-04
INV-251014,2025-04-21,2025-04-21,C1040,Youngstown Metal Works Inc.,2018.7,Standing order,2025-04
INV-251015,2025-04-21,2025-04-21,C1040,Youngstown Metal Works Inc.,11104.45,Standing order,2025-04
INV-251016,2025-04-21,2025-04-21,C1040,Youngstown Metal Works Inc.,1568.25,,2025-04
INV-251017,2025-04-22,2025-04-22,C1006,Delmar Janitorial Services LLC,9530.35,Standing order,2025-04
INV-251018,2025-04-22,2025-04-22,C1013,Hamilton County Services,10263.21,,2025-04
INV-251019,2025-04-22,2025-04-21,C1015,Heritage Food Services Inc.,6070.7,,2025-04
INV-251020,2025-04-22,2025-04-22,C1018,Kent Valley Hospital,14479.29,PO 40445,2025-04
INV-251021,2025-04-22,2025-04-22,C1026,Parma Community College,9237.04,Standing order,2025-04
INV-251022,2025-04-22,2025-04-22,C1026,Parma Community College,5711.85,,2025-04
INV-251023,2025-04-22,2025-04-22,C1026,Parma Community College,3647.32,Standing order,2025-04
INV-251024,2025-04-22,2025-04-22,C1029,Riverside Fitness Clubs LLC,61736.15,,2025-04
INV-251025,2025-04-22,2025-04-21,C1030,Sandusky Marine and Supply,37409.97,Standing order,2025-04
INV-251026,2025-04-22,2025-04-22,C1030,Sandusky Marine and Supply,6762.27,,2025-04
INV-251027,2025-04-22,2025-04-21,C1033,Summit Healthcare Group Inc.,36203.22,Standing order,2025-04
INV-251028,2025-04-22,2025-04-22,C1035,Twinsburg Industrial Park LLC,8903.71,Standing order,2025-04
INV-251029,2025-04-22,2025-04-22,C1035,Twinsburg Industrial Park LLC,7939.59,PO 47940,2025-04
INV-251030,2025-04-22,2025-04-22,C1036,University Circle Services,17979.87,,2025-04
INV-251031,2025-04-22,2025-04-22,C1036,University Circle Services,7107.25,PO 42290,2025-04
INV-251032,2025-04-22,2025-04-21,C1036,University Circle Services,12024.08,PO 49689,2025-04
INV-251033,2025-04-22,2025-04-22,C1037,Valley View Hotels Inc.,15277.95,Standing order,2025-04
INV-251034,2025-04-22,2025-04-22,C1038,Westlake Commercial Cleaning Company,4440.6,,2025-04
INV-251035,2025-04-22,2025-04-21,C1038,Westlake Commercial Cleaning Company,7845.29,Standing order,2025-04
INV-251036,2025-04-23,2025-04-22,C1002,Bayview Medical Center Inc.,5507.14,,2025-04
INV-251037,2025-04-23,2025-04-23,C1002,Bayview Medical Center Inc.,6531.11,PO 44187,2025-04
INV-251038,2025-04-23,2025-04-23,C1005,Clearwater Janitorial Company,2554.26,,2025-04
INV-251039,2025-04-23,2025-04-23,C1011,Garfield Industrial Company,19294.13,Standing order,2025-04
INV-251040,2025-04-23,2025-04-23,C1011,Garfield Industrial Company,11953.74,,2025-04
INV-251041,2025-04-23,2025-04-23,C1014,Harborview Apartments LLC,17403.62,,2025-04
INV-251042,2025-04-23,2025-04-23,C1026,Parma Community College,11745.7,,2025-04
INV-251043,2025-04-23,2025-04-22,C1026,Parma Community College,3534.85,Standing order,2025-04
INV-251044,2025-04-23,2025-04-23,C1033,Summit Healthcare Group Inc.,9462.0,,2025-04
INV-251045,2025-04-23,2025-04-22,C1035,Twinsburg Industrial Park LLC,2714.99,,2025-04
INV-251046,2025-04-23,2025-04-23,C1036,University Circle Services,3682.5,Standing order,2025-04
INV-251047,2025-04-23,2025-04-22,C1038,Westlake Commercial Cleaning Company,7957.33,Standing order,2025-04
INV-251048,2025-04-24,2025-04-24,C1002,Bayview Medical Center Inc.,9663.17,,2025-04
INV-251049,2025-04-24,2025-04-24,C1005,Clearwater Janitorial Company,3127.07,PO 48425,2025-04
INV-251050,2025-04-24,2025-04-24,C1011,Garfield Industrial Company,3225.69,,2025-04
INV-251051,2025-04-24,2025-04-24,C1011,Garfield Industrial Company,8020.99,,2025-04
INV-251052,2025-04-24,2025-04-23,C1013,Hamilton County Services,12390.72,PO 43395,2025-04
INV-251053,2025-04-24,2025-04-23,C1014,Harborview Apartments LLC,15308.33,,2025-04
INV-251054,2025-04-24,2025-04-23,C1015,Heritage Food Services Inc.,3564.34,,2025-04
INV-251055,2025-04-24,2025-04-23,C1020,Lorain Distribution Company,9860.62,PO 40690,2025-04
INV-251056,2025-04-24,2025-04-23,C1021,Maple Heights Facilities LLC,4601.86,,2025-04
INV-251057,2025-04-24,2025-04-24,C1021,Maple Heights Facilities LLC,10395.94,Standing order,2025-04
INV-251058,2025-04-24,2025-04-24,C1026,Parma Community College,4087.82,,2025-04
INV-251059,2025-04-24,2025-04-23,C1029,Riverside Fitness Clubs LLC,4830.22,,2025-04
INV-251060,2025-04-24,2025-04-24,C1033,Summit Healthcare Group Inc.,32241.57,,2025-04
INV-251061,2025-04-24,2025-04-23,C1036,University Circle Services,4618.18,Standing order,2025-04
INV-251062,2025-04-24,2025-04-24,C1038,Westlake Commercial Cleaning Company,12701.24,,2025-04
INV-251063,2025-04-24,2025-04-24,C1040,Youngstown Metal Works Inc.,2891.34,,2025-04
INV-251064,2025-04-24,2025-04-24,C1040,Youngstown Metal Works Inc.,12991.56,,2025-04
INV-251065,2025-04-25,2025-04-25,C1002,Bayview Medical Center Inc.,12688.27,,2025-04
INV-251066,2025-04-25,2025-04-24,C1003,Cardinal Hospitality Group LLC,2708.77,Standing order,2025-04
INV-251067,2025-04-25,2025-04-24,C1004,Cedar Point Facility Services,30019.03,PO 46261,2025-04
INV-251068,2025-04-25,2025-04-25,C1010,Forest City Hotels and Resorts,1670.85,PO 40543,2025-04
INV-251069,2025-04-25,2025-04-25,C1014,Harborview Apartments LLC,5753.6,,2025-04
INV-251070,2025-04-25,2025-04-25,C1015,Heritage Food Services Inc.,8380.9,Standing order,2025-04
INV-251071,2025-04-25,2025-04-24,C1018,Kent Valley Hospital,5083.65,,2025-04
INV-251072,2025-04-25,2025-04-25,C1026,Parma Community College,7018.85,,2025-04
INV-251073,2025-04-25,2025-04-24,C1029,Riverside Fitness Clubs LLC,6270.28,Standing order,2025-04
INV-251074,2025-04-25,2025-04-25,C1038,Westlake Commercial Cleaning Company,10408.04,,2025-04
INV-251075,2025-04-25,2025-04-25,C1040,Youngstown Metal Works Inc.,17010.34,,2025-04
INV-251076,2025-04-28,2025-04-28,C1002,Bayview Medical Center Inc.,6437.45,,2025-04
INV-251077,2025-04-28,2025-04-28,C1003,Cardinal Hospitality Group LLC,7702.04,Standing order,2025-04
INV-251078,2025-04-28,2025-04-28,C1006,Delmar Janitorial Services LLC,19534.77,,2025-04
INV-251079,2025-04-28,2025-04-28,C1011,Garfield Industrial Company,16480.64,Standing order,2025-04
INV-251080,2025-04-28,2025-04-28,C1012,Great Lakes Logistics Inc.,11357.82,PO 44744,2025-04
INV-251081,2025-04-28,2025-04-27,C1012,Great Lakes Logistics Inc.,10229.52,Standing order,2025-04
INV-251082,2025-04-28,2025-04-28,C1022,Medina Auto Group,13341.82,,2025-04
INV-251083,2025-04-28,2025-04-28,C1026,Parma Community College,6222.36,PO 44978,2025-04
INV-251084,2025-04-28,2025-04-28,C1026,Parma Community College,7230.45,,2025-04
INV-251085,2025-04-28,2025-04-28,C1026,Parma Community College,4584.57,PO 47098,2025-04
INV-251086,2025-04-28,2025-04-28,C1026,Parma Community College,9493.26,,2025-04
INV-251087,2025-04-28,2025-04-28,C1028,Portage Cold Storage Company,6957.8,,2025-04
INV-251088,2025-04-28,2025-04-28,C1035,Twinsburg Industrial Park LLC,55724.9,PO 40603,2025-04
INV-251089,2025-04-29,2025-04-29,C1002,Bayview Medical Center Inc.,4462.46,Standing order,2025-04
INV-251090,2025-04-29,2025-04-29,C1005,Clearwater Janitorial Company,11278.55,Standing order,2025-04
INV-251091,2025-04-29,2025-04-29,C1007,Eastgate Office Partners,8125.04,PO 42419,2025-04
INV-251092,2025-04-29,2025-04-29,C1008,Evergreen Senior Living Inc.,31523.62,Standing order,2025-04
INV-251093,2025-04-29,2025-04-29,C1010,Forest City Hotels and Resorts,6839.75,,2025-04
INV-251094,2025-04-29,2025-04-28,C1011,Garfield Industrial Company,6155.48,,2025-04
INV-251095,2025-04-29,2025-04-28,C1011,Garfield Industrial Company,4083.62,PO 42258,2025-04
INV-251096,2025-04-29,2025-04-29,C1022,Medina Auto Group,11935.48,,2025-04
INV-251097,2025-04-29,2025-04-29,C1025,Oak Ridge Office Parks,7567.84,,2025-04
INV-251098,2025-04-29,2025-04-29,C1026,Parma Community College,4442.9,,2025-04
INV-251099,2025-04-29,2025-04-29,C1035,Twinsburg Industrial Park LLC,2127.98,,2025-04
INV-251100,2025-04-29,2025-04-29,C1038,Westlake Commercial Cleaning Company,7645.44,,2025-04
INV-251101,2025-04-29,2025-04-28,C1040,Youngstown Metal Works Inc.,5033.47,,2025-04
INV-251102,2025-04-29,2025-04-29,C1040,Youngstown Metal Works Inc.,4494.72,,2025-04
INV-251103,2025-04-29,2025-04-29,C1040,Youngstown Metal Works Inc.,17128.53,,2025-04
INV-251104,2025-04-30,2025-04-30,C1002,Bayview Medical Center Inc.,16827.83,,2025-04
INV-251105,2025-04-30,2025-04-30,C1005,Clearwater Janitorial Company,2265.8,Standing order,2025-04
INV-251106,2025-04-30,2025-04-30,C1010,Forest City Hotels and Resorts,8849.5,,2025-04
INV-251107,2025-04-30,2025-04-30,C1012,Great Lakes Logistics Inc.,9482.68,,2025-04
INV-251108,2025-04-30,2025-04-30,C1022,Medina Auto Group,15127.98,PO 49170,2025-04
INV-251109,2025-04-30,2025-04-30,C1023,Midwest Stadium Services Inc.,7027.77,,2025-04
INV-251110,2025-04-30,2025-04-29,C1026,Parma Community College,16912.55,,2025-04
INV-251111,2025-04-30,2025-04-29,C1026,Parma Community College,4327.11,PO 47691,2025-04
INV-251112,2025-04-30,2025-04-30,C1031,Shaker Square Retail Partners,12783.99,Standing order,2025-04
INV-251113,2025-04-30,2025-04-30,C1035,Twinsburg Industrial Park LLC,13373.39,,2025-04
INV-251114,2025-04-30,2025-04-30,C1036,University Circle Services,3802.73,,2025-04
INV-251115,2025-04-30,2025-04-30,C1040,Youngstown Metal Works Inc.,8228.6,,2025-04
INV-251116,2025-04-30,2025-04-30,C1040,Youngstown Metal Works Inc.,5383.9,,2025-04
INV-251117,2025-04-30,2025-04-29,C1040,Youngstown Metal Works Inc.,8576.98,Standing order,2025-04
INV-251118,2025-04-30,2025-04-30,C1040,Youngstown Metal Works Inc.,17051.32,,2025-04
INV-251119,2025-05-01,2025-05-01,C1007,Eastgate Office Partners,32534.2,PO 41118,2025-05
INV-251120,2025-05-01,2025-04-30,C1012,Great Lakes Logistics Inc.,4918.76,Standing order,2025-05
INV-251121,2025-05-01,2025-05-01,C1012,Great Lakes Logistics Inc.,8697.75,,2025-05
INV-251122,2025-05-01,2025-05-01,C1012,Great Lakes Logistics Inc.,5901.75,Standing order,2025-05
INV-251123,2025-05-01,2025-05-01,C1022,Medina Auto Group,25752.02,Standing order,2025-05
INV-251124,2025-05-01,2025-05-01,C1023,Midwest Stadium Services Inc.,12190.43,Standing order,2025-05
INV-251125,2025-05-01,2025-05-01,C1025,Oak Ridge Office Parks,20043.84,PO 42146,2025-05
INV-251126,2025-05-01,2025-05-01,C1025,Oak Ridge Office Parks,9158.09,Standing order,2025-05
INV-251127,2025-05-01,2025-05-01,C1033,Summit Healthcare Group Inc.,20421.54,,2025-05
INV-251128,2025-05-01,2025-05-01,C1036,University Circle Services,6227.16,Standing order,2025-05
INV-251129,2025-05-01,2025-05-01,C1036,University Circle Services,9902.36,PO 46374,2025-05
INV-251130,2025-05-01,2025-04-30,C1039,Willoughby Tech Center,8034.78,,2025-05
INV-251131,2025-05-01,2025-05-01,C1040,Youngstown Metal Works Inc.,4536.51,,2025-05
INV-251132,2025-05-01,2025-05-01,C1040,Youngstown Metal Works Inc.,6484.25,PO 47477,2025-05
INV-251133,2025-05-02,2025-05-02,C1007,Eastgate Office Partners,12179.74,PO 48827,2025-05
INV-251134,2025-05-02,2025-05-01,C1008,Evergreen Senior Living Inc.,6046.5,,2025-05
INV-251135,2025-05-02,2025-05-02,C1015,Heritage Food Services Inc.,11706.39,,2025-05
INV-251136,2025-05-02,2025-05-02,C1022,Medina Auto Group,3456.63,PO 48199,2025-05
INV-251137,2025-05-02,2025-05-01,C1022,Medina Auto Group,2642.84,,2025-05
INV-251138,2025-05-02,2025-05-02,C1026,Parma Community College,4813.6,,2025-05
INV-251139,2025-05-02,2025-05-02,C1029,Riverside Fitness Clubs LLC,15838.48,,2025-05
INV-251140,2025-05-02,2025-05-02,C1035,Twinsburg Industrial Park LLC,6801.15,PO 47890,2025-05
INV-251141,2025-05-05,2025-05-05,C1001,Allegheny Property Management LLC,26747.49,,2025-05
INV-251142,2025-05-05,2025-05-05,C1002,Bayview Medical Center Inc.,16179.3,,2025-05
INV-251143,2025-05-05,2025-05-05,C1003,Cardinal Hospitality Group LLC,25872.36,,2025-05
INV-251144,2025-05-05,2025-05-05,C1003,Cardinal Hospitality Group LLC,5401.58,,2025-05
INV-251145,2025-05-05,2025-05-05,C1006,Delmar Janitorial Services LLC,13242.14,,2025-05
INV-251146,2025-05-05,2025-05-05,C1008,Evergreen Senior Living Inc.,15709.87,,2025-05
INV-251147,2025-05-05,2025-05-05,C1010,Forest City Hotels and Resorts,13814.84,,2025-05
INV-251148,2025-05-05,2025-05-04,C1014,Harborview Apartments LLC,3061.87,,2025-05
INV-251149,2025-05-05,2025-05-05,C1018,Kent Valley Hospital,4620.25,,2025-05
INV-251150,2025-05-05,2025-05-05,C1023,Midwest Stadium Services Inc.,3497.46,PO 48549,2025-05
INV-251151,2025-05-05,2025-05-04,C1025,Oak Ridge Office Parks,13473.44,,2025-05
INV-251152,2025-05-05,2025-05-05,C1033,Summit Healthcare Group Inc.,24753.74,PO 45490,2025-05
INV-251153,2025-05-05,2025-05-05,C1037,Valley View Hotels Inc.,24801.28,Standing order,2025-05
INV-251154,2025-05-05,2025-05-05,C1038,Westlake Commercial Cleaning Company,12789.38,,2025-05
INV-251155,2025-05-05,2025-05-05,C1038,Westlake Commercial Cleaning Company,13586.51,PO 48446,2025-05
INV-251156,2025-05-06,2025-05-06,C1006,Delmar Janitorial Services LLC,1346.62,,2025-05
INV-251157,2025-05-06,2025-05-05,C1006,Delmar Janitorial Services LLC,3775.93,,2025-05
INV-251158,2025-05-06,2025-05-05,C1010,Forest City Hotels and Resorts,7265.81,,2025-05
INV-251159,2025-05-06,2025-05-06,C1017,Ironwood Property Services,14216.6,,2025-05
INV-251160,2025-05-06,2025-05-06,C1017,Ironwood Property Services,8187.22,PO 43568,2025-05
INV-251161,2025-05-06,2025-05-06,C1022,Medina Auto Group,23075.93,,2025-05
INV-251162,2025-05-06,2025-05-06,C1025,Oak Ridge Office Parks,20473.7,,2025-05
INV-251163,2025-05-06,2025-05-05,C1027,Pinnacle Building Services Inc.,8859.68,,2025-05
INV-251164,2025-05-06,2025-05-06,C1033,Summit Healthcare Group Inc.,4382.79,,2025-05
INV-251165,2025-05-06,2025-05-05,C1034,Tri-State Warehouse Company,13071.59,PO 42791,2025-05
INV-251166,2025-05-06,2025-05-06,C1036,University Circle Services,5164.77,,2025-05
INV-251167,2025-05-06,2025-05-06,C1036,University Circle Services,27791.89,,2025-05
INV-251168,2025-05-06,2025-05-05,C1038,Westlake Commercial Cleaning Company,15135.56,,2025-05
INV-251169,2025-05-06,2025-05-06,C1038,Westlake Commercial Cleaning Company,4687.29,Standing order,2025-05
INV-251170,2025-05-06,2025-05-05,C1040,Youngstown Metal Works Inc.,38046.34,,2025-05
INV-251171,2025-05-07,2025-05-07,C1008,Evergreen Senior Living Inc.,13105.42,,2025-05
INV-251172,2025-05-07,2025-05-07,C1011,Garfield Industrial Company,32022.02,,2025-05
INV-251173,2025-05-07,2025-05-07,C1012,Great Lakes Logistics Inc.,4469.85,,2025-05
INV-251174,2025-05-07,2025-05-07,C1012,Great Lakes Logistics Inc.,4694.55,,2025-05
INV-251175,2025-05-07,2025-05-06,C1018,Kent Valley Hospital,3889.33,,2025-05
INV-251176,2025-05-07,2025-05-07,C1018,Kent Valley Hospital,14123.73,,2025-05
INV-251177,2025-05-07,2025-05-07,C1019,Lakeshore Cleaning Services Inc.,17880.18,Standing order,2025-05
INV-251178,2025-05-07,2025-05-07,C1020,Lorain Distribution Company,20002.08,PO 47141,2025-05
INV-251179,2025-05-07,2025-05-06,C1022,Medina Auto Group,5122.03,Standing order,2025-05
INV-251180,2025-05-07,2025-05-07,C1036,University Circle Services,14790.27,,2025-05
INV-251181,2025-05-07,2025-05-06,C1040,Youngstown Metal Works Inc.,8383.39,,2025-05
INV-251182,2025-05-07,2025-05-07,C1040,Youngstown Metal Works Inc.,9089.47,Standing order,2025-05
INV-251183,2025-05-08,2025-05-07,C1002,Bayview Medical Center Inc.,15362.63,PO 48080,2025-05
INV-251184,2025-05-08,2025-05-08,C1008,Evergreen Senior Living Inc.,14104.93,,2025-05
INV-251185,2025-05-08,2025-05-08,C1015,Heritage Food Services Inc.,2185.87,,2025-05
INV-251186,2025-05-08,2025-05-08,C1019,Lakeshore Cleaning Services Inc.,29361.24,Standing order,2025-05
INV-251187,2025-05-08,2025-05-08,C1024,North Coast Restaurants LLC,6249.02,,2025-05
INV-251188,2025-05-08,2025-05-07,C1026,Parma Community College,8895.68,,2025-05
INV-251189,2025-05-08,2025-05-08,C1027,Pinnacle Building Services Inc.,13688.07,Standing order,2025-05
INV-251190,2025-05-08,2025-05-08,C1029,Riverside Fitness Clubs LLC,16263.17,Standing order,2025-05
INV-251191,2025-05-08,2025-05-07,C1033,Summit Healthcare Group Inc.,9828.8,Standing order,2025-05
INV-251192,2025-05-08,2025-05-07,C1033,Summit Healthcare Group Inc.,6169.98,,2025-05
INV-251193,2025-05-08,2025-05-08,C1038,Westlake Commercial Cleaning Company,9640.2,,2025-05
INV-251194,2025-05-08,2025-05-08,C1038,Westlake Commercial Cleaning Company,6161.31,Standing order,2025-05
INV-251195,2025-05-08,2025-05-07,C1039,Willoughby Tech Center,3437.43,,2025-05
INV-251196,2025-05-08,2025-05-08,C1040,Youngstown Metal Works Inc.,22426.85,Standing order,2025-05
INV-251197,2025-05-08,2025-05-07,C1040,Youngstown Metal Works Inc.,4432.49,,2025-05
INV-251198,2025-05-08,2025-05-08,C1040,Youngstown Metal Works Inc.,6378.92,PO 40025,2025-05
INV-251199,2025-05-09,2025-05-09,C1002,Bayview Medical Center Inc.,9351.35,,2025-05
INV-251200,2025-05-09,2025-05-09,C1003,Cardinal Hospitality Group LLC,19958.48,,2025-05
INV-251201,2025-05-09,2025-05-08,C1006,Delmar Janitorial Services LLC,7520.81,Standing order,2025-05
INV-251202,2025-05-09,2025-05-09,C1014,Harborview Apartments LLC,15522.6,,2025-05
INV-251203,2025-05-09,2025-05-09,C1017,Ironwood Property Services,14160.66,PO 44809,2025-05
INV-251204,2025-05-09,2025-05-09,C1021,Maple Heights Facilities LLC,13877.86,,2025-05
INV-251205,2025-05-09,2025-05-09,C1022,Medina Auto Group,941.96,,2025-05
INV-251206,2025-05-09,2025-05-08,C1028,Portage Cold Storage Company,11880.57,Standing order,2025-05
INV-251207,2025-05-09,2025-05-09,C1029,Riverside Fitness Clubs LLC,17690.85,,2025-05
INV-251208,2025-05-09,2025-05-09,C1029,Riverside Fitness Clubs LLC,7496.07,,2025-05
INV-251209,2025-05-09,2025-05-09,C1038,Westlake Commercial Cleaning Company,15060.7,PO 43032,2025-05
INV-251210,2025-05-09,2025-05-09,C1040,Youngstown Metal Works Inc.,5599.26,,2025-05
INV-251211,2025-05-12,2025-05-11,C1002,Bayview Medical Center Inc.,37538.13,,2025-05
INV-251212,2025-05-12,2025-05-12,C1012,Great Lakes Logistics Inc.,14236.27,,2025-05
INV-251213,2025-05-12,2025-05-11,C1014,Harborview Apartments LLC,15096.67,,2025-05
INV-251214,2025-05-12,2025-05-12,C1015,Heritage Food Services Inc.,6365.63,PO 45233,2025-05
INV-251215,2025-05-12,2025-05-12,C1018,Kent Valley Hospital,20434.33,,2025-05
INV-251216,2025-05-12,2025-05-11,C1018,Kent Valley Hospital,6353.89,PO 42558,2025-05
INV-251217,2025-05-12,2025-05-12,C1018,Kent Valley Hospital,18100.84,Standing order,2025-05
INV-251218,2025-05-12,2025-05-12,C1020,Lorain Distribution Company,7111.3,,2025-05
INV-251219,2025-05-12,2025-05-12,C1024,North Coast Restaurants LLC,5978.93,,2025-05
INV-251220,2025-05-12,2025-05-12,C1027,Pinnacle Building Services Inc.,3505.17,,2025-05
INV-251221,2025-05-12,2025-05-12,C1030,Sandusky Marine and Supply,21418.57,,2025-05
INV-251222,2025-05-12,2025-05-12,C1032,Stark County Services,1153.51,,2025-05
INV-251223,2025-05-12,2025-05-12,C1034,Tri-State Warehouse Company,6226.11,,2025-05
INV-251224,2025-05-12,2025-05-11,C1035,Twinsburg Industrial Park LLC,11971.5,Standing order,2025-05
INV-251225,2025-05-12,2025-05-12,C1036,University Circle Services,5033.43,,2025-05
INV-251226,2025-05-12,2025-05-11,C1038,Westlake Commercial Cleaning Company,11542.78,,2025-05
INV-251227,2025-05-12,2025-05-12,C1040,Youngstown Metal Works Inc.,32318.67,Standing order,2025-05
INV-251228,2025-05-13,2025-05-13,C1002,Bayview Medical Center Inc.,1654.65,,2025-05
INV-251229,2025-05-13,2025-05-13,C1002,Bayview Medical Center Inc.,8625.98,,2025-05
INV-251230,2025-05-13,2025-05-13,C1002,Bayview Medical Center Inc.,39525.15,PO 42259,2025-05
INV-251231,2025-05-13,2025-05-12,C1003,Cardinal Hospitality Group LLC,3040.94,PO 47897,2025-05
INV-251232,2025-05-13,2025-05-12,C1006,Delmar Janitorial Services LLC,22773.12,PO 49731,2025-05
INV-251233,2025-05-13,2025-05-12,C1011,Garfield Industrial Company,13869.88,Standing order,2025-05
INV-251234,2025-05-13,2025-05-13,C1014,Harborview Apartments LLC,17768.96,,2025-05
INV-251235,2025-05-13,2025-05-12,C1017,Ironwood Property Services,4814.19,Standing order,2025-05
INV-251236,2025-05-13,2025-05-13,C1023,Midwest Stadium Services Inc.,4308.85,Standing order,2025-05
INV-251237,2025-05-13,2025-05-13,C1026,Parma Community College,20897.74,,2025-05
INV-251238,2025-05-13,2025-05-12,C1029,Riverside Fitness Clubs LLC,13447.43,PO 43405,2025-05
INV-251239,2025-05-13,2025-05-13,C1033,Summit Healthcare Group Inc.,5496.02,PO 49869,2025-05
INV-251240,2025-05-13,2025-05-13,C1034,Tri-State Warehouse Company,30298.86,,2025-05
INV-251241,2025-05-13,2025-05-13,C1040,Youngstown Metal Works Inc.,24098.28,PO 45970,2025-05
INV-251242,2025-05-14,2025-05-14,C1002,Bayview Medical Center Inc.,8682.47,,2025-05
INV-251243,2025-05-14,2025-05-13,C1002,Bayview Medical Center Inc.,71977.94,,2025-05
INV-251244,2025-05-14,2025-05-14,C1011,Garfield Industrial Company,14877.3,,2025-05
INV-251245,2025-05-14,2025-05-14,C1014,Harborview Apartments LLC,3770.51,Standing order,2025-05
INV-251246,2025-05-14,2025-05-14,C1020,Lorain Distribution Company,12444.19,,2025-05
INV-251247,2025-05-14,2025-05-13,C1022,Medina Auto Group,5141.24,,2025-05
INV-251248,2025-05-14,2025-05-14,C1026,Parma Community College,6675.97,PO 41952,2025-05
INV-251249,2025-05-14,2025-05-14,C1030,Sandusky Marine and Supply,4884.79,,2025-05
INV-251250,2025-05-14,2025-05-14,C1033,Summit Healthcare Group Inc.,13423.3,PO 49726,2025-05
INV-251251,2025-05-14,2025-05-13,C1036,University Circle Services,4477.54,,2025-05
INV-251252,2025-05-14,2025-05-14,C1040,Youngstown Metal Works Inc.,4475.12,,2025-05
INV-251253,2025-05-15,2025-05-15,C1001,Allegheny Property Management LLC,35061.17,,2025-05
INV-251254,2025-05-15,2025-05-15,C1002,Bayview Medical Center Inc.,6576.64,,2025-05
INV-251255,2025-05-15,2025-05-15,C1003,Cardinal Hospitality Group LLC,40431.31,,2025-05
INV-251256,2025-05-15,2025-05-14,C1006,Delmar Janitorial Services LLC,10362.92,,2025-05
INV-251257,2025-05-15,2025-05-14,C1007,Eastgate Office Partners,4977.34,,2025-05
INV-251258,2025-05-15,2025-05-15,C1010,Forest City Hotels and Resorts,6214.13,,2025-05
INV-251259,2025-05-15,2025-05-15,C1010,Forest City Hotels and Resorts,8576.53,PO 48823,2025-05
INV-251260,2025-05-15,2025-05-15,C1024,North Coast Restaurants LLC,9823.6,,2025-05
INV-251261,2025-05-15,2025-05-15,C1025,Oak Ridge Office Parks,14683.2,PO 43825,2025-05
INV-251262,2025-05-15,2025-05-15,C1033,Summit Healthcare Group Inc.,2882.65,Standing order,2025-05
INV-251263,2025-05-15,2025-05-14,C1035,Twinsburg Industrial Park LLC,10565.27,PO 40707,2025-05
INV-251264,2025-05-15,2025-05-15,C1035,Twinsburg Industrial Park LLC,5480.37,Standing order,2025-05
INV-251265,2025-05-15,2025-05-14,C1038,Westlake Commercial Cleaning Company,6413.65,,2025-05
INV-251266,2025-05-16,2025-05-16,C1002,Bayview Medical Center Inc.,18991.97,PO 41818,2025-05
INV-251267,2025-05-16,2025-05-16,C1002,Bayview Medical Center Inc.,7249.69,,2025-05
INV-251268,2025-05-16,2025-05-15,C1005,Clearwater Janitorial Company,10398.42,PO 44590,2025-05
INV-251269,2025-05-16,2025-05-16,C1007,Eastgate Office Partners,12729.54,,2025-05
INV-251270,2025-05-16,2025-05-15,C1020,Lorain Distribution Company,5590.51,,2025-05
INV-251271,2025-05-16,2025-05-15,C1022,Medina Auto Group,7219.03,,2025-05
INV-251272,2025-05-16,2025-05-16,C1023,Midwest Stadium Services Inc.,2412.29,Standing order,2025-05
INV-251273,2025-05-16,2025-05-16,C1028,Portage Cold Storage Company,12107.71,PO 40461,2025-05
INV-251274,2025-05-16,2025-05-15,C1035,Twinsburg Industrial Park LLC,7709.68,PO 48571,2025-05
INV-251275,2025-05-16,2025-05-16,C1040,Youngstown Metal Works Inc.,14283.86,Standing order,2025-05
INV-251276,2025-05-19,2025-05-19,C1002,Bayview Medical Center Inc.,3881.32,Standing order,2025-05
INV-251277,2025-05-19,2025-05-19,C1002,Bayview Medical Center Inc.,8214.32,,2025-05
INV-251278,2025-05-19,2025-05-19,C1007,Eastgate Office Partners,23590.65,,2025-05
INV-251279,2025-05-19,2025-05-19,C1009,Fairlawn Public Schools,5990.18,,2025-05
INV-251280,2025-05-19,2025-05-19,C1009,Fairlawn Public Schools,7079.77,,2025-05
INV-251281,2025-05-19,2025-05-19,C1011,Garfield Industrial Company,22499.77,,2025-05
INV-251282,2025-05-19,2025-05-19,C1018,Kent Valley Hospital,2140.08,,2025-05
INV-251283,2025-05-19,2025-05-19,C1033,Summit Healthcare Group Inc.,7500.9,PO 48537,2025-05
INV-251284,2025-05-19,2025-05-19,C1035,Twinsburg Industrial Park LLC,15800.99,,2025-05
INV-251285,2025-05-19,2025-05-19,C1038,Westlake Commercial Cleaning Company,5888.83,Standing order,2025-05
INV-251286,2025-05-19,2025-05-19,C1038,Westlake Commercial Cleaning Company,10813.6,,2025-05
INV-251287,2025-05-19,2025-05-19,C1040,Youngstown Metal Works Inc.,4723.95,,2025-05
INV-251288,2025-05-19,2025-05-18,C1040,Youngstown Metal Works Inc.,14137.64,,2025-05
INV-251289,2025-05-20,2025-05-20,C1012,Great Lakes Logistics Inc.,5140.57,,2025-05
INV-251290,2025-05-20,2025-05-20,C1015,Heritage Food Services Inc.,1590.1,,2025-05
INV-251291,2025-05-20,2025-05-20,C1018,Kent Valley Hospital,9733.74,PO 47691,2025-05
INV-251292,2025-05-20,2025-05-19,C1030,Sandusky Marine and Supply,22556.01,PO 49330,2025-05
INV-251293,2025-05-20,2025-05-20,C1035,Twinsburg Industrial Park LLC,6167.44,,2025-05
INV-251294,2025-05-20,2025-05-20,C1035,Twinsburg Industrial Park LLC,7197.65,Standing order,2025-05
INV-251295,2025-05-20,2025-05-20,C1038,Westlake Commercial Cleaning Company,25401.78,PO 48001,2025-05
INV-251296,2025-05-20,2025-05-19,C1040,Youngstown Metal Works Inc.,36343.44,,2025-05
INV-251297,2025-05-20,2025-05-20,C1040,Youngstown Metal Works Inc.,15374.95,PO 44012,2025-05
INV-251298,2025-05-20,2025-05-19,C1040,Youngstown Metal Works Inc.,24277.97,,2025-05
INV-251299,2025-05-21,2025-05-21,C1003,Cardinal Hospitality Group LLC,3267.98,,2025-05
INV-251300,2025-05-21,2025-05-21,C1011,Garfield Industrial Company,3148.98,,2025-05
INV-251301,2025-05-21,2025-05-21,C1011,Garfield Industrial Company,4456.18,PO 44902,2025-05
INV-251302,2025-05-21,2025-05-20,C1012,Great Lakes Logistics Inc.,9397.29,,2025-05
INV-251303,2025-05-21,2025-05-21,C1013,Hamilton County Services,5727.77,PO 40438,2025-05
INV-251304,2025-05-21,2025-05-21,C1023,Midwest Stadium Services Inc.,8277.02,,2025-05
INV-251305,2025-05-21,2025-05-21,C1025,Oak Ridge Office Parks,17519.92,,2025-05
INV-251306,2025-05-21,2025-05-21,C1026,Parma Community College,10923.21,,2025-05
INV-251307,2025-05-21,2025-05-21,C1026,Parma Community College,32880.25,,2025-05
INV-251308,2025-05-21,2025-05-21,C1028,Portage Cold Storage Company,18316.95,,2025-05
INV-251309,2025-05-21,2025-05-21,C1038,Westlake Commercial Cleaning Company,4027.76,PO 40201,2025-05
INV-251310,2025-05-21,2025-05-21,C1038,Westlake Commercial Cleaning Company,11288.05,,2025-05
INV-251311,2025-05-21,2025-05-20,C1040,Youngstown Metal Works Inc.,4731.24,PO 42151,2025-05
INV-251312,2025-05-22,2025-05-22,C1005,Clearwater Janitorial Company,9103.09,PO 49609,2025-05
INV-251313,2025-05-22,2025-05-22,C1012,Great Lakes Logistics Inc.,7366.38,,2025-05
INV-251314,2025-05-22,2025-05-21,C1012,Great Lakes Logistics Inc.,19539.04,Standing order,2025-05
INV-251315,2025-05-22,2025-05-22,C1023,Midwest Stadium Services Inc.,14145.96,,2025-05
INV-251316,2025-05-22,2025-05-22,C1025,Oak Ridge Office Parks,9314.88,Standing order,2025-05
INV-251317,2025-05-22,2025-05-22,C1025,Oak Ridge Office Parks,35306.46,Standing order,2025-05
INV-251318,2025-05-22,2025-05-22,C1040,Youngstown Metal Works Inc.,8364.89,Standing order,2025-05
INV-251319,2025-05-22,2025-05-22,C1040,Youngstown Metal Works Inc.,5452.52,,2025-05
INV-251320,2025-05-23,2025-05-23,C1002,Bayview Medical Center Inc.,8703.83,,2025-05
INV-251321,2025-05-23,2025-05-22,C1002,Bayview Medical Center Inc.,4744.03,Standing order,2025-05
INV-251322,2025-05-23,2025-05-23,C1011,Garfield Industrial Company,6930.45,,2025-05
INV-251323,2025-05-23,2025-05-23,C1011,Garfield Industrial Company,9265.05,PO 49335,2025-05
INV-251324,2025-05-23,2025-05-23,C1014,Harborview Apartments LLC,6841.74,,2025-05
INV-251325,2025-05-23,2025-05-22,C1014,Harborview Apartments LLC,21186.93,PO 49272,2025-05
INV-251326,2025-05-23,2025-05-22,C1022,Medina Auto Group,2524.29,PO 40317,2025-05
INV-251327,2025-05-23,2025-05-23,C1022,Medina Auto Group,4176.92,,2025-05
INV-251328,2025-05-23,2025-05-23,C1025,Oak Ridge Office Parks,2252.55,PO 40719,2025-05
INV-251329,2025-05-23,2025-05-22,C1026,Parma Community College,4453.36,,2025-05
INV-251330,2025-05-23,2025-05-23,C1028,Portage Cold Storage Company,18332.85,PO 49822,2025-05
INV-251331,2025-05-23,2025-05-23,C1028,Portage Cold Storage Company,4880.25,PO 49804,2025-05
INV-251332,2025-05-23,2025-05-23,C1032,Stark County Services,1229.33,,2025-05
INV-251333,2025-05-26,2025-05-26,C1003,Cardinal Hospitality Group LLC,7287.21,Standing order,2025-05
INV-251334,2025-05-26,2025-05-26,C1015,Heritage Food Services Inc.,1925.71,Standing order,2025-05
INV-251335,2025-05-26,2025-05-26,C1015,Heritage Food Services Inc.,21566.5,Standing order,2025-05
INV-251336,2025-05-26,2025-05-25,C1021,Maple Heights Facilities LLC,3637.07,,2025-05
INV-251337,2025-05-26,2025-05-26,C1023,Midwest Stadium Services Inc.,7150.39,,2025-05
INV-251338,2025-05-26,2025-05-26,C1026,Parma Community College,11308.12,Standing order,2025-05
INV-251339,2025-05-26,2025-05-26,C1035,Twinsburg Industrial Park LLC,2010.1,,2025-05
INV-251340,2025-05-26,2025-05-26,C1038,Westlake Commercial Cleaning Company,17602.69,,2025-05
INV-251341,2025-05-26,2025-05-26,C1038,Westlake Commercial Cleaning Company,3867.91,,2025-05
INV-251342,2025-05-26,2025-05-26,C1038,Westlake Commercial Cleaning Company,2202.94,,2025-05
INV-251343,2025-05-26,2025-05-26,C1040,Youngstown Metal Works Inc.,23956.38,,2025-05
INV-251344,2025-05-26,2025-05-26,C1040,Youngstown Metal Works Inc.,11815.12,,2025-05
INV-251345,2025-05-27,2025-05-27,C1006,Delmar Janitorial Services LLC,15765.39,,2025-05
INV-251346,2025-05-27,2025-05-26,C1007,Eastgate Office Partners,2105.96,,2025-05
INV-251347,2025-05-27,2025-05-27,C1011,Garfield Industrial Company,12823.32,PO 43427,2025-05
INV-251348,2025-05-27,2025-05-27,C1022,Medina Auto Group,4490.17,Standing order,2025-05
INV-251349,2025-05-27,2025-05-27,C1023,Midwest Stadium Services Inc.,1323.38,,2025-05
INV-251350,2025-05-27,2025-05-27,C1023,Midwest Stadium Services Inc.,3677.92,,2025-05
INV-251351,2025-05-27,2025-05-27,C1025,Oak Ridge Office Parks,4071.96,,2025-05
INV-251352,2025-05-27,2025-05-26,C1025,Oak Ridge Office Parks,4690.17,,2025-05
INV-251353,2025-05-27,2025-05-27,C1030,Sandusky Marine and Supply,2553.51,PO 46576,2025-05
INV-251354,2025-05-27,2025-05-27,C1037,Valley View Hotels Inc.,25372.35,PO 43862,2025-05
INV-251355,2025-05-27,2025-05-27,C1038,Westlake Commercial Cleaning Company,21447.41,Standing order,2025-05
INV-251356,2025-05-27,2025-05-26,C1039,Willoughby Tech Center,5344.3,,2025-05
INV-251357,2025-05-27,2025-05-27,C1040,Youngstown Metal Works Inc.,11720.18,,2025-05
INV-251358,2025-05-28,2025-05-28,C1001,Allegheny Property Management LLC,7255.62,,2025-05
INV-251359,2025-05-28,2025-05-27,C1002,Bayview Medical Center Inc.,4295.25,Standing order,2025-05
INV-251360,2025-05-28,2025-05-27,C1002,Bayview Medical Center Inc.,12200.79,,2025-05
INV-251361,2025-05-28,2025-05-27,C1002,Bayview Medical Center Inc.,10399.57,,2025-05
INV-251362,2025-05-28,2025-05-27,C1010,Forest City Hotels and Resorts,12810.27,Standing order,2025-05
INV-251363,2025-05-28,2025-05-28,C1023,Midwest Stadium Services Inc.,8263.62,PO 42086,2025-05
INV-251364,2025-05-28,2025-05-28,C1026,Parma Community College,5752.22,,2025-05
INV-251365,2025-05-28,2025-05-28,C1026,Parma Community College,12218.21,Standing order,2025-05
INV-251366,2025-05-28,2025-05-28,C1033,Summit Healthcare Group Inc.,4928.57,,2025-05
INV-251367,2025-05-28,2025-05-28,C1033,Summit Healthcare Group Inc.,18144.88,Standing order,2025-05
INV-251368,2025-05-28,2025-05-27,C1038,Westlake Commercial Cleaning Company,6851.7,Standing order,2025-05
INV-251369,2025-05-28,2025-05-28,C1038,Westlake Commercial Cleaning Company,2857.08,,2025-05
INV-251370,2025-05-28,2025-05-27,C1038,Westlake Commercial Cleaning Company,10021.75,,2025-05
INV-251371,2025-05-29,2025-05-28,C1007,Eastgate Office Partners,15905.04,PO 43736,2025-05
INV-251372,2025-05-29,2025-05-29,C1011,Garfield Industrial Company,8490.73,,2025-05
INV-251373,2025-05-29,2025-05-29,C1012,Great Lakes Logistics Inc.,16026.5,Standing order,2025-05
INV-251374,2025-05-29,2025-05-29,C1012,Great Lakes Logistics Inc.,10284.04,,2025-05
INV-251375,2025-05-29,2025-05-28,C1012,Great Lakes Logistics Inc.,27250.44,,2025-05
INV-251376,2025-05-29,2025-05-29,C1012,Great Lakes Logistics Inc.,25001.71,Standing order,2025-05
INV-251377,2025-05-29,2025-05-29,C1015,Heritage Food Services Inc.,10423.52,PO 40462,2025-05
INV-251378,2025-05-29,2025-05-29,C1020,Lorain Distribution Company,7868.99,PO 49007,2025-05
INV-251379,2025-05-29,2025-05-28,C1022,Medina Auto Group,9048.45,,2025-05
INV-251380,2025-05-29,2025-05-28,C1022,Medina Auto Group,2924.86,,2025-05
INV-251381,2025-05-29,2025-05-29,C1025,Oak Ridge Office Parks,8249.82,,2025-05
INV-251382,2025-05-29,2025-05-29,C1032,Stark County Services,18115.61,Standing order,2025-05
INV-251383,2025-05-29,2025-05-29,C1035,Twinsburg Industrial Park LLC,2903.55,Standing order,2025-05
INV-251384,2025-05-29,2025-05-29,C1035,Twinsburg Industrial Park LLC,5251.83,,2025-05
INV-251385,2025-05-29,2025-05-28,C1036,University Circle Services,57916.72,,2025-05
INV-251386,2025-05-29,2025-05-29,C1040,Youngstown Metal Works Inc.,6098.94,,2025-05
INV-251387,2025-05-29,2025-05-29,C1040,Youngstown Metal Works Inc.,8805.14,,2025-05
INV-251388,2025-05-30,2025-05-30,C1003,Cardinal Hospitality Group LLC,15163.79,,2025-05
INV-251389,2025-05-30,2025-05-30,C1006,Delmar Janitorial Services LLC,8473.57,Standing order,2025-05
INV-251390,2025-05-30,2025-05-30,C1009,Fairlawn Public Schools,12963.84,,2025-05
INV-251391,2025-05-30,2025-05-30,C1015,Heritage Food Services Inc.,3952.34,,2025-05
INV-251392,2025-05-30,2025-05-30,C1023,Midwest Stadium Services Inc.,34659.99,,2025-05
INV-251393,2025-05-30,2025-05-30,C1023,Midwest Stadium Services Inc.,38269.4,Standing order,2025-05
INV-251394,2025-05-30,2025-05-30,C1025,Oak Ridge Office Parks,29006.96,,2025-05
INV-251395,2025-05-30,2025-05-30,C1026,Parma Community College,7484.56,,2025-05
INV-251396,2025-05-30,2025-05-30,C1026,Parma Community College,3548.16,,2025-05
INV-251397,2025-05-30,2025-05-30,C1030,Sandusky Marine and Supply,69854.77,,2025-05
INV-251398,2025-05-30,2025-05-30,C1035,Twinsburg Industrial Park LLC,13031.39,PO 42360,2025-05
INV-251399,2025-05-30,2025-05-30,C1038,Westlake Commercial Cleaning Company,16729.38,,2025-05
INV-251400,2025-05-30,2025-05-30,C1038,Westlake Commercial Cleaning Company,4527.2,Standing order,2025-05
INV-251401,2025-05-30,2025-05-30,C1040,Youngstown Metal Works Inc.,9742.93,,2025-05
INV-251402,2025-06-02,2025-06-02,C1011,Garfield Industrial Company,11404.41,,2025-06
INV-251403,2025-06-02,2025-06-02,C1011,Garfield Industrial Company,8270.36,PO 42861,2025-06
INV-251404,2025-06-02,2025-06-02,C1026,Parma Community College,11736.66,Standing order,2025-06
INV-251405,2025-06-02,2025-06-01,C1026,Parma Community College,30405.67,,2025-06
INV-251406,2025-06-02,2025-06-02,C1033,Summit Healthcare Group Inc.,6557.99,,2025-06
INV-251407,2025-06-02,2025-06-02,C1034,Tri-State Warehouse Company,14638.19,Standing order,2025-06
INV-251408,2025-06-02,2025-06-01,C1036,University Circle Services,3009.76,PO 45006,2025-06
INV-251409,2025-06-02,2025-06-02,C1038,Westlake Commercial Cleaning Company,29712.59,,2025-06
INV-251410,2025-06-02,2025-06-02,C1038,Westlake Commercial Cleaning Company,9722.1,PO 49191,2025-06
INV-251411,2025-06-02,2025-06-01,C1040,Youngstown Metal Works Inc.,13759.89,,2025-06
INV-251412,2025-06-02,2025-06-02,C1040,Youngstown Metal Works Inc.,11218.58,,2025-06
INV-251413,2025-06-02,2025-06-02,C1040,Youngstown Metal Works Inc.,7742.05,,2025-06
INV-251414,2025-06-02,2025-06-02,C1040,Youngstown Metal Works Inc.,2873.47,,2025-06
INV-251415,2025-06-03,2025-06-03,C1002,Bayview Medical Center Inc.,5931.91,,2025-06
INV-251416,2025-06-03,2025-06-03,C1002,Bayview Medical Center Inc.,7411.76,PO 47273,2025-06
INV-251417,2025-06-03,2025-06-03,C1002,Bayview Medical Center Inc.,13442.12,Standing order,2025-06
INV-251418,2025-06-03,2025-06-03,C1011,Garfield Industrial Company,5159.02,,2025-06
INV-251419,2025-06-03,2025-06-03,C1011,Garfield Industrial Company,6502.44,,2025-06
INV-251420,2025-06-03,2025-06-02,C1016,Highland Manufacturing Company,23940.57,,2025-06
INV-251421,2025-06-03,2025-06-03,C1017,Ironwood Property Services,9990.5,,2025-06
INV-251422,2025-06-03,2025-06-03,C1018,Kent Valley Hospital,10890.66,Standing order,2025-06
INV-251423,2025-06-03,2025-06-02,C1020,Lorain Distribution Company,4249.22,Standing order,2025-06
INV-251424,2025-06-03,2025-06-02,C1025,Oak Ridge Office Parks,7841.58,,2025-06
INV-251425,2025-06-03,2025-06-02,C1033,Summit Healthcare Group Inc.,14552.43,,2025-06
INV-251426,2025-06-03,2025-06-03,C1035,Twinsburg Industrial Park LLC,4711.86,PO 48634,2025-06
INV-251427,2025-06-03,2025-06-03,C1040,Youngstown Metal Works Inc.,15042.94,,2025-06
INV-251428,2025-06-04,2025-06-04,C1002,Bayview Medical Center Inc.,12359.62,,2025-06
INV-251429,2025-06-04,2025-06-04,C1002,Bayview Medical Center Inc.,34488.88,,2025-06
INV-251430,2025-06-04,2025-06-04,C1007,Eastgate Office Partners,16573.45,,2025-06
INV-251431,2025-06-04,2025-06-03,C1010,Forest City Hotels and Resorts,3608.24,,2025-06
INV-251432,2025-06-04,2025-06-04,C1010,Forest City Hotels and Resorts,31238.14,,2025-06
INV-251433,2025-06-04,2025-06-04,C1014,Harborview Apartments LLC,4056.35,,2025-06
INV-251434,2025-06-04,2025-06-04,C1018,Kent Valley Hospital,6563.77,PO 43903,2025-06
INV-251435,2025-06-04,2025-06-04,C1018,Kent Valley Hospital,8144.47,PO 40922,2025-06
INV-251436,2025-06-04,2025-06-04,C1022,Medina Auto Group,11868.13,,2025-06
INV-251437,2025-06-04,2025-06-03,C1024,North Coast Restaurants LLC,5857.9,Standing order,2025-06
INV-251438,2025-06-04,2025-06-04,C1024,North Coast Restaurants LLC,12781.8,,2025-06
INV-251439,2025-06-04,2025-06-04,C1025,Oak Ridge Office Parks,9559.57,Standing order,2025-06
INV-251440,2025-06-04,2025-06-04,C1025,Oak Ridge Office Parks,8458.51,,2025-06
INV-251441,2025-06-04,2025-06-04,C1033,Summit Healthcare Group Inc.,23809.81,Standing order,2025-06
INV-251442,2025-06-04,2025-06-04,C1035,Twinsburg Industrial Park LLC,58094.7,,2025-06
INV-251443,2025-06-04,2025-06-04,C1035,Twinsburg Industrial Park LLC,10410.34,PO 47582,2025-06
INV-251444,2025-06-04,2025-06-04,C1038,Westlake Commercial Cleaning Company,9562.34,PO 49079,2025-06
INV-251445,2025-06-04,2025-06-04,C1040,Youngstown Metal Works Inc.,20156.34,Standing order,2025-06
INV-251446,2025-06-05,2025-06-04,C1002,Bayview Medical Center Inc.,5624.45,PO 41643,2025-06
INV-251447,2025-06-05,2025-06-05,C1005,Clearwater Janitorial Company,7062.88,,2025-06
INV-251448,2025-06-05,2025-06-05,C1016,Highland Manufacturing Company,50953.1,,2025-06
INV-251449,2025-06-05,2025-06-05,C1017,Ironwood Property Services,5038.85,,2025-06
INV-251450,2025-06-05,2025-06-05,C1018,Kent Valley Hospital,10164.83,Standing order,2025-06
INV-251451,2025-06-05,2025-06-04,C1018,Kent Valley Hospital,10860.2,,2025-06
INV-251452,2025-06-05,2025-06-04,C1022,Medina Auto Group,2280.07,,2025-06
INV-251453,2025-06-05,2025-06-05,C1028,Portage Cold Storage Company,5357.98,Standing order,2025-06
INV-251454,2025-06-05,2025-06-05,C1029,Riverside Fitness Clubs LLC,26082.95,,2025-06
INV-251455,2025-06-05,2025-06-04,C1035,Twinsburg Industrial Park LLC,3574.67,PO 40272,2025-06
INV-251456,2025-06-05,2025-06-04,C1035,Twinsburg Industrial Park LLC,14964.57,,2025-06
INV-251457,2025-06-05,2025-06-05,C1036,University Circle Services,9615.27,,2025-06
INV-251458,2025-06-05,2025-06-05,C1038,Westlake Commercial Cleaning Company,11504.19,PO 48587,2025-06
INV-251459,2025-06-05,2025-06-05,C1038,Westlake Commercial Cleaning Company,9086.8,,2025-06
INV-251460,2025-06-05,2025-06-04,C1038,Westlake Commercial Cleaning Company,6732.61,Standing order,2025-06
INV-251461,2025-06-06,2025-06-06,C1002,Bayview Medical Center Inc.,6134.05,Standing order,2025-06
INV-251462,2025-06-06,2025-06-06,C1007,Eastgate Office Partners,4708.74,Standing order,2025-06
INV-251463,2025-06-06,2025-06-06,C1022,Medina Auto Group,22974.31,,2025-06
INV-251464,2025-06-06,2025-06-05,C1026,Parma Community College,8974.83,,2025-06
INV-251465,2025-06-06,2025-06-05,C1027,Pinnacle Building Services Inc.,4822.38,PO 42101,2025-06
INV-251466,2025-06-06,2025-06-06,C1032,Stark County Services,12471.27,,2025-06
INV-251467,2025-06-06,2025-06-06,C1032,Stark County Services,4727.93,,2025-06
INV-251468,2025-06-06,2025-06-06,C1035,Twinsburg Industrial Park LLC,8548.06,,2025-06
INV-251469,2025-06-06,2025-06-06,C1035,Twinsburg Industrial Park LLC,23615.38,,2025-06
INV-251470,2025-06-06,2025-06-06,C1038,Westlake Commercial Cleaning Company,22591.29,,2025-06
INV-251471,2025-06-09,2025-06-08,C1001,Allegheny Property Management LLC,11301.71,,2025-06
INV-251472,2025-06-09,2025-06-09,C1002,Bayview Medical Center Inc.,1501.77,Standing order,2025-06
INV-251473,2025-06-09,2025-06-08,C1011,Garfield Industrial Company,12616.44,PO 45638,2025-06
INV-251474,2025-06-09,2025-06-09,C1015,Heritage Food Services Inc.,9029.75,,2025-06
INV-251475,2025-06-09,2025-06-08,C1022,Medina Auto Group,14917.85,Standing order,2025-06
INV-251476,2025-06-09,2025-06-09,C1022,Medina Auto Group,8051.25,,2025-06
INV-251477,2025-06-09,2025-06-09,C1025,Oak Ridge Office Parks,16812.76,,2025-06
INV-251478,2025-06-09,2025-06-08,C1026,Parma Community College,11332.09,Standing order,2025-06
INV-251479,2025-06-09,2025-06-09,C1026,Parma Community College,27100.45,,2025-06
INV-251480,2025-06-09,2025-06-09,C1026,Parma Community College,30398.07,,2025-06
INV-251481,2025-06-09,2025-06-09,C1027,Pinnacle Building Services Inc.,3934.56,,2025-06
INV-251482,2025-06-09,2025-06-09,C1033,Summit Healthcare Group Inc.,1705.98,,2025-06
INV-251483,2025-06-09,2025-06-09,C1034,Tri-State Warehouse Company,17999.22,PO 40479,2025-06
INV-251484,2025-06-09,2025-06-09,C1036,University Circle Services,5386.34,,2025-06
INV-251485,2025-06-09,2025-06-09,C1036,University Circle Services,1518.76,Standing order,2025-06
INV-251486,2025-06-09,2025-06-09,C1039,Willoughby Tech Center,13909.58,Standing order,2025-06
INV-251487,2025-06-09,2025-06-09,C1040,Youngstown Metal Works Inc.,31314.91,PO 41057,2025-06
INV-251488,2025-06-09,2025-06-09,C1040,Youngstown Metal Works Inc.,16590.75,,2025-06
INV-251489,2025-06-09,2025-06-09,C1040,Youngstown Metal Works Inc.,5634.91,,2025-06
INV-251490,2025-06-09,2025-06-08,C1040,Youngstown Metal Works Inc.,16122.25,,2025-06
INV-251491,2025-06-10,2025-06-09,C1002,Bayview Medical Center Inc.,4471.21,,2025-06
INV-251492,2025-06-10,2025-06-10,C1004,Cedar Point Facility Services,34953.88,,2025-06
INV-251493,2025-06-10,2025-06-10,C1007,Eastgate Office Partners,5135.99,,2025-06
INV-251494,2025-06-10,2025-06-10,C1012,Great Lakes Logistics Inc.,6664.95,,2025-06
INV-251495,2025-06-10,2025-06-10,C1020,Lorain Distribution Company,10985.1,,2025-06
INV-251496,2025-06-10,2025-06-10,C1025,Oak Ridge Office Parks,7232.71,,2025-06
INV-251497,2025-06-10,2025-06-10,C1025,Oak Ridge Office Parks,7445.9,,2025-06
INV-251498,2025-06-10,2025-06-10,C1026,Parma Community College,11444.43,,2025-06
INV-251499,2025-06-10,2025-06-10,C1035,Twinsburg Industrial Park LLC,6911.65,,2025-06
INV-251500,2025-06-10,2025-06-10,C1038,Westlake Commercial Cleaning Company,2405.73,Standing order,2025-06
INV-251501,2025-06-10,2025-06-10,C1040,Youngstown Metal Works Inc.,12563.35,,2025-06
INV-251502,2025-06-10,2025-06-10,C1040,Youngstown Metal Works Inc.,30773.9,,2025-06
INV-251503,2025-06-10,2025-06-09,C1040,Youngstown Metal Works Inc.,7654.5,PO 40863,2025-06
INV-251504,2025-06-11,2025-06-11,C1003,Cardinal Hospitality Group LLC,6743.0,,2025-06
INV-251505,2025-06-11,2025-06-11,C1004,Cedar Point Facility Services,13733.78,,2025-06
INV-251506,2025-06-11,2025-06-10,C1005,Clearwater Janitorial Company,9376.34,,2025-06
INV-251507,2025-06-11,2025-06-10,C1007,Eastgate Office Partners,4671.97,Standing order,2025-06
INV-251508,2025-06-11,2025-06-11,C1007,Eastgate Office Partners,15032.03,,2025-06
INV-251509,2025-06-11,2025-06-11,C1008,Evergreen Senior Living Inc.,6184.93,,2025-06
INV-251510,2025-06-11,2025-06-11,C1014,Harborview Apartments LLC,5193.85,,2025-06
INV-251511,2025-06-11,2025-06-11,C1020,Lorain Distribution Company,4184.51,,2025-06
INV-251512,2025-06-11,2025-06-11,C1022,Medina Auto Group,6736.53,,2025-06
INV-251513,2025-06-11,2025-06-11,C1025,Oak Ridge Office Parks,23447.42,Standing order,2025-06
INV-251514,2025-06-11,2025-06-11,C1026,Parma Community College,9851.56,,2025-06
INV-251515,2025-06-11,2025-06-10,C1028,Portage Cold Storage Company,33164.32,PO 49140,2025-06
INV-251516,2025-06-11,2025-06-11,C1028,Portage Cold Storage Company,2882.52,,2025-06
INV-251517,2025-06-11,2025-06-11,C1033,Summit Healthcare Group Inc.,15811.75,,2025-06
INV-251518,2025-06-11,2025-06-11,C1036,University Circle Services,3822.02,,2025-06
INV-251519,2025-06-12,2025-06-12,C1002,Bayview Medical Center Inc.,2012.57,,2025-06
INV-251520,2025-06-12,2025-06-12,C1005,Clearwater Janitorial Company,5991.18,,2025-06
INV-251521,2025-06-12,2025-06-11,C1008,Evergreen Senior Living Inc.,12202.79,,2025-06
INV-251522,2025-06-12,2025-06-11,C1013,Hamilton County Services,5716.05,,2025-06
INV-251523,2025-06-12,2025-06-12,C1021,Maple Heights Facilities LLC,25019.09,PO 45731,2025-06
INV-251524,2025-06-12,2025-06-11,C1026,Parma Community College,3011.83,,2025-06
INV-251525,2025-06-12,2025-06-11,C1027,Pinnacle Building Services Inc.,4690.97,,2025-06
INV-251526,2025-06-12,2025-06-12,C1032,Stark County Services,28780.57,,2025-06
INV-251527,2025-06-12,2025-06-12,C1032,Stark County Services,14436.52,PO 40779,2025-06
INV-251528,2025-06-12,2025-06-12,C1033,Summit Healthcare Group Inc.,14317.59,,2025-06
INV-251529,2025-06-12,2025-06-12,C1035,Twinsburg Industrial Park LLC,7875.82,Standing order,2025-06
INV-251530,2025-06-12,2025-06-11,C1037,Valley View Hotels Inc.,6249.38,,2025-06
INV-251531,2025-06-12,2025-06-12,C1038,Westlake Commercial Cleaning Company,15623.79,,2025-06
INV-251532,2025-06-12,2025-06-12,C1038,Westlake Commercial Cleaning Company,14219.26,,2025-06
INV-251533,2025-06-12,2025-06-11,C1040,Youngstown Metal Works Inc.,6046.58,PO 46448,2025-06
INV-251534,2025-06-12,2025-06-12,C1040,Youngstown Metal Works Inc.,16877.42,,2025-06
INV-251535,2025-06-12,2025-06-12,C1040,Youngstown Metal Works Inc.,23347.0,,2025-06
INV-251536,2025-06-13,2025-06-13,C1003,Cardinal Hospitality Group LLC,13324.36,Standing order,2025-06
INV-251537,2025-06-13,2025-06-13,C1003,Cardinal Hospitality Group LLC,8018.11,,2025-06
INV-251538,2025-06-13,2025-06-13,C1007,Eastgate Office Partners,17248.05,,2025-06
INV-251539,2025-06-13,2025-06-12,C1020,Lorain Distribution Company,6085.48,,2025-06
INV-251540,2025-06-13,2025-06-12,C1021,Maple Heights Facilities LLC,5077.75,,2025-06
INV-251541,2025-06-13,2025-06-13,C1024,North Coast Restaurants LLC,5831.83,,2025-06
INV-251542,2025-06-13,2025-06-12,C1025,Oak Ridge Office Parks,20821.17,PO 40749,2025-06
INV-251543,2025-06-13,2025-06-13,C1026,Parma Community College,4197.17,Standing order,2025-06
INV-251544,2025-06-13,2025-06-13,C1026,Parma Community College,5882.44,,2025-06
INV-251545,2025-06-13,2025-06-13,C1035,Twinsburg Industrial Park LLC,17210.34,,2025-06
INV-251546,2025-06-13,2025-06-13,C1037,Valley View Hotels Inc.,8368.33,Standing order,2025-06
INV-251547,2025-06-13,2025-06-13,C1040,Youngstown Metal Works Inc.,30662.82,,2025-06
INV-251548,2025-06-16,2025-06-16,C1002,Bayview Medical Center Inc.,6080.29,,2025-06
INV-251549,2025-06-16,2025-06-15,C1002,Bayview Medical Center Inc.,8956.52,,2025-06
INV-251550,2025-06-16,2025-06-16,C1005,Clearwater Janitorial Company,12830.65,,2025-06
INV-251551,2025-06-16,2025-06-15,C1015,Heritage Food Services Inc.,48520.79,,2025-06
INV-251552,2025-06-16,2025-06-16,C1016,Highland Manufacturing Company,4106.55,,2025-06
INV-251553,2025-06-16,2025-06-16,C1018,Kent Valley Hospital,23907.73,Standing order,2025-06
INV-251554,2025-06-16,2025-06-16,C1021,Maple Heights Facilities LLC,2508.36,Standing order,2025-06
INV-251555,2025-06-16,2025-06-16,C1023,Midwest Stadium Services Inc.,5416.51,,2025-06
INV-251556,2025-06-16,2025-06-16,C1024,North Coast Restaurants LLC,1559.28,PO 41114,2025-06
INV-251557,2025-06-16,2025-06-16,C1026,Parma Community College,24798.3,Standing order,2025-06
INV-251558,2025-06-16,2025-06-16,C1038,Westlake Commercial Cleaning Company,10175.59,PO 42430,2025-06
INV-251559,2025-06-17,2025-06-17,C1002,Bayview Medical Center Inc.,1846.61,PO 46691,2025-06
INV-251560,2025-06-17,2025-06-17,C1002,Bayview Medical Center Inc.,13865.65,PO 46526,2025-06
INV-251561,2025-06-17,2025-06-17,C1002,Bayview Medical Center Inc.,10202.36,PO 40208,2025-06
INV-251562,2025-06-17,2025-06-16,C1008,Evergreen Senior Living Inc.,7154.76,,2025-06
INV-251563,2025-06-17,2025-06-17,C1011,Garfield Industrial Company,4008.67,,2025-06
INV-251564,2025-06-17,2025-06-17,C1011,Garfield Industrial Company,14894.97,,2025-06
INV-251565,2025-06-17,2025-06-17,C1012,Great Lakes Logistics Inc.,4659.83,PO 48570,2025-06
INV-251566,2025-06-17,2025-06-17,C1014,Harborview Apartments LLC,7773.01,,2025-06
INV-251567,2025-06-17,2025-06-17,C1016,Highland Manufacturing Company,6849.91,,2025-06
INV-251568,2025-06-17,2025-06-16,C1018,Kent Valley Hospital,4052.99,,2025-06
INV-251569,2025-06-17,2025-06-17,C1018,Kent Valley Hospital,3353.27,PO 41130,2025-06
INV-251570,2025-06-17,2025-06-16,C1023,Midwest Stadium Services Inc.,10024.56,Standing order,2025-06
INV-251571,2025-06-17,2025-06-17,C1023,Midwest Stadium Services Inc.,8125.95,PO 44402,2025-06
INV-251572,2025-06-17,2025-06-17,C1025,Oak Ridge Office Parks,3003.12,,2025-06
INV-251573,2025-06-17,2025-06-17,C1025,Oak Ridge Office Parks,3990.43,PO 43505,2025-06
INV-251574,2025-06-17,2025-06-17,C1025,Oak Ridge Office Parks,6658.04,,2025-06
INV-251575,2025-06-17,2025-06-17,C1026,Parma Community College,5713.09,,2025-06
INV-251576,2025-06-17,2025-06-17,C1026,Parma Community College,9327.62,,2025-06
INV-251577,2025-06-17,2025-06-17,C1026,Parma Community College,7590.68,,2025-06
INV-251578,2025-06-17,2025-06-17,C1029,Riverside Fitness Clubs LLC,5731.55,,2025-06
INV-251579,2025-06-17,2025-06-17,C1035,Twinsburg Industrial Park LLC,16502.35,Standing order,2025-06
INV-251580,2025-06-17,2025-06-17,C1036,University Circle Services,50123.37,,2025-06
INV-251581,2025-06-17,2025-06-17,C1040,Youngstown Metal Works Inc.,11989.79,,2025-06
INV-251582,2025-06-18,2025-06-18,C1002,Bayview Medical Center Inc.,2191.14,PO 48536,2025-06
INV-251583,2025-06-18,2025-06-18,C1005,Clearwater Janitorial Company,8020.78,,2025-06
INV-251584,2025-06-18,2025-06-18,C1008,Evergreen Senior Living Inc.,4287.29,,2025-06
INV-251585,2025-06-18,2025-06-18,C1009,Fairlawn Public Schools,18482.31,,2025-06
INV-251586,2025-06-18,2025-06-18,C1011,Garfield Industrial Company,18432.1,,2025-06
INV-251587,2025-06-18,2025-06-18,C1012,Great Lakes Logistics Inc.,6351.46,,2025-06
INV-251588,2025-06-18,2025-06-18,C1013,Hamilton County Services,3508.87,,2025-06
INV-251589,2025-06-18,2025-06-18,C1015,Heritage Food Services Inc.,18719.16,PO 42414,2025-06
INV-251590,2025-06-18,2025-06-18,C1023,Midwest Stadium Services Inc.,3513.2,,2025-06
INV-251591,2025-06-18,2025-06-18,C1023,Midwest Stadium Services Inc.,15413.12,,2025-06
INV-251592,2025-06-18,2025-06-17,C1026,Parma Community College,6095.93,,2025-06
INV-251593,2025-06-18,2025-06-18,C1026,Parma Community College,7011.27,,2025-06
INV-251594,2025-06-18,2025-06-18,C1026,Parma Community College,6159.82,,2025-06
INV-251595,2025-06-18,2025-06-18,C1029,Riverside Fitness Clubs LLC,4929.43,PO 46321,2025-06
INV-251596,2025-06-18,2025-06-18,C1034,Tri-State Warehouse Company,9212.76,,2025-06
INV-251597,2025-06-18,2025-06-18,C1035,Twinsburg Industrial Park LLC,6370.02,Standing order,2025-06
INV-251598,2025-06-18,2025-06-17,C1040,Youngstown Metal Works Inc.,2431.19,,2025-06
INV-251599,2025-06-19,2025-06-19,C1003,Cardinal Hospitality Group LLC,8095.33,,2025-06
INV-251600,2025-06-19,2025-06-18,C1008,Evergreen Senior Living Inc.,18804.5,,2025-06
INV-251601,2025-06-19,2025-06-19,C1010,Forest City Hotels and Resorts,11730.24,,2025-06
INV-251602,2025-06-19,2025-06-19,C1011,Garfield Industrial Company,13200.4,Standing order,2025-06
INV-251603,2025-06-19,2025-06-19,C1014,Harborview Apartments LLC,24452.28,,2025-06
INV-251604,2025-06-19,2025-06-19,C1017,Ironwood Property Services,12568.3,,2025-06
INV-251605,2025-06-19,2025-06-19,C1018,Kent Valley Hospital,8052.41,,2025-06
INV-251606,2025-06-19,2025-06-19,C1025,Oak Ridge Office Parks,2252.04,,2025-06
INV-251607,2025-06-19,2025-06-19,C1025,Oak Ridge Office Parks,7974.11,,2025-06
INV-251608,2025-06-19,2025-06-19,C1025,Oak Ridge Office Parks,5574.23,,2025-06
INV-251609,2025-06-19,2025-06-19,C1027,Pinnacle Building Services Inc.,3057.33,PO 44508,2025-06
INV-251610,2025-06-19,2025-06-19,C1030,Sandusky Marine and Supply,13419.9,PO 44576,2025-06
INV-251611,2025-06-19,2025-06-19,C1030,Sandusky Marine and Supply,9344.68,,2025-06
INV-251612,2025-06-19,2025-06-19,C1035,Twinsburg Industrial Park LLC,15685.41,Standing order,2025-06
INV-251613,2025-06-19,2025-06-19,C1035,Twinsburg Industrial Park LLC,8627.48,PO 46338,2025-06
INV-251614,2025-06-19,2025-06-19,C1038,Westlake Commercial Cleaning Company,7274.24,,2025-06
INV-251615,2025-06-19,2025-06-19,C1039,Willoughby Tech Center,8775.16,,2025-06
INV-251616,2025-06-19,2025-06-18,C1039,Willoughby Tech Center,2620.49,PO 49600,2025-06
INV-251617,2025-06-19,2025-06-19,C1040,Youngstown Metal Works Inc.,13400.35,PO 49994,2025-06
INV-251618,2025-06-20,2025-06-20,C1002,Bayview Medical Center Inc.,9625.47,PO 48238,2025-06
INV-251619,2025-06-20,2025-06-20,C1003,Cardinal Hospitality Group LLC,18644.92,,2025-06
INV-251620,2025-06-20,2025-06-20,C1007,Eastgate Office Partners,10909.41,,2025-06
INV-251621,2025-06-20,2025-06-19,C1010,Forest City Hotels and Resorts,57247.31,,2025-06
INV-251622,2025-06-20,2025-06-19,C1011,Garfield Industrial Company,6425.65,Standing order,2025-06
INV-251623,2025-06-20,2025-06-20,C1013,Hamilton County Services,10390.84,,2025-06
INV-251624,2025-06-20,2025-06-20,C1015,Heritage Food Services Inc.,2721.33,PO 41115,2025-06
INV-251625,2025-06-20,2025-06-20,C1018,Kent Valley Hospital,9763.4,,2025-06
INV-251626,2025-06-20,2025-06-19,C1018,Kent Valley Hospital,4366.7,PO 48415,2025-06
INV-251627,2025-06-20,2025-06-20,C1024,North Coast Restaurants LLC,6735.25,Standing order,2025-06
INV-251628,2025-06-20,2025-06-20,C1025,Oak Ridge Office Parks,95000.0,,2025-06
INV-251629,2025-06-20,2025-06-20,C1026,Parma Community College,7981.38,,2025-06
INV-251630,2025-06-20,2025-06-20,C1030,Sandusky Marine and Supply,10299.41,Standing order,2025-06
INV-251631,2025-06-20,2025-06-20,C1030,Sandusky Marine and Supply,39663.36,,2025-06
INV-251632,2025-06-20,2025-06-20,C1032,Stark County Services,10357.27,,2025-06
INV-251633,2025-06-20,2025-06-20,C1033,Summit Healthcare Group Inc.,22086.88,PO 45291,2025-06
INV-251634,2025-06-20,2025-06-19,C1035,Twinsburg Industrial Park LLC,3277.03,PO 49147,2025-06
INV-251635,2025-06-20,2025-06-20,C1040,Youngstown Metal Works Inc.,4491.85,Standing order,2025-06
INV-251636,2025-06-23,2025-06-22,C1007,Eastgate Office Partners,8444.22,,2025-06
INV-251637,2025-06-23,2025-06-23,C1022,Medina Auto Group,6562.64,PO 45499,2025-06
INV-251638,2025-06-23,2025-06-22,C1026,Parma Community College,23359.69,,2025-06
INV-251639,2025-06-23,2025-06-23,C1027,Pinnacle Building Services Inc.,2758.55,,2025-06
INV-251640,2025-06-23,2025-06-23,C1027,Pinnacle Building Services Inc.,9301.72,,2025-06
INV-251641,2025-06-23,2025-06-22,C1032,Stark County Services,3553.54,,2025-06
INV-251642,2025-06-23,2025-06-23,C1035,Twinsburg Industrial Park LLC,7043.24,Standing order,2025-06
INV-251643,2025-06-23,2025-06-23,C1038,Westlake Commercial Cleaning Company,13426.79,,2025-06
INV-251644,2025-06-23,2025-06-23,C1040,Youngstown Metal Works Inc.,9851.8,PO 47039,2025-06
INV-251645,2025-06-24,2025-06-23,C1002,Bayview Medical Center Inc.,9348.05,,2025-06
INV-251646,2025-06-24,2025-06-24,C1003,Cardinal Hospitality Group LLC,9520.24,Standing order,2025-06
INV-251647,2025-06-24,2025-06-24,C1008,Evergreen Senior Living Inc.,3395.67,,2025-06
INV-251648,2025-06-24,2025-06-23,C1009,Fairlawn Public Schools,4762.43,,2025-06
INV-251649,2025-06-24,2025-06-24,C1011,Garfield Industrial Company,10286.36,Standing order,2025-06
INV-251650,2025-06-24,2025-06-24,C1011,Garfield Industrial Company,7064.84,,2025-06
INV-251651,2025-06-24,2025-06-23,C1012,Great Lakes Logistics Inc.,15227.18,,2025-06
INV-251652,2025-06-24,2025-06-24,C1013,Hamilton County Services,2829.14,,2025-06
INV-251653,2025-06-24,2025-06-24,C1022,Medina Auto Group,1980.1,,2025-06
INV-251654,2025-06-24,2025-06-24,C1022,Medina Auto Group,11744.24,,2025-06
INV-251655,2025-06-24,2025-06-23,C1025,Oak Ridge Office Parks,4596.49,,2025-06
INV-251656,2025-06-24,2025-06-24,C1026,Parma Community College,6672.83,PO 48716,2025-06
INV-251657,2025-06-24,2025-06-24,C1031,Shaker Square Retail Partners,2367.39,,2025-06
INV-251658,2025-06-24,2025-06-24,C1036,University Circle Services,11951.58,,2025-06
INV-251659,2025-06-24,2025-06-24,C1036,University Circle Services,3278.12,,2025-06
INV-251660,2025-06-24,2025-06-24,C1038,Westlake Commercial Cleaning Company,7518.76,,2025-06
INV-251661,2025-06-24,2025-06-24,C1039,Willoughby Tech Center,9560.11,,2025-06
INV-251662,2025-06-24,2025-06-23,C1040,Youngstown Metal Works Inc.,21721.74,,2025-06
INV-251663,2025-06-25,2025-06-24,C1001,Allegheny Property Management LLC,4793.48,,2025-06
INV-251664,2025-06-25,2025-06-25,C1002,Bayview Medical Center Inc.,4273.78,,2025-06
INV-251665,2025-06-25,2025-06-25,C1004,Cedar Point Facility Services,17081.18,,2025-06
INV-251666,2025-06-25,2025-06-24,C1006,Delmar Janitorial Services LLC,11048.93,Standing order,2025-06
INV-251667,2025-06-25,2025-06-25,C1012,Great Lakes Logistics Inc.,19202.88,Standing order,2025-06
INV-251668,2025-06-25,2025-06-25,C1014,Harborview Apartments LLC,3961.55,,2025-06
INV-251669,2025-06-25,2025-06-25,C1026,Parma Community College,4125.15,,2025-06
INV-251670,2025-06-25,2025-06-25,C1031,Shaker Square Retail Partners,16091.59,,2025-06
INV-251671,2025-06-25,2025-06-25,C1036,University Circle Services,3550.14,,2025-06
INV-251672,2025-06-25,2025-06-24,C1038,Westlake Commercial Cleaning Company,5522.13,Standing order,2025-06
INV-251673,2025-06-25,2025-06-25,C1038,Westlake Commercial Cleaning Company,5743.65,,2025-06
INV-251674,2025-06-25,2025-06-25,C1040,Youngstown Metal Works Inc.,3518.56,,2025-06
INV-251675,2025-06-25,2025-06-25,C1040,Youngstown Metal Works Inc.,3648.7,,2025-06
INV-251676,2025-06-26,2025-06-26,C1004,Cedar Point Facility Services,2227.69,,2025-06
INV-251677,2025-06-26,2025-06-26,C1008,Evergreen Senior Living Inc.,12276.14,PO 40383,2025-06
INV-251678,2025-06-26,2025-06-26,C1010,Forest City Hotels and Resorts,3852.04,,2025-06
INV-251679,2025-06-26,2025-06-26,C1023,Midwest Stadium Services Inc.,50818.95,PO 48562,2025-06
INV-251680,2025-06-26,2025-06-26,C1030,Sandusky Marine and Supply,9937.72,,2025-06
INV-251681,2025-06-26,2025-06-26,C1030,Sandusky Marine and Supply,5763.7,,2025-06
INV-251682,2025-06-26,2025-06-26,C1031,Shaker Square Retail Partners,19198.28,,2025-06
INV-251683,2025-06-26,2025-06-26,C1033,Summit Healthcare Group Inc.,19220.49,PO 40943,2025-06
INV-251684,2025-06-26,2025-06-26,C1035,Twinsburg Industrial Park LLC,8154.48,,2025-06
INV-251685,2025-06-26,2025-06-26,C1038,Westlake Commercial Cleaning Company,22331.74,PO 43873,2025-06
INV-251686,2025-06-27,2025-06-26,C1002,Bayview Medical Center Inc.,10011.35,Standing order,2025-06
INV-251687,2025-06-27,2025-06-27,C1003,Cardinal Hospitality Group LLC,7961.25,PO 41710,2025-06
INV-251688,2025-06-27,2025-06-27,C1010,Forest City Hotels and Resorts,8678.63,,2025-06
INV-251689,2025-06-27,2025-06-27,C1012,Great Lakes Logistics Inc.,2884.04,,2025-06
INV-251690,2025-06-27,2025-06-26,C1014,Harborview Apartments LLC,12118.81,,2025-06
INV-251691,2025-06-27,2025-06-26,C1022,Medina Auto Group,19780.8,PO 47806,2025-06
INV-251692,2025-06-27,2025-06-27,C1026,Parma Community College,4986.19,,2025-06
INV-251693,2025-06-27,2025-06-27,C1038,Westlake Commercial Cleaning Company,14468.9,,2025-06
INV-251694,2025-06-27,2025-06-27,C1040,Youngstown Metal Works Inc.,7026.11,Standing order,2025-06
INV-251695,2025-06-27,2025-06-27,C1040,Youngstown Metal Works Inc.,4037.59,,2025-06
INV-251696,2025-06-30,2025-06-30,C1002,Bayview Medical Center Inc.,3785.47,,2025-06
INV-251697,2025-06-30,2025-06-30,C1010,Forest City Hotels and Resorts,13446.75,Standing order,2025-06
INV-251698,2025-06-30,2025-06-30,C1011,Garfield Industrial Company,3083.34,Standing order,2025-06
INV-251699,2025-06-30,2025-06-30,C1012,Great Lakes Logistics Inc.,13623.21,Standing order,2025-06
INV-251700,2025-06-30,2025-06-30,C1015,Heritage Food Services Inc.,10650.34,PO 45744,2025-06
INV-251701,2025-06-30,2025-06-30,C1015,Heritage Food Services Inc.,2850.22,,2025-06
INV-251702,2025-06-30,2025-06-29,C1025,Oak Ridge Office Parks,2568.22,,2025-06
INV-251703,2025-06-30,2025-06-30,C1026,Parma Community College,16468.78,,2025-06
INV-251704,2025-06-30,2025-06-30,C1032,Stark County Services,3038.09,,2025-06
INV-251705,2025-06-30,2025-06-30,C1033,Summit Healthcare Group Inc.,12567.51,Standing order,2025-06
INV-251706,2025-06-30,2025-06-29,C1033,Summit Healthcare Group Inc.,1939.42,,2025-06
INV-251707,2025-06-30,2025-06-29,C1035,Twinsburg Industrial Park LLC,2037.17,Standing order,2025-06
INV-251708,2025-06-30,2025-06-30,C1038,Westlake Commercial Cleaning Company,17454.25,,2025-06
INV-251709,2025-07-01,2025-07-01,C1002,Bayview Medical Center Inc.,18939.53,,2025-07
INV-251710,2025-07-01,2025-07-01,C1002,Bayview Medical Center Inc.,30111.88,,2025-07
INV-251711,2025-07-01,2025-07-01,C1002,Bayview Medical Center Inc.,6321.71,,2025-07
INV-251712,2025-07-01,2025-07-01,C1002,Bayview Medical Center Inc.,5102.61,,2025-07
INV-251713,2025-07-01,2025-07-01,C1005,Clearwater Janitorial Company,2412.59,,2025-07
INV-251714,2025-07-01,2025-07-01,C1006,Delmar Janitorial Services LLC,11783.95,,2025-07
INV-251715,2025-07-01,2025-07-01,C1011,Garfield Industrial Company,4436.37,,2025-07
INV-251716,2025-07-01,2025-06-30,C1012,Great Lakes Logistics Inc.,6963.62,,2025-07
INV-251717,2025-07-01,2025-07-01,C1012,Great Lakes Logistics Inc.,7445.42,PO 47355,2025-07
INV-251718,2025-07-01,2025-07-01,C1012,Great Lakes Logistics Inc.,17509.78,,2025-07
INV-251719,2025-07-01,2025-07-01,C1015,Heritage Food Services Inc.,10161.38,,2025-07
INV-251720,2025-07-01,2025-07-01,C1018,Kent Valley Hospital,5166.95,Standing order,2025-07
INV-251721,2025-07-01,2025-06-30,C1025,Oak Ridge Office Parks,4424.44,PO 40337,2025-07
INV-251722,2025-07-01,2025-07-01,C1025,Oak Ridge Office Parks,17137.88,,2025-07
INV-251723,2025-07-01,2025-07-01,C1029,Riverside Fitness Clubs LLC,2976.37,Standing order,2025-07
INV-251724,2025-07-01,2025-07-01,C1033,Summit Healthcare Group Inc.,5888.33,,2025-07
INV-251725,2025-07-01,2025-07-01,C1033,Summit Healthcare Group Inc.,4082.42,PO 42848,2025-07
INV-251726,2025-07-01,2025-07-01,C1040,Youngstown Metal Works Inc.,5624.94,PO 40243,2025-07
INV-251727,2025-07-02,2025-07-02,C1003,Cardinal Hospitality Group LLC,13914.74,Standing order,2025-07
INV-251728,2025-07-02,2025-07-02,C1010,Forest City Hotels and Resorts,23709.35,,2025-07
INV-251729,2025-07-02,2025-07-02,C1015,Heritage Food Services Inc.,8992.48,,2025-07
INV-251730,2025-07-02,2025-07-02,C1023,Midwest Stadium Services Inc.,10344.47,,2025-07
INV-251731,2025-07-02,2025-07-01,C1026,Parma Community College,18250.79,,2025-07
INV-251732,2025-07-02,2025-07-02,C1027,Pinnacle Building Services Inc.,5841.88,,2025-07
INV-251733,2025-07-02,2025-07-02,C1027,Pinnacle Building Services Inc.,7407.68,,2025-07
INV-251734,2025-07-02,2025-07-02,C1027,Pinnacle Building Services Inc.,6793.48,,2025-07
INV-251735,2025-07-02,2025-07-02,C1028,Portage Cold Storage Company,17950.53,PO 48503,2025-07
INV-251736,2025-07-02,2025-07-01,C1033,Summit Healthcare Group Inc.,15022.63,,2025-07
INV-251737,2025-07-02,2025-07-02,C1033,Summit Healthcare Group Inc.,25099.54,,2025-07
INV-251738,2025-07-02,2025-07-01,C1035,Twinsburg Industrial Park LLC,15859.19,,2025-07
INV-251739,2025-07-02,2025-07-02,C1036,University Circle Services,8362.73,,2025-07
INV-251740,2025-07-02,2025-07-02,C1040,Youngstown Metal Works Inc.,3677.55,,2025-07
INV-251741,2025-07-03,2025-07-02,C1001,Allegheny Property Management LLC,6433.76,PO 42676,2025-07
INV-251742,2025-07-03,2025-07-03,C1002,Bayview Medical Center Inc.,7761.72,,2025-07
INV-251743,2025-07-03,2025-07-02,C1003,Cardinal Hospitality Group LLC,6446.29,,2025-07
INV-251744,2025-07-03,2025-07-03,C1004,Cedar Point Facility Services,10534.11,,2025-07
INV-251745,2025-07-03,2025-07-02,C1005,Clearwater Janitorial Company,16014.39,,2025-07
INV-251746,2025-07-03,2025-07-03,C1008,Evergreen Senior Living Inc.,17782.18,PO 42460,2025-07
INV-251747,2025-07-03,2025-07-02,C1024,North Coast Restaurants LLC,3251.34,,2025-07
INV-251748,2025-07-03,2025-07-02,C1025,Oak Ridge Office Parks,9010.17,,2025-07
INV-251749,2025-07-03,2025-07-03,C1026,Parma Community College,5550.8,PO 47393,2025-07
INV-251750,2025-07-03,2025-07-03,C1028,Portage Cold Storage Company,4852.85,,2025-07
INV-251751,2025-07-03,2025-07-03,C1028,Portage Cold Storage Company,22324.42,,2025-07
INV-251752,2025-07-03,2025-07-03,C1030,Sandusky Marine and Supply,15366.51,,2025-07
INV-251753,2025-07-03,2025-07-03,C1031,Shaker Square Retail Partners,2275.07,,2025-07
INV-251754,2025-07-03,2025-07-02,C1036,University Circle Services,17201.71,Standing order,2025-07
INV-251755,2025-07-03,2025-07-02,C1038,Westlake Commercial Cleaning Company,5153.03,,2025-07
INV-251756,2025-07-03,2025-07-02,C1039,Willoughby Tech Center,4738.67,Standing order,2025-07
INV-251757,2025-07-04,2025-07-04,C1004,Cedar Point Facility Services,8321.93,,2025-07
INV-251758,2025-07-04,2025-07-04,C1006,Delmar Janitorial Services LLC,10941.44,,2025-07
INV-251759,2025-07-04,2025-07-04,C1011,Garfield Industrial Company,5401.7,,2025-07
INV-251760,2025-07-04,2025-07-04,C1020,Lorain Distribution Company,12554.57,PO 41321,2025-07
INV-251761,2025-07-04,2025-07-04,C1023,Midwest Stadium Services Inc.,6553.57,,2025-07
INV-251762,2025-07-04,2025-07-04,C1024,North Coast Restaurants LLC,9006.94,,2025-07
INV-251763,2025-07-04,2025-07-04,C1026,Parma Community College,7827.01,PO 41557,2025-07
INV-251764,2025-07-04,2025-07-04,C1026,Parma Community College,15350.14,,2025-07
INV-251765,2025-07-04,2025-07-04,C1026,Parma Community College,6267.47,PO 40604,2025-07
INV-251766,2025-07-04,2025-07-04,C1028,Portage Cold Storage Company,11562.58,,2025-07
INV-251767,2025-07-04,2025-07-04,C1030,Sandusky Marine and Supply,5237.2,Standing order,2025-07
INV-251768,2025-07-04,2025-07-04,C1035,Twinsburg Industrial Park LLC,11767.41,,2025-07
INV-251769,2025-07-04,2025-07-04,C1035,Twinsburg Industrial Park LLC,4724.75,,2025-07
INV-251770,2025-07-04,2025-07-04,C1035,Twinsburg Industrial Park LLC,15542.52,,2025-07
INV-251771,2025-07-04,2025-07-04,C1035,Twinsburg Industrial Park LLC,5293.69,Standing order,2025-07
INV-251772,2025-07-04,2025-07-03,C1038,Westlake Commercial Cleaning Company,3654.32,,2025-07
INV-251773,2025-07-04,2025-07-04,C1038,Westlake Commercial Cleaning Company,4588.1,,2025-07
INV-251774,2025-07-04,2025-07-04,C1040,Youngstown Metal Works Inc.,1930.39,,2025-07
INV-251775,2025-07-07,2025-07-07,C1006,Delmar Janitorial Services LLC,20044.9,,2025-07
INV-251776,2025-07-07,2025-07-07,C1008,Evergreen Senior Living Inc.,11349.59,,2025-07
INV-251777,2025-07-07,2025-07-06,C1011,Garfield Industrial Company,15600.48,Standing order,2025-07
INV-251778,2025-07-07,2025-07-07,C1015,Heritage Food Services Inc.,30405.96,PO 47746,2025-07
INV-251779,2025-07-07,2025-07-07,C1018,Kent Valley Hospital,4923.97,Standing order,2025-07
INV-251780,2025-07-07,2025-07-07,C1022,Medina Auto Group,6513.0,PO 46702,2025-07
INV-251781,2025-07-07,2025-07-07,C1035,Twinsburg Industrial Park LLC,16622.6,,2025-07
INV-251782,2025-07-07,2025-07-06,C1035,Twinsburg Industrial Park LLC,18013.21,Standing order,2025-07
INV-251783,2025-07-07,2025-07-07,C1038,Westlake Commercial Cleaning Company,8679.98,PO 41977,2025-07
INV-251784,2025-07-07,2025-07-07,C1040,Youngstown Metal Works Inc.,8372.65,Standing order,2025-07
INV-251785,2025-07-08,2025-07-07,C1002,Bayview Medical Center Inc.,1676.91,,2025-07
INV-251786,2025-07-08,2025-07-08,C1005,Clearwater Janitorial Company,20519.04,Standing order,2025-07
INV-251787,2025-07-08,2025-07-08,C1007,Eastgate Office Partners,5936.12,,2025-07
INV-251788,2025-07-08,2025-07-08,C1012,Great Lakes Logistics Inc.,34071.49,,2025-07
INV-251789,2025-07-08,2025-07-08,C1012,Great Lakes Logistics Inc.,19041.93,,2025-07
INV-251790,2025-07-08,2025-07-07,C1022,Medina Auto Group,6069.31,PO 47321,2025-07
INV-251791,2025-07-08,2025-07-07,C1022,Medina Auto Group,4707.39,Standing order,2025-07
INV-251792,2025-07-08,2025-07-08,C1024,North Coast Restaurants LLC,3364.86,Standing order,2025-07
INV-251793,2025-07-08,2025-07-08,C1028,Portage Cold Storage Company,12637.37,,2025-07
INV-251794,2025-07-08,2025-07-08,C1039,Willoughby Tech Center,5500.16,Standing order,2025-07
INV-251795,2025-07-09,2025-07-08,C1007,Eastgate Office Partners,7740.83,PO 41705,2025-07
INV-251796,2025-07-09,2025-07-09,C1010,Forest City Hotels and Resorts,5909.6,PO 40288,2025-07
INV-251797,2025-07-09,2025-07-09,C1011,Garfield Industrial Company,6034.55,PO 47332,2025-07
INV-251798,2025-07-09,2025-07-09,C1012,Great Lakes Logistics Inc.,7395.66,PO 46834,2025-07
INV-251799,2025-07-09,2025-07-09,C1012,Great Lakes Logistics Inc.,4720.97,,2025-07
INV-251800,2025-07-09,2025-07-09,C1020,Lorain Distribution Company,11739.77,,2025-07
INV-251801,2025-07-09,2025-07-08,C1028,Portage Cold Storage Company,17613.04,,2025-07
INV-251802,2025-07-09,2025-07-08,C1033,Summit Healthcare Group Inc.,7288.28,,2025-07
INV-251803,2025-07-09,2025-07-09,C1035,Twinsburg Industrial Park LLC,6247.46,,2025-07
INV-251804,2025-07-09,2025-07-09,C1040,Youngstown Metal Works Inc.,6493.46,,2025-07
INV-251805,2025-07-09,2025-07-09,C1040,Youngstown Metal Works Inc.,9481.97,Standing order,2025-07
INV-251806,2025-07-10,2025-07-10,C1002,Bayview Medical Center Inc.,11113.46,,2025-07
INV-251807,2025-07-10,2025-07-10,C1011,Garfield Industrial Company,6771.83,,2025-07
INV-251808,2025-07-10,2025-07-10,C1012,Great Lakes Logistics Inc.,13898.19,,2025-07
INV-251809,2025-07-10,2025-07-10,C1012,Great Lakes Logistics Inc.,45482.17,,2025-07
INV-251810,2025-07-10,2025-07-10,C1018,Kent Valley Hospital,2777.84,,2025-07
INV-251811,2025-07-10,2025-07-09,C1022,Medina Auto Group,5806.22,,2025-07
INV-251812,2025-07-10,2025-07-10,C1023,Midwest Stadium Services Inc.,10392.44,,2025-07
INV-251813,2025-07-10,2025-07-10,C1028,Portage Cold Storage Company,1991.62,,2025-07
INV-251814,2025-07-10,2025-07-10,C1030,Sandusky Marine and Supply,6734.02,PO 47033,2025-07
INV-251815,2025-07-10,2025-07-10,C1035,Twinsburg Industrial Park LLC,4114.17,,2025-07
INV-251816,2025-07-10,2025-07-10,C1035,Twinsburg Industrial Park LLC,31572.76,,2025-07
INV-251817,2025-07-10,2025-07-09,C1035,Twinsburg Industrial Park LLC,9006.3,Standing order,2025-07
INV-251818,2025-07-10,2025-07-10,C1039,Willoughby Tech Center,1552.1,PO 42012,2025-07
INV-251819,2025-07-11,2025-07-10,C1002,Bayview Medical Center Inc.,6771.92,,2025-07
INV-251820,2025-07-11,2025-07-10,C1002,Bayview Medical Center Inc.,5287.32,,2025-07
INV-251821,2025-07-11,2025-07-11,C1006,Delmar Janitorial Services LLC,16234.35,,2025-07
INV-251822,2025-07-11,2025-07-10,C1007,Eastgate Office Partners,9041.38,,2025-07
INV-251823,2025-07-11,2025-07-11,C1011,Garfield Industrial Company,36569.32,PO 43714,2025-07
INV-251824,2025-07-11,2025-07-11,C1012,Great Lakes Logistics Inc.,6698.99,PO 41317,2025-07
INV-251825,2025-07-11,2025-07-11,C1012,Great Lakes Logistics Inc.,12667.94,PO 41930,2025-07
INV-251826,2025-07-11,2025-07-10,C1012,Great Lakes Logistics Inc.,9931.86,,2025-07
INV-251827,2025-07-11,2025-07-11,C1014,Harborview Apartments LLC,18839.41,Standing order,2025-07
INV-251828,2025-07-11,2025-07-10,C1020,Lorain Distribution Company,8141.81,Standing order,2025-07
INV-251829,2025-07-11,2025-07-11,C1022,Medina Auto Group,4750.73,PO 48181,2025-07
INV-251830,2025-07-11,2025-07-11,C1026,Parma Community College,4120.75,Standing order,2025-07
INV-251831,2025-07-11,2025-07-11,C1026,Parma Community College,6391.6,,2025-07
INV-251832,2025-07-11,2025-07-10,C1026,Parma Community College,14738.24,PO 47560,2025-07
INV-251833,2025-07-11,2025-07-11,C1029,Riverside Fitness Clubs LLC,8004.51,Standing order,2025-07
INV-251834,2025-07-11,2025-07-11,C1031,Shaker Square Retail Partners,2323.75,Standing order,2025-07
INV-251835,2025-07-11,2025-07-11,C1035,Twinsburg Industrial Park LLC,19034.98,Standing order,2025-07
INV-251836,2025-07-11,2025-07-11,C1035,Twinsburg Industrial Park LLC,6373.58,,2025-07
INV-251837,2025-07-11,2025-07-10,C1038,Westlake Commercial Cleaning Company,4982.63,PO 46849,2025-07
INV-251838,2025-07-11,2025-07-10,C1038,Westlake Commercial Cleaning Company,17760.04,Standing order,2025-07
INV-251839,2025-07-11,2025-07-11,C1038,Westlake Commercial Cleaning Company,9801.25,PO 44716,2025-07
INV-251840,2025-07-11,2025-07-11,C1038,Westlake Commercial Cleaning Company,1133.75,PO 40687,2025-07
INV-251841,2025-07-11,2025-07-10,C1038,Westlake Commercial Cleaning Company,7783.53,,2025-07
INV-251842,2025-07-11,2025-07-10,C1038,Westlake Commercial Cleaning Company,12319.59,PO 47056,2025-07
INV-251843,2025-07-14,2025-07-13,C1016,Highland Manufacturing Company,8908.98,,2025-07
INV-251844,2025-07-14,2025-07-13,C1026,Parma Community College,6553.06,Standing order,2025-07
INV-251845,2025-07-14,2025-07-14,C1033,Summit Healthcare Group Inc.,15885.19,,2025-07
INV-251846,2025-07-14,2025-07-13,C1033,Summit Healthcare Group Inc.,1842.59,,2025-07
INV-251847,2025-07-14,2025-07-14,C1036,University Circle Services,8802.94,,2025-07
INV-251848,2025-07-14,2025-07-13,C1036,University Circle Services,21500.64,,2025-07
INV-251849,2025-07-14,2025-07-14,C1036,University Circle Services,21148.22,,2025-07
INV-251850,2025-07-14,2025-07-13,C1040,Youngstown Metal Works Inc.,12177.82,Standing order,2025-07
INV-251851,2025-07-15,2025-07-15,C1002,Bayview Medical Center Inc.,3909.05,Standing order,2025-07
INV-251852,2025-07-15,2025-07-15,C1002,Bayview Medical Center Inc.,5141.21,,2025-07
INV-251853,2025-07-15,2025-07-15,C1005,Clearwater Janitorial Company,8510.8,,2025-07
INV-251854,2025-07-15,2025-07-14,C1006,Delmar Janitorial Services LLC,9895.58,,2025-07
INV-251855,2025-07-15,2025-07-15,C1008,Evergreen Senior Living Inc.,5372.52,,2025-07
INV-251856,2025-07-15,2025-07-15,C1008,Evergreen Senior Living Inc.,8256.22,,2025-07
INV-251857,2025-07-15,2025-07-15,C1011,Garfield Industrial Company,5217.77,,2025-07
INV-251858,2025-07-15,2025-07-15,C1012,Great Lakes Logistics Inc.,26866.62,,2025-07
INV-251859,2025-07-15,2025-07-15,C1012,Great Lakes Logistics Inc.,6442.58,,2025-07
INV-251860,2025-07-15,2025-07-15,C1012,Great Lakes Logistics Inc.,12377.37,,2025-07
INV-251861,2025-07-15,2025-07-15,C1015,Heritage Food Services Inc.,6678.4,,2025-07
INV-251862,2025-07-15,2025-07-15,C1015,Heritage Food Services Inc.,7371.93,Standing order,2025-07
INV-251863,2025-07-15,2025-07-15,C1028,Portage Cold Storage Company,5724.69,,2025-07
INV-251864,2025-07-15,2025-07-14,C1029,Riverside Fitness Clubs LLC,21192.7,,2025-07
INV-251865,2025-07-15,2025-07-15,C1030,Sandusky Marine and Supply,7741.78,,2025-07
INV-251866,2025-07-15,2025-07-14,C1030,Sandusky Marine and Supply,6516.99,PO 44181,2025-07
INV-251867,2025-07-15,2025-07-15,C1033,Summit Healthcare Group Inc.,3686.92,PO 44081,2025-07
INV-251868,2025-07-15,2025-07-14,C1036,University Circle Services,5199.18,,2025-07
INV-251869,2025-07-16,2025-07-16,C1008,Evergreen Senior Living Inc.,32838.02,Standing order,2025-07
INV-251870,2025-07-16,2025-07-16,C1010,Forest City Hotels and Resorts,7501.45,PO 40203,2025-07
INV-251871,2025-07-16,2025-07-16,C1010,Forest City Hotels and Resorts,7299.65,,2025-07
INV-251872,2025-07-16,2025-07-16,C1018,Kent Valley Hospital,8929.74,,2025-07
INV-251873,2025-07-16,2025-07-16,C1018,Kent Valley Hospital,10887.65,,2025-07
INV-251874,2025-07-16,2025-07-16,C1022,Medina Auto Group,9684.93,,2025-07
INV-251875,2025-07-16,2025-07-16,C1026,Parma Community College,4796.32,PO 40121,2025-07
INV-251876,2025-07-16,2025-07-16,C1026,Parma Community College,15294.75,,2025-07
INV-251877,2025-07-16,2025-07-16,C1029,Riverside Fitness Clubs LLC,13749.43,PO 42743,2025-07
INV-251878,2025-07-16,2025-07-15,C1030,Sandusky Marine and Supply,2860.29,Standing order,2025-07
INV-251879,2025-07-16,2025-07-15,C1033,Summit Healthcare Group Inc.,10407.92,Standing order,2025-07
INV-251880,2025-07-16,2025-07-16,C1035,Twinsburg Industrial Park LLC,22530.71,,2025-07
INV-251881,2025-07-16,2025-07-16,C1035,Twinsburg Industrial Park LLC,3695.38,,2025-07
INV-251882,2025-07-16,2025-07-16,C1040,Youngstown Metal Works Inc.,16290.34,Standing order,2025-07
INV-251883,2025-07-17,2025-07-16,C1002,Bayview Medical Center Inc.,12274.6,,2025-07
INV-251884,2025-07-17,2025-07-17,C1011,Garfield Industrial Company,10629.55,,2025-07
INV-251885,2025-07-17,2025-07-17,C1017,Ironwood Property Services,18126.52,,2025-07
INV-251886,2025-07-17,2025-07-17,C1022,Medina Auto Group,7099.88,,2025-07
INV-251887,2025-07-17,2025-07-17,C1025,Oak Ridge Office Parks,7311.71,,2025-07
INV-251888,2025-07-17,2025-07-17,C1025,Oak Ridge Office Parks,8235.63,,2025-07
INV-251889,2025-07-17,2025-07-17,C1026,Parma Community College,11494.44,,2025-07
INV-251890,2025-07-17,2025-07-17,C1026,Parma Community College,2320.83,,2025-07
INV-251891,2025-07-17,2025-07-17,C1036,University Circle Services,14026.68,,2025-07
INV-251892,2025-07-17,2025-07-17,C1038,Westlake Commercial Cleaning Company,8316.43,PO 42861,2025-07
INV-251893,2025-07-17,2025-07-17,C1040,Youngstown Metal Works Inc.,10129.11,,2025-07
INV-251894,2025-07-18,2025-07-17,C1004,Cedar Point Facility Services,6041.4,PO 49978,2025-07
INV-251895,2025-07-18,2025-07-18,C1004,Cedar Point Facility Services,23250.47,,2025-07
INV-251896,2025-07-18,2025-07-18,C1011,Garfield Industrial Company,8118.11,PO 43690,2025-07
INV-251897,2025-07-18,2025-07-18,C1016,Highland Manufacturing Company,20244.67,,2025-07
INV-251898,2025-07-18,2025-07-18,C1018,Kent Valley Hospital,7239.56,,2025-07
INV-251899,2025-07-18,2025-07-18,C1028,Portage Cold Storage Company,8950.06,,2025-07
INV-251900,2025-07-18,2025-07-18,C1031,Shaker Square Retail Partners,15157.97,,2025-07
INV-251901,2025-07-18,2025-07-18,C1035,Twinsburg Industrial Park LLC,8335.34,PO 49245,2025-07
INV-251902,2025-07-18,2025-07-18,C1040,Youngstown Metal Works Inc.,11711.88,,2025-07
INV-251903,2025-07-18,2025-07-18,C1040,Youngstown Metal Works Inc.,5103.92,,2025-07
INV-251904,2025-07-21,2025-07-20,C1011,Garfield Industrial Company,68071.77,,2025-07
INV-251905,2025-07-21,2025-07-20,C1018,Kent Valley Hospital,3951.91,PO 41376,2025-07
INV-251906,2025-07-21,2025-07-21,C1026,Parma Community College,3721.61,,2025-07
INV-251907,2025-07-21,2025-07-21,C1028,Portage Cold Storage Company,15611.48,Standing order,2025-07
INV-251908,2025-07-21,2025-07-21,C1035,Twinsburg Industrial Park LLC,12538.26,,2025-07
INV-251909,2025-07-21,2025-07-21,C1035,Twinsburg Industrial Park LLC,13663.82,,2025-07
INV-251910,2025-07-21,2025-07-21,C1036,University Circle Services,11589.66,,2025-07
INV-251911,2025-07-21,2025-07-20,C1038,Westlake Commercial Cleaning Company,8022.2,,2025-07
INV-251912,2025-07-21,2025-07-21,C1038,Westlake Commercial Cleaning Company,3404.3,Standing order,2025-07
INV-251913,2025-07-21,2025-07-20,C1040,Youngstown Metal Works Inc.,6674.8,,2025-07
INV-251914,2025-07-22,2025-07-22,C1008,Evergreen Senior Living Inc.,7111.89,,2025-07
INV-251915,2025-07-22,2025-07-21,C1010,Forest City Hotels and Resorts,2347.83,PO 47725,2025-07
INV-251916,2025-07-22,2025-07-22,C1010,Forest City Hotels and Resorts,13627.87,PO 46856,2025-07
INV-251917,2025-07-22,2025-07-21,C1012,Great Lakes Logistics Inc.,14879.78,,2025-07
INV-251918,2025-07-22,2025-07-22,C1012,Great Lakes Logistics Inc.,4518.84,,2025-07
INV-251919,2025-07-22,2025-07-21,C1018,Kent Valley Hospital,14053.91,,2025-07
INV-251920,2025-07-22,2025-07-22,C1023,Midwest Stadium Services Inc.,7145.73,,2025-07
INV-251921,2025-07-22,2025-07-21,C1025,Oak Ridge Office Parks,25251.64,,2025-07
INV-251922,2025-07-22,2025-07-22,C1026,Parma Community College,5280.84,,2025-07
INV-251923,2025-07-22,2025-07-22,C1026,Parma Community College,14149.27,,2025-07
INV-251924,2025-07-22,2025-07-21,C1026,Parma Community College,5786.49,Standing order,2025-07
INV-251925,2025-07-22,2025-07-21,C1026,Parma Community College,20972.71,,2025-07
INV-251926,2025-07-22,2025-07-22,C1036,University Circle Services,3416.07,PO 42362,2025-07
INV-251927,2025-07-22,2025-07-21,C1036,University Circle Services,13333.4,,2025-07
INV-251928,2025-07-22,2025-07-22,C1038,Westlake Commercial Cleaning Company,6849.18,PO 43677,2025-07
INV-251929,2025-07-22,2025-07-22,C1038,Westlake Commercial Cleaning Company,14584.17,Standing order,2025-07
INV-251930,2025-07-22,2025-07-22,C1040,Youngstown Metal Works Inc.,8417.85,,2025-07
INV-251931,2025-07-23,2025-07-23,C1002,Bayview Medical Center Inc.,21671.96,,2025-07
INV-251932,2025-07-23,2025-07-23,C1005,Clearwater Janitorial Company,15698.58,,2025-07
INV-251933,2025-07-23,2025-07-23,C1011,Garfield Industrial Company,7962.91,,2025-07
INV-251934,2025-07-23,2025-07-22,C1015,Heritage Food Services Inc.,4892.69,,2025-07
INV-251935,2025-07-23,2025-07-23,C1030,Sandusky Marine and Supply,16467.55,Standing order,2025-07
INV-251936,2025-07-23,2025-07-23,C1033,Summit Healthcare Group Inc.,7244.02,PO 45785,2025-07
INV-251937,2025-07-24,2025-07-23,C1002,Bayview Medical Center Inc.,5988.06,,2025-07
INV-251938,2025-07-24,2025-07-23,C1004,Cedar Point Facility Services,8212.26,Standing order,2025-07
INV-251939,2025-07-24,2025-07-23,C1006,Delmar Janitorial Services LLC,14355.01,,2025-07
INV-251940,2025-07-24,2025-07-24,C1012,Great Lakes Logistics Inc.,829.27,,2025-07
INV-251941,2025-07-24,2025-07-24,C1013,Hamilton County Services,6466.37,,2025-07
INV-251942,2025-07-24,2025-07-24,C1014,Harborview Apartments LLC,14373.18,PO 42489,2025-07
INV-251943,2025-07-24,2025-07-24,C1015,Heritage Food Services Inc.,42195.22,,2025-07
INV-251944,2025-07-24,2025-07-24,C1017,Ironwood Property Services,7902.3,Standing order,2025-07
INV-251945,2025-07-24,2025-07-24,C1024,North Coast Restaurants LLC,20878.87,Standing order,2025-07
INV-251946,2025-07-24,2025-07-24,C1025,Oak Ridge Office Parks,6138.24,,2025-07
INV-251947,2025-07-24,2025-07-23,C1032,Stark County Services,3616.35,,2025-07
INV-251948,2025-07-24,2025-07-24,C1035,Twinsburg Industrial Park LLC,13216.69,,2025-07
INV-251949,2025-07-24,2025-07-24,C1035,Twinsburg Industrial Park LLC,2596.61,,2025-07
INV-251950,2025-07-24,2025-07-24,C1036,University Circle Services,11352.35,Standing order,2025-07
INV-251951,2025-07-24,2025-07-23,C1036,University Circle Services,4979.23,Standing order,2025-07
INV-251952,2025-07-24,2025-07-24,C1036,University Circle Services,6084.87,,2025-07
INV-251953,2025-07-24,2025-07-24,C1038,Westlake Commercial Cleaning Company,14576.17,Standing order,2025-07
INV-251954,2025-07-24,2025-07-23,C1038,Westlake Commercial Cleaning Company,5697.35,Standing order,2025-07
INV-251955,2025-07-24,2025-07-24,C1040,Youngstown Metal Works Inc.,5254.23,,2025-07
INV-251956,2025-07-25,2025-07-25,C1011,Garfield Industrial Company,2435.19,Standing order,2025-07
INV-251957,2025-07-25,2025-07-25,C1015,Heritage Food Services Inc.,26615.27,,2025-07
INV-251958,2025-07-25,2025-07-25,C1023,Midwest Stadium Services Inc.,4591.24,Standing order,2025-07
INV-251959,2025-07-25,2025-07-24,C1023,Midwest Stadium Services Inc.,7124.92,,2025-07
INV-251960,2025-07-25,2025-07-25,C1023,Midwest Stadium Services Inc.,5756.02,,2025-07
INV-251961,2025-07-25,2025-07-24,C1027,Pinnacle Building Services Inc.,1408.79,PO 41659,2025-07
INV-251962,2025-07-25,2025-07-24,C1033,Summit Healthcare Group Inc.,13346.42,,2025-07
INV-251963,2025-07-25,2025-07-25,C1035,Twinsburg Industrial Park LLC,1284.15,,2025-07
INV-251964,2025-07-28,2025-07-27,C1002,Bayview Medical Center Inc.,29840.91,Standing order,2025-07
INV-251965,2025-07-28,2025-07-27,C1002,Bayview Medical Center Inc.,7845.93,PO 44670,2025-07
INV-251966,2025-07-28,2025-07-28,C1002,Bayview Medical Center Inc.,6782.42,,2025-07
INV-251967,2025-07-28,2025-07-28,C1003,Cardinal Hospitality Group LLC,36425.05,,2025-07
INV-251968,2025-07-28,2025-07-28,C1004,Cedar Point Facility Services,8423.61,Standing order,2025-07
INV-251969,2025-07-28,2025-07-27,C1011,Garfield Industrial Company,14218.27,,2025-07
INV-251970,2025-07-28,2025-07-27,C1013,Hamilton County Services,13528.96,,2025-07
INV-251971,2025-07-28,2025-07-28,C1014,Harborview Apartments LLC,18699.81,PO 45834,2025-07
INV-251972,2025-07-28,2025-07-28,C1015,Heritage Food Services Inc.,22758.77,,2025-07
INV-251973,2025-07-28,2025-07-28,C1019,Lakeshore Cleaning Services Inc.,7128.0,Standing order,2025-07
INV-251974,2025-07-28,2025-07-28,C1023,Midwest Stadium Services Inc.,4872.48,Standing order,2025-07
INV-251975,2025-07-28,2025-07-27,C1025,Oak Ridge Office Parks,14654.76,PO 46934,2025-07
INV-251976,2025-07-28,2025-07-27,C1026,Parma Community College,9863.76,,2025-07
INV-251977,2025-07-28,2025-07-28,C1035,Twinsburg Industrial Park LLC,17695.68,,2025-07
INV-251978,2025-07-29,2025-07-29,C1002,Bayview Medical Center Inc.,14647.82,,2025-07
INV-251979,2025-07-29,2025-07-29,C1002,Bayview Medical Center Inc.,18421.75,,2025-07
INV-251980,2025-07-29,2025-07-28,C1006,Delmar Janitorial Services LLC,19586.54,,2025-07
INV-251981,2025-07-29,2025-07-29,C1007,Eastgate Office Partners,9992.08,,2025-07
INV-251982,2025-07-29,2025-07-29,C1008,Evergreen Senior Living Inc.,5320.57,PO 47750,2025-07
INV-251983,2025-07-29,2025-07-28,C1010,Forest City Hotels and Resorts,9752.8,Standing order,2025-07
INV-251984,2025-07-29,2025-07-29,C1011,Garfield Industrial Company,12232.0,,2025-07
INV-251985,2025-07-29,2025-07-29,C1026,Parma Community College,8777.32,Standing order,2025-07
INV-251986,2025-07-29,2025-07-29,C1026,Parma Community College,4323.6,,2025-07
INV-251987,2025-07-29,2025-07-29,C1040,Youngstown Metal Works Inc.,12644.42,,2025-07
INV-251988,2025-07-30,2025-07-30,C1002,Bayview Medical Center Inc.,22220.48,Standing order,2025-07
INV-251989,2025-07-30,2025-07-30,C1005,Clearwater Janitorial Company,25939.13,,2025-07
INV-251990,2025-07-30,2025-07-29,C1006,Delmar Janitorial Services LLC,19782.33,,2025-07
INV-251991,2025-07-30,2025-07-30,C1011,Garfield Industrial Company,3754.7,,2025-07
INV-251992,2025-07-30,2025-07-30,C1015,Heritage Food Services Inc.,4938.17,,2025-07
INV-251993,2025-07-30,2025-07-30,C1020,Lorain Distribution Company,8119.18,Standing order,2025-07
INV-251994,2025-07-30,2025-07-30,C1025,Oak Ridge Office Parks,12617.53,,2025-07
INV-251995,2025-07-30,2025-07-30,C1030,Sandusky Marine and Supply,20090.65,,2025-07
INV-251996,2025-07-30,2025-07-30,C1033,Summit Healthcare Group Inc.,14093.47,,2025-07
INV-251997,2025-07-30,2025-07-30,C1039,Willoughby Tech Center,14051.85,,2025-07
INV-251998,2025-07-31,2025-07-31,C1012,Great Lakes Logistics Inc.,9469.61,,2025-07
INV-251999,2025-07-31,2025-07-31,C1016,Highland Manufacturing Company,24776.95,Standing order,2025-07
INV-252000,2025-07-31,2025-07-31,C1022,Medina Auto Group,5857.43,Standing order,2025-07
INV-252001,2025-07-31,2025-07-30,C1025,Oak Ridge Office Parks,1218.93,,2025-07
INV-252002,2025-07-31,2025-07-30,C1030,Sandusky Marine and Supply,5442.79,,2025-07
INV-252003,2025-07-31,2025-07-30,C1035,Twinsburg Industrial Park LLC,17811.34,Standing order,2025-07
INV-252004,2025-07-31,2025-07-31,C1035,Twinsburg Industrial Park LLC,3724.72,PO 41726,2025-07
INV-252005,2025-07-31,2025-07-31,C1036,University Circle Services,12227.66,PO 45305,2025-07
INV-252006,2025-07-31,2025-07-31,C1040,Youngstown Metal Works Inc.,5180.65,Standing order,2025-07
INV-252007,2025-07-31,2025-07-30,C1040,Youngstown Metal Works Inc.,3896.18,PO 41665,2025-07
INV-252008,2025-08-01,2025-08-01,C1001,Allegheny Property Management LLC,17265.94,Standing order,2025-08
INV-252009,2025-08-01,2025-07-31,C1002,Bayview Medical Center Inc.,10143.71,,2025-08
INV-252010,2025-08-01,2025-08-01,C1008,Evergreen Senior Living Inc.,6247.79,Standing order,2025-08
INV-252011,2025-08-01,2025-08-01,C1009,Fairlawn Public Schools,8770.13,,2025-08
INV-252012,2025-08-01,2025-08-01,C1010,Forest City Hotels and Resorts,2938.98,,2025-08
INV-252013,2025-08-01,2025-08-01,C1011,Garfield Industrial Company,22840.78,PO 47108,2025-08
INV-252014,2025-08-01,2025-08-01,C1011,Garfield Industrial Company,19702.86,PO 48308,2025-08
INV-252015,2025-08-01,2025-08-01,C1012,Great Lakes Logistics Inc.,8346.36,PO 48638,2025-08
INV-252016,2025-08-01,2025-07-31,C1012,Great Lakes Logistics Inc.,8606.75,PO 48711,2025-08
INV-252017,2025-08-01,2025-08-01,C1015,Heritage Food Services Inc.,2489.97,,2025-08
INV-252018,2025-08-01,2025-07-31,C1015,Heritage Food Services Inc.,3552.52,Standing order,2025-08
INV-252019,2025-08-01,2025-08-01,C1018,Kent Valley Hospital,9913.85,,2025-08
INV-252020,2025-08-01,2025-08-01,C1020,Lorain Distribution Company,3107.54,,2025-08
INV-252021,2025-08-01,2025-08-01,C1022,Medina Auto Group,8221.45,,2025-08
INV-252022,2025-08-01,2025-08-01,C1022,Medina Auto Group,6455.83,PO 46337,2025-08
INV-252023,2025-08-01,2025-08-01,C1022,Medina Auto Group,10568.59,,2025-08
INV-252024,2025-08-01,2025-08-01,C1023,Midwest Stadium Services Inc.,20924.93,,2025-08
INV-252025,2025-08-01,2025-07-31,C1024,North Coast Restaurants LLC,5719.95,,2025-08
INV-252026,2025-08-01,2025-07-31,C1026,Parma Community College,10073.18,Standing order,2025-08
INV-252027,2025-08-01,2025-08-01,C1033,Summit Healthcare Group Inc.,3211.31,,2025-08
INV-252028,2025-08-01,2025-08-01,C1038,Westlake Commercial Cleaning Company,2818.34,PO 48370,2025-08
INV-252029,2025-08-01,2025-08-01,C1038,Westlake Commercial Cleaning Company,4393.56,PO 43501,2025-08
INV-252030,2025-08-01,2025-08-01,C1038,Westlake Commercial Cleaning Company,4803.88,,2025-08
INV-252031,2025-08-01,2025-08-01,C1040,Youngstown Metal Works Inc.,7706.3,,2025-08
INV-252032,2025-08-04,2025-08-04,C1002,Bayview Medical Center Inc.,1978.79,Standing order,2025-08
INV-252033,2025-08-04,2025-08-04,C1003,Cardinal Hospitality Group LLC,17783.68,,2025-08
INV-252034,2025-08-04,2025-08-03,C1004,Cedar Point Facility Services,8609.16,,2025-08
INV-252035,2025-08-04,2025-08-04,C1006,Delmar Janitorial Services LLC,20456.14,,2025-08
INV-252036,2025-08-04,2025-08-04,C1011,Garfield Industrial Company,6298.95,,2025-08
INV-252037,2025-08-04,2025-08-04,C1011,Garfield Industrial Company,7912.35,PO 47621,2025-08
INV-252038,2025-08-04,2025-08-03,C1014,Harborview Apartments LLC,10007.77,Standing order,2025-08
INV-252039,2025-08-04,2025-08-03,C1018,Kent Valley Hospital,8316.0,PO 48594,2025-08
INV-252040,2025-08-04,2025-08-04,C1019,Lakeshore Cleaning Services Inc.,3023.42,PO 47246,2025-08
INV-252041,2025-08-04,2025-08-03,C1023,Midwest Stadium Services Inc.,6660.52,,2025-08
INV-252042,2025-08-04,2025-08-04,C1025,Oak Ridge Office Parks,7733.36,,2025-08
INV-252043,2025-08-04,2025-08-04,C1027,Pinnacle Building Services Inc.,4002.26,Standing order,2025-08
INV-252044,2025-08-04,2025-08-04,C1036,University Circle Services,2101.9,Standing order,2025-08
INV-252045,2025-08-04,2025-08-03,C1037,Valley View Hotels Inc.,11910.21,,2025-08
INV-252046,2025-08-04,2025-08-04,C1038,Westlake Commercial Cleaning Company,16861.58,,2025-08
INV-252047,2025-08-04,2025-08-04,C1038,Westlake Commercial Cleaning Company,44738.78,PO 41341,2025-08
INV-252048,2025-08-04,2025-08-04,C1040,Youngstown Metal Works Inc.,15512.85,,2025-08
INV-252049,2025-08-04,2025-08-04,C1040,Youngstown Metal Works Inc.,4662.06,Standing order,2025-08
INV-252050,2025-08-05,2025-08-05,C1013,Hamilton County Services,9267.79,Standing order,2025-08
INV-252051,2025-08-05,2025-08-05,C1019,Lakeshore Cleaning Services Inc.,13135.51,,2025-08
INV-252052,2025-08-05,2025-08-05,C1020,Lorain Distribution Company,8347.91,,2025-08
INV-252053,2025-08-05,2025-08-04,C1023,Midwest Stadium Services Inc.,6153.72,Standing order,2025-08
INV-252054,2025-08-05,2025-08-05,C1026,Parma Community College,5339.44,PO 49133,2025-08
INV-252055,2025-08-05,2025-08-04,C1026,Parma Community College,2498.66,PO 42876,2025-08
INV-252056,2025-08-05,2025-08-05,C1028,Portage Cold Storage Company,34889.13,,2025-08
INV-252057,2025-08-05,2025-08-05,C1030,Sandusky Marine and Supply,7107.07,,2025-08
INV-252058,2025-08-05,2025-08-04,C1033,Summit Healthcare Group Inc.,6653.68,,2025-08
INV-252059,2025-08-05,2025-08-05,C1035,Twinsburg Industrial Park LLC,2125.39,,2025-08
INV-252060,2025-08-05,2025-08-05,C1035,Twinsburg Industrial Park LLC,15274.05,PO 40016,2025-08
INV-252061,2025-08-06,2025-08-05,C1004,Cedar Point Facility Services,35315.58,,2025-08
INV-252062,2025-08-06,2025-08-06,C1010,Forest City Hotels and Resorts,5834.03,,2025-08
INV-252063,2025-08-06,2025-08-06,C1011,Garfield Industrial Company,8303.69,,2025-08
INV-252064,2025-08-06,2025-08-05,C1012,Great Lakes Logistics Inc.,5199.4,,2025-08
INV-252065,2025-08-06,2025-08-06,C1014,Harborview Apartments LLC,6433.23,,2025-08
INV-252066,2025-08-06,2025-08-06,C1015,Heritage Food Services Inc.,22094.2,Standing order,2025-08
INV-252067,2025-08-06,2025-08-05,C1018,Kent Valley Hospital,11027.16,,2025-08
INV-252068,2025-08-06,2025-08-06,C1028,Portage Cold Storage Company,9535.05,,2025-08
INV-252069,2025-08-06,2025-08-06,C1033,Summit Healthcare Group Inc.,1954.87,,2025-08
INV-252070,2025-08-06,2025-08-06,C1035,Twinsburg Industrial Park LLC,23789.38,,2025-08
INV-252071,2025-08-06,2025-08-06,C1035,Twinsburg Industrial Park LLC,6674.75,Standing order,2025-08
INV-252072,2025-08-06,2025-08-06,C1036,University Circle Services,3600.59,PO 45846,2025-08
INV-252073,2025-08-06,2025-08-06,C1036,University Circle Services,6710.86,,2025-08
INV-252074,2025-08-06,2025-08-06,C1037,Valley View Hotels Inc.,8294.62,Standing order,2025-08
INV-252075,2025-08-06,2025-08-06,C1038,Westlake Commercial Cleaning Company,7499.09,,2025-08
INV-252076,2025-08-07,2025-08-07,C1002,Bayview Medical Center Inc.,3098.54,,2025-08
INV-252077,2025-08-07,2025-08-07,C1003,Cardinal Hospitality Group LLC,3609.04,,2025-08
INV-252078,2025-08-07,2025-08-07,C1004,Cedar Point Facility Services,2807.24,Standing order,2025-08
INV-252079,2025-08-07,2025-08-07,C1004,Cedar Point Facility Services,5944.16,,2025-08
INV-252080,2025-08-07,2025-08-07,C1008,Evergreen Senior Living Inc.,8721.75,,2025-08
INV-252081,2025-08-07,2025-08-06,C1011,Garfield Industrial Company,8603.84,,2025-08
INV-252082,2025-08-07,2025-08-07,C1025,Oak Ridge Office Parks,8968.88,,2025-08
INV-252083,2025-08-07,2025-08-07,C1025,Oak Ridge Office Parks,4723.45,Standing order,2025-08
INV-252084,2025-08-07,2025-08-07,C1026,Parma Community College,4949.45,PO 49191,2025-08
INV-252085,2025-08-07,2025-08-06,C1027,Pinnacle Building Services Inc.,5145.39,PO 48295,2025-08
INV-252086,2025-08-07,2025-08-07,C1033,Summit Healthcare Group Inc.,10304.26,,2025-08
INV-252087,2025-08-07,2025-08-07,C1035,Twinsburg Industrial Park LLC,7645.16,,2025-08
INV-252088,2025-08-07,2025-08-07,C1035,Twinsburg Industrial Park LLC,11104.06,Standing order,2025-08
INV-252089,2025-08-07,2025-08-07,C1038,Westlake Commercial Cleaning Company,7194.16,PO 44322,2025-08
INV-252090,2025-08-07,2025-08-07,C1038,Westlake Commercial Cleaning Company,6181.58,,2025-08
INV-252091,2025-08-08,2025-08-08,C1004,Cedar Point Facility Services,10002.71,Standing order,2025-08
INV-252092,2025-08-08,2025-08-08,C1005,Clearwater Janitorial Company,21767.22,,2025-08
INV-252093,2025-08-08,2025-08-08,C1010,Forest City Hotels and Resorts,5714.76,,2025-08
INV-252094,2025-08-08,2025-08-08,C1012,Great Lakes Logistics Inc.,22211.61,,2025-08
INV-252095,2025-08-08,2025-08-08,C1013,Hamilton County Services,6417.42,,2025-08
INV-252096,2025-08-08,2025-08-07,C1018,Kent Valley Hospital,5256.04,Standing order,2025-08
INV-252097,2025-08-08,2025-08-08,C1022,Medina Auto Group,22848.43,Standing order,2025-08
INV-252098,2025-08-08,2025-08-08,C1023,Midwest Stadium Services Inc.,18347.32,,2025-08
INV-252099,2025-08-08,2025-08-08,C1023,Midwest Stadium Services Inc.,4598.38,PO 40878,2025-08
INV-252100,2025-08-08,2025-08-08,C1026,Parma Community College,2372.06,Standing order,2025-08
INV-252101,2025-08-08,2025-08-08,C1027,Pinnacle Building Services Inc.,5753.01,,2025-08
INV-252102,2025-08-08,2025-08-07,C1033,Summit Healthcare Group Inc.,12253.32,PO 45198,2025-08
INV-252103,2025-08-08,2025-08-08,C1035,Twinsburg Industrial Park LLC,9961.41,,2025-08
INV-252104,2025-08-08,2025-08-08,C1035,Twinsburg Industrial Park LLC,6981.1,,2025-08
INV-252105,2025-08-08,2025-08-08,C1036,University Circle Services,4992.34,Standing order,2025-08
INV-252106,2025-08-08,2025-08-08,C1038,Westlake Commercial Cleaning Company,4499.94,PO 43010,2025-08
INV-252107,2025-08-08,2025-08-08,C1038,Westlake Commercial Cleaning Company,9693.64,Standing order,2025-08
INV-252108,2025-08-08,2025-08-08,C1039,Willoughby Tech Center,3652.24,,2025-08
INV-252109,2025-08-11,2025-08-11,C1008,Evergreen Senior Living Inc.,6803.36,,2025-08
INV-252110,2025-08-11,2025-08-11,C1008,Evergreen Senior Living Inc.,10212.24,,2025-08
INV-252111,2025-08-11,2025-08-10,C1008,Evergreen Senior Living Inc.,10250.87,Standing order,2025-08
INV-252112,2025-08-11,2025-08-11,C1011,Garfield Industrial Company,8548.85,,2025-08
INV-252113,2025-08-11,2025-08-11,C1011,Garfield Industrial Company,3827.78,,2025-08
INV-252114,2025-08-11,2025-08-11,C1015,Heritage Food Services Inc.,17718.5,PO 47506,2025-08
INV-252115,2025-08-11,2025-08-11,C1016,Highland Manufacturing Company,9655.34,Standing order,2025-08
INV-252116,2025-08-11,2025-08-11,C1018,Kent Valley Hospital,2848.33,,2025-08
INV-252117,2025-08-11,2025-08-11,C1023,Midwest Stadium Services Inc.,5987.84,PO 42528,2025-08
INV-252118,2025-08-11,2025-08-11,C1026,Parma Community College,22694.49,PO 45989,2025-08
INV-252119,2025-08-11,2025-08-11,C1033,Summit Healthcare Group Inc.,9733.93,,2025-08
INV-252120,2025-08-11,2025-08-11,C1038,Westlake Commercial Cleaning Company,4945.9,PO 48921,2025-08
INV-252121,2025-08-11,2025-08-11,C1038,Westlake Commercial Cleaning Company,2773.42,Standing order,2025-08
INV-252122,2025-08-11,2025-08-11,C1040,Youngstown Metal Works Inc.,11284.83,,2025-08
INV-252123,2025-08-12,2025-08-12,C1002,Bayview Medical Center Inc.,8691.39,,2025-08
INV-252124,2025-08-12,2025-08-11,C1002,Bayview Medical Center Inc.,14407.98,PO 49832,2025-08
INV-252125,2025-08-12,2025-08-11,C1002,Bayview Medical Center Inc.,3806.67,Standing order,2025-08
INV-252126,2025-08-12,2025-08-11,C1006,Delmar Janitorial Services LLC,11433.81,,2025-08
INV-252127,2025-08-12,2025-08-12,C1012,Great Lakes Logistics Inc.,8856.17,PO 42298,2025-08
INV-252128,2025-08-12,2025-08-12,C1012,Great Lakes Logistics Inc.,37988.74,,2025-08
INV-252129,2025-08-12,2025-08-11,C1014,Harborview Apartments LLC,9538.47,,2025-08
INV-252130,2025-08-12,2025-08-12,C1017,Ironwood Property Services,6995.33,,2025-08
INV-252131,2025-08-12,2025-08-12,C1022,Medina Auto Group,2596.53,PO 41085,2025-08
INV-252132,2025-08-12,2025-08-12,C1025,Oak Ridge Office Parks,10508.72,,2025-08
INV-252133,2025-08-12,2025-08-11,C1035,Twinsburg Industrial Park LLC,21689.18,,2025-08
INV-252134,2025-08-12,2025-08-11,C1036,University Circle Services,7844.03,,2025-08
INV-252135,2025-08-12,2025-08-12,C1038,Westlake Commercial Cleaning Company,4019.46,Standing order,2025-08
INV-252136,2025-08-12,2025-08-11,C1040,Youngstown Metal Works Inc.,5574.12,,2025-08
INV-252137,2025-08-12,2025-08-11,C1040,Youngstown Metal Works Inc.,5394.68,,2025-08
INV-252138,2025-08-12,2025-08-11,C1040,Youngstown Metal Works Inc.,7207.43,PO 49512,2025-08
INV-252139,2025-08-13,2025-08-12,C1002,Bayview Medical Center Inc.,31362.36,PO 41740,2025-08
INV-252140,2025-08-13,2025-08-13,C1005,Clearwater Janitorial Company,4662.84,Standing order,2025-08
INV-252141,2025-08-13,2025-08-13,C1011,Garfield Industrial Company,5598.86,,2025-08
INV-252142,2025-08-13,2025-08-13,C1012,Great Lakes Logistics Inc.,4292.9,,2025-08
INV-252143,2025-08-13,2025-08-13,C1014,Harborview Apartments LLC,18351.0,,2025-08
INV-252144,2025-08-13,2025-08-13,C1022,Medina Auto Group,11938.67,Standing order,2025-08
INV-252145,2025-08-13,2025-08-12,C1024,North Coast Restaurants LLC,12630.33,Standing order,2025-08
INV-252146,2025-08-13,2025-08-13,C1026,Parma Community College,23688.32,PO 48243,2025-08
INV-252147,2025-08-13,2025-08-13,C1026,Parma Community College,8724.21,,2025-08
INV-252148,2025-08-13,2025-08-13,C1026,Parma Community College,8888.05,Standing order,2025-08
INV-252149,2025-08-13,2025-08-13,C1026,Parma Community College,10210.63,Standing order,2025-08
INV-252150,2025-08-13,2025-08-13,C1031,Shaker Square Retail Partners,16918.03,PO 48674,2025-08
INV-252151,2025-08-13,2025-08-12,C1038,Westlake Commercial Cleaning Company,6429.1,PO 48569,2025-08
INV-252152,2025-08-13,2025-08-13,C1040,Youngstown Metal Works Inc.,8383.94,,2025-08
INV-252153,2025-08-13,2025-08-13,C1040,Youngstown Metal Works Inc.,7477.29,,2025-08
INV-252154,2025-08-14,2025-08-14,C1002,Bayview Medical Center Inc.,6356.22,,2025-08
INV-252155,2025-08-14,2025-08-13,C1002,Bayview Medical Center Inc.,3605.12,,2025-08
INV-252156,2025-08-14,2025-08-13,C1003,Cardinal Hospitality Group LLC,23234.35,,2025-08
INV-252157,2025-08-14,2025-08-14,C1004,Cedar Point Facility Services,14013.6,PO 47201,2025-08
INV-252158,2025-08-14,2025-08-14,C1008,Evergreen Senior Living Inc.,3051.41,,2025-08
INV-252159,2025-08-14,2025-08-14,C1008,Evergreen Senior Living Inc.,4119.39,,2025-08
INV-252160,2025-08-14,2025-08-13,C1011,Garfield Industrial Company,6828.38,,2025-08
INV-252161,2025-08-14,2025-08-14,C1012,Great Lakes Logistics Inc.,3335.85,,2025-08
INV-252162,2025-08-14,2025-08-14,C1012,Great Lakes Logistics Inc.,17004.46,Standing order,2025-08
INV-252163,2025-08-14,2025-08-14,C1018,Kent Valley Hospital,6907.82,Standing order,2025-08
INV-252164,2025-08-14,2025-08-14,C1025,Oak Ridge Office Parks,5775.74,,2025-08
INV-252165,2025-08-14,2025-08-13,C1026,Parma Community College,6461.47,Standing order,2025-08
INV-252166,2025-08-14,2025-08-14,C1029,Riverside Fitness Clubs LLC,10677.37,,2025-08
INV-252167,2025-08-14,2025-08-14,C1036,University Circle Services,12885.46,,2025-08
INV-252168,2025-08-14,2025-08-13,C1036,University Circle Services,27436.72,,2025-08
INV-252169,2025-08-14,2025-08-14,C1036,University Circle Services,10537.53,,2025-08
INV-252170,2025-08-15,2025-08-15,C1001,Allegheny Property Management LLC,5824.9,,2025-08
INV-252171,2025-08-15,2025-08-15,C1002,Bayview Medical Center Inc.,21622.13,Standing order,2025-08
INV-252172,2025-08-15,2025-08-15,C1004,Cedar Point Facility Services,3929.89,,2025-08
INV-252173,2025-08-15,2025-08-15,C1008,Evergreen Senior Living Inc.,12251.82,,2025-08
INV-252174,2025-08-15,2025-08-14,C1008,Evergreen Senior Living Inc.,6955.09,PO 42357,2025-08
INV-252175,2025-08-15,2025-08-15,C1011,Garfield Industrial Company,1546.16,,2025-08
INV-252176,2025-08-15,2025-08-15,C1015,Heritage Food Services Inc.,4603.68,PO 48910,2025-08
INV-252177,2025-08-15,2025-08-15,C1020,Lorain Distribution Company,3590.37,,2025-08
INV-252178,2025-08-15,2025-08-15,C1025,Oak Ridge Office Parks,9430.88,,2025-08
INV-252179,2025-08-15,2025-08-15,C1026,Parma Community College,5770.66,PO 43696,2025-08
INV-252180,2025-08-15,2025-08-15,C1027,Pinnacle Building Services Inc.,26708.81,,2025-08
INV-252181,2025-08-15,2025-08-14,C1027,Pinnacle Building Services Inc.,18916.03,PO 45565,2025-08
INV-252182,2025-08-15,2025-08-14,C1030,Sandusky Marine and Supply,16418.23,PO 42753,2025-08
INV-252183,2025-08-15,2025-08-15,C1030,Sandusky Marine and Supply,7120.55,,2025-08
INV-252184,2025-08-15,2025-08-14,C1030,Sandusky Marine and Supply,4042.64,Standing order,2025-08
INV-252185,2025-08-15,2025-08-15,C1031,Shaker Square Retail Partners,7381.76,,2025-08
INV-252186,2025-08-15,2025-08-15,C1033,Summit Healthcare Group Inc.,14155.72,,2025-08
INV-252187,2025-08-15,2025-08-14,C1035,Twinsburg Industrial Park LLC,6352.47,Standing order,2025-08
INV-252188,2025-08-15,2025-08-15,C1035,Twinsburg Industrial Park LLC,3351.18,PO 42116,2025-08
INV-252189,2025-08-15,2025-08-14,C1035,Twinsburg Industrial Park LLC,9756.01,,2025-08
INV-252190,2025-08-15,2025-08-14,C1035,Twinsburg Industrial Park LLC,8891.78,,2025-08
INV-252191,2025-08-15,2025-08-15,C1036,University Circle Services,1847.48,PO 45991,2025-08
INV-252192,2025-08-15,2025-08-15,C1038,Westlake Commercial Cleaning Company,8554.17,,2025-08
INV-252193,2025-08-15,2025-08-15,C1038,Westlake Commercial Cleaning Company,3427.91,PO 43763,2025-08
INV-252194,2025-08-15,2025-08-15,C1038,Westlake Commercial Cleaning Company,4231.51,PO 48556,2025-08
INV-252195,2025-08-15,2025-08-15,C1040,Youngstown Metal Works Inc.,22019.18,Standing order,2025-08
INV-252196,2025-08-15,2025-08-14,C1040,Youngstown Metal Works Inc.,7478.18,Standing order,2025-08
INV-252197,2025-08-18,2025-08-18,C1002,Bayview Medical Center Inc.,11529.37,,2025-08
INV-252198,2025-08-18,2025-08-18,C1004,Cedar Point Facility Services,2868.8,Standing order,2025-08
INV-252199,2025-08-18,2025-08-18,C1007,Eastgate Office Partners,8959.59,Standing order,2025-08
INV-252200,2025-08-18,2025-08-18,C1008,Evergreen Senior Living Inc.,1905.65,PO 45843,2025-08
INV-252201,2025-08-18,2025-08-18,C1012,Great Lakes Logistics Inc.,7337.79,Standing order,2025-08
INV-252202,2025-08-18,2025-08-18,C1015,Heritage Food Services Inc.,4555.53,Standing order,2025-08
INV-252203,2025-08-18,2025-08-18,C1017,Ironwood Property Services,24200.2,,2025-08
INV-252204,2025-08-18,2025-08-18,C1018,Kent Valley Hospital,4453.67,PO 47180,2025-08
INV-252205,2025-08-18,2025-08-17,C1018,Kent Valley Hospital,47754.18,,2025-08
INV-252206,2025-08-18,2025-08-17,C1022,Medina Auto Group,10242.58,,2025-08
INV-252207,2025-08-18,2025-08-17,C1025,Oak Ridge Office Parks,8139.79,,2025-08
INV-252208,2025-08-18,2025-08-18,C1025,Oak Ridge Office Parks,5930.63,Standing order,2025-08
INV-252209,2025-08-18,2025-08-18,C1026,Parma Community College,8164.75,,2025-08
INV-252210,2025-08-18,2025-08-18,C1026,Parma Community College,6735.43,,2025-08
INV-252211,2025-08-18,2025-08-18,C1029,Riverside Fitness Clubs LLC,4097.58,Standing order,2025-08
INV-252212,2025-08-18,2025-08-18,C1030,Sandusky Marine and Supply,17867.14,,2025-08
INV-252213,2025-08-18,2025-08-18,C1030,Sandusky Marine and Supply,20746.15,,2025-08
INV-252214,2025-08-18,2025-08-18,C1035,Twinsburg Industrial Park LLC,1599.95,,2025-08
INV-252215,2025-08-18,2025-08-18,C1035,Twinsburg Industrial Park LLC,19934.66,,2025-08
INV-252216,2025-08-18,2025-08-18,C1035,Twinsburg Industrial Park LLC,3640.18,,2025-08
INV-252217,2025-08-18,2025-08-18,C1036,University Circle Services,2410.15,PO 49701,2025-08
INV-252218,2025-08-18,2025-08-18,C1040,Youngstown Metal Works Inc.,3705.96,Standing order,2025-08
INV-252219,2025-08-18,2025-08-18,C1040,Youngstown Metal Works Inc.,16681.94,,2025-08
INV-252220,2025-08-18,2025-08-18,C1040,Youngstown Metal Works Inc.,5537.57,,2025-08
INV-252221,2025-08-19,2025-08-19,C1002,Bayview Medical Center Inc.,2242.37,PO 45389,2025-08
INV-252222,2025-08-19,2025-08-18,C1005,Clearwater Janitorial Company,9067.23,Standing order,2025-08
INV-252223,2025-08-19,2025-08-19,C1008,Evergreen Senior Living Inc.,9653.37,PO 46723,2025-08
INV-252224,2025-08-19,2025-08-19,C1009,Fairlawn Public Schools,4049.49,,2025-08
INV-252225,2025-08-19,2025-08-19,C1012,Great Lakes Logistics Inc.,2044.31,,2025-08
INV-252226,2025-08-19,2025-08-19,C1014,Harborview Apartments LLC,10416.06,Standing order,2025-08
INV-252227,2025-08-19,2025-08-19,C1014,Harborview Apartments LLC,10900.29,,2025-08
INV-252228,2025-08-19,2025-08-19,C1022,Medina Auto Group,2118.25,,2025-08
INV-252229,2025-08-19,2025-08-19,C1023,Midwest Stadium Services Inc.,1860.21,,2025-08
INV-252230,2025-08-19,2025-08-19,C1027,Pinnacle Building Services Inc.,11139.3,,2025-08
INV-252231,2025-08-19,2025-08-18,C1028,Portage Cold Storage Company,10552.43,,2025-08
INV-252232,2025-08-19,2025-08-19,C1035,Twinsburg Industrial Park LLC,4152.64,Standing order,2025-08
INV-252233,2025-08-19,2025-08-19,C1035,Twinsburg Industrial Park LLC,2304.03,PO 44231,2025-08
INV-252234,2025-08-19,2025-08-19,C1036,University Circle Services,5643.55,,2025-08
INV-252235,2025-08-19,2025-08-19,C1036,University Circle Services,44525.33,Standing order,2025-08
INV-252236,2025-08-19,2025-08-19,C1040,Youngstown Metal Works Inc.,25987.26,,2025-08
INV-252237,2025-08-20,2025-08-19,C1002,Bayview Medical Center Inc.,9789.73,,2025-08
INV-252238,2025-08-20,2025-08-20,C1007,Eastgate Office Partners,2214.89,Standing order,2025-08
INV-252239,2025-08-20,2025-08-20,C1008,Evergreen Senior Living Inc.,5751.08,PO 43787,2025-08
INV-252240,2025-08-20,2025-08-20,C1011,Garfield Industrial Company,10736.55,,2025-08
INV-252241,2025-08-20,2025-08-19,C1015,Heritage Food Services Inc.,4715.76,,2025-08
INV-252242,2025-08-20,2025-08-19,C1020,Lorain Distribution Company,14660.01,,2025-08
INV-252243,2025-08-20,2025-08-20,C1030,Sandusky Marine and Supply,9042.97,Standing order,2025-08
INV-252244,2025-08-20,2025-08-19,C1035,Twinsburg Industrial Park LLC,9914.78,,2025-08
INV-252245,2025-08-20,2025-08-19,C1035,Twinsburg Industrial Park LLC,7055.99,,2025-08
INV-252246,2025-08-20,2025-08-20,C1038,Westlake Commercial Cleaning Company,11917.29,Standing order,2025-08
INV-252247,2025-08-20,2025-08-20,C1038,Westlake Commercial Cleaning Company,6877.01,PO 41919,2025-08
INV-252248,2025-08-20,2025-08-20,C1040,Youngstown Metal Works Inc.,11482.42,Standing order,2025-08
INV-252249,2025-08-21,2025-08-21,C1002,Bayview Medical Center Inc.,11313.89,Standing order,2025-08
INV-252250,2025-08-21,2025-08-21,C1003,Cardinal Hospitality Group LLC,2919.87,,2025-08
INV-252251,2025-08-21,2025-08-21,C1008,Evergreen Senior Living Inc.,9535.68,,2025-08
INV-252252,2025-08-21,2025-08-21,C1008,Evergreen Senior Living Inc.,1413.36,,2025-08
INV-252253,2025-08-21,2025-08-21,C1012,Great Lakes Logistics Inc.,4246.59,PO 45012,2025-08
INV-252254,2025-08-21,2025-08-20,C1022,Medina Auto Group,17872.31,,2025-08
INV-252255,2025-08-21,2025-08-21,C1025,Oak Ridge Office Parks,6357.68,PO 49510,2025-08
INV-252256,2025-08-21,2025-08-21,C1026,Parma Community College,18204.31,Standing order,2025-08
INV-252257,2025-08-21,2025-08-20,C1026,Parma Community College,4805.34,PO 43899,2025-08
INV-252258,2025-08-21,2025-08-21,C1028,Portage Cold Storage Company,3725.8,,2025-08
INV-252259,2025-08-21,2025-08-21,C1030,Sandusky Marine and Supply,2847.62,,2025-08
INV-252260,2025-08-21,2025-08-21,C1035,Twinsburg Industrial Park LLC,26851.8,Standing order,2025-08
INV-252261,2025-08-21,2025-08-20,C1038,Westlake Commercial Cleaning Company,5291.46,,2025-08
INV-252262,2025-08-22,2025-08-22,C1002,Bayview Medical Center Inc.,8167.33,,2025-08
INV-252263,2025-08-22,2025-08-22,C1002,Bayview Medical Center Inc.,11730.37,,2025-08
INV-252264,2025-08-22,2025-08-21,C1003,Cardinal Hospitality Group LLC,4341.96,Standing order,2025-08
INV-252265,2025-08-22,2025-08-21,C1004,Cedar Point Facility Services,13883.61,PO 40996,2025-08
INV-252266,2025-08-22,2025-08-22,C1011,Garfield Industrial Company,4948.77,PO 42899,2025-08
INV-252267,2025-08-22,2025-08-22,C1011,Garfield Industrial Company,3511.05,PO 43870,2025-08
INV-252268,2025-08-22,2025-08-22,C1011,Garfield Industrial Company,3180.46,,2025-08
INV-252269,2025-08-22,2025-08-22,C1012,Great Lakes Logistics Inc.,11673.39,,2025-08
INV-252270,2025-08-22,2025-08-22,C1024,North Coast Restaurants LLC,21364.98,,2025-08
INV-252271,2025-08-22,2025-08-22,C1026,Parma Community College,1700.81,PO 47801,2025-08
INV-252272,2025-08-22,2025-08-22,C1030,Sandusky Marine and Supply,41326.46,,2025-08
INV-252273,2025-08-22,2025-08-22,C1035,Twinsburg Industrial Park LLC,4556.84,,2025-08
INV-252274,2025-08-22,2025-08-22,C1036,University Circle Services,7317.23,,2025-08
INV-252275,2025-08-22,2025-08-22,C1038,Westlake Commercial Cleaning Company,4383.82,,2025-08
INV-252276,2025-08-22,2025-08-22,C1039,Willoughby Tech Center,9766.3,PO 41866,2025-08
INV-252277,2025-08-22,2025-08-22,C1040,Youngstown Metal Works Inc.,16975.52,,2025-08
INV-252278,2025-08-22,2025-08-22,C1040,Youngstown Metal Works Inc.,7421.66,PO 49907,2025-08
INV-252279,2025-08-25,2025-08-25,C1001,Allegheny Property Management LLC,10605.9,PO 45760,2025-08
INV-252280,2025-08-25,2025-08-24,C1002,Bayview Medical Center Inc.,6566.24,Standing order,2025-08
INV-252281,2025-08-25,2025-08-25,C1002,Bayview Medical Center Inc.,3821.32,PO 41177,2025-08
INV-252282,2025-08-25,2025-08-25,C1002,Bayview Medical Center Inc.,11345.7,PO 42193,2025-08
INV-252283,2025-08-25,2025-08-25,C1011,Garfield Industrial Company,2869.59,Standing order,2025-08
INV-252284,2025-08-25,2025-08-25,C1012,Great Lakes Logistics Inc.,8264.22,Standing order,2025-08
INV-252285,2025-08-25,2025-08-25,C1017,Ironwood Property Services,4850.99,,2025-08
INV-252286,2025-08-25,2025-08-24,C1018,Kent Valley Hospital,17391.23,,2025-08
INV-252287,2025-08-25,2025-08-25,C1018,Kent Valley Hospital,8908.19,,2025-08
INV-252288,2025-08-25,2025-08-24,C1023,Midwest Stadium Services Inc.,5100.33,Standing order,2025-08
INV-252289,2025-08-25,2025-08-25,C1023,Midwest Stadium Services Inc.,28343.38,,2025-08
INV-252290,2025-08-25,2025-08-25,C1026,Parma Community College,11314.3,,2025-08
INV-252291,2025-08-25,2025-08-25,C1028,Portage Cold Storage Company,11472.25,,2025-08
INV-252292,2025-08-25,2025-08-24,C1033,Summit Healthcare Group Inc.,14130.26,,2025-08
INV-252293,2025-08-25,2025-08-25,C1033,Summit Healthcare Group Inc.,28992.67,PO 45941,2025-08
INV-252294,2025-08-25,2025-08-25,C1035,Twinsburg Industrial Park LLC,17895.89,Standing order,2025-08
INV-252295,2025-08-25,2025-08-25,C1035,Twinsburg Industrial Park LLC,7779.53,,2025-08
INV-252296,2025-08-25,2025-08-24,C1036,University Circle Services,11511.37,,2025-08
INV-252297,2025-08-25,2025-08-24,C1038,Westlake Commercial Cleaning Company,16175.04,,2025-08
INV-252298,2025-08-25,2025-08-25,C1038,Westlake Commercial Cleaning Company,5443.6,,2025-08
INV-252299,2025-08-25,2025-08-24,C1039,Willoughby Tech Center,6530.65,,2025-08
INV-252300,2025-08-25,2025-08-24,C1040,Youngstown Metal Works Inc.,5727.66,,2025-08
INV-252301,2025-08-26,2025-08-26,C1001,Allegheny Property Management LLC,14899.57,,2025-08
INV-252302,2025-08-26,2025-08-26,C1002,Bayview Medical Center Inc.,5083.89,Standing order,2025-08
INV-252303,2025-08-26,2025-08-26,C1005,Clearwater Janitorial Company,6989.38,,2025-08
INV-252304,2025-08-26,2025-08-26,C1008,Evergreen Senior Living Inc.,34119.42,Standing order,2025-08
INV-252305,2025-08-26,2025-08-26,C1011,Garfield Industrial Company,37586.8,,2025-08
INV-252306,2025-08-26,2025-08-26,C1015,Heritage Food Services Inc.,6764.06,,2025-08
INV-252307,2025-08-26,2025-08-26,C1021,Maple Heights Facilities LLC,12385.35,,2025-08
INV-252308,2025-08-26,2025-08-26,C1022,Medina Auto Group,13205.44,Standing order,2025-08
INV-252309,2025-08-26,2025-08-25,C1023,Midwest Stadium Services Inc.,9431.86,,2025-08
INV-252310,2025-08-26,2025-08-26,C1023,Midwest Stadium Services Inc.,8584.99,,2025-08
INV-252311,2025-08-26,2025-08-25,C1025,Oak Ridge Office Parks,13034.97,PO 45216,2025-08
INV-252312,2025-08-26,2025-08-26,C1026,Parma Community College,4392.55,,2025-08
INV-252313,2025-08-26,2025-08-26,C1029,Riverside Fitness Clubs LLC,4554.98,,2025-08
INV-252314,2025-08-26,2025-08-25,C1030,Sandusky Marine and Supply,11188.78,,2025-08
INV-252315,2025-08-26,2025-08-25,C1035,Twinsburg Industrial Park LLC,6811.35,PO 45091,2025-08
INV-252316,2025-08-26,2025-08-26,C1036,University Circle Services,15134.95,Standing order,2025-08
INV-252317,2025-08-26,2025-08-26,C1038,Westlake Commercial Cleaning Company,10840.67,Standing order,2025-08
INV-252318,2025-08-26,2025-08-26,C1038,Westlake Commercial Cleaning Company,16611.27,,2025-08
INV-252319,2025-08-26,2025-08-26,C1040,Youngstown Metal Works Inc.,4561.45,,2025-08
INV-252320,2025-08-26,2025-08-26,C1040,Youngstown Metal Works Inc.,21706.92,Standing order,2025-08
INV-252321,2025-08-26,2025-08-26,C1040,Youngstown Metal Works Inc.,9229.61,,2025-08
INV-252322,2025-08-27,2025-08-27,C1003,Cardinal Hospitality Group LLC,10927.77,,2025-08
INV-252323,2025-08-27,2025-08-27,C1004,Cedar Point Facility Services,16038.33,,2025-08
INV-252324,2025-08-27,2025-08-26,C1005,Clearwater Janitorial Company,7573.8,,2025-08
INV-252325,2025-08-27,2025-08-26,C1011,Garfield Industrial Company,31454.43,,2025-08
INV-252326,2025-08-27,2025-08-26,C1012,Great Lakes Logistics Inc.,24846.71,,2025-08
INV-252327,2025-08-27,2025-08-26,C1014,Harborview Apartments LLC,6596.09,Standing order,2025-08
INV-252328,2025-08-27,2025-08-27,C1015,Heritage Food Services Inc.,7137.21,,2025-08
INV-252329,2025-08-27,2025-08-27,C1015,Heritage Food Services Inc.,8233.07,,2025-08
INV-252330,2025-08-27,2025-08-26,C1020,Lorain Distribution Company,7608.34,PO 40213,2025-08
INV-252331,2025-08-27,2025-08-27,C1022,Medina Auto Group,5542.82,,2025-08
INV-252332,2025-08-27,2025-08-26,C1025,Oak Ridge Office Parks,7176.32,,2025-08
INV-252333,2025-08-27,2025-08-26,C1033,Summit Healthcare Group Inc.,14812.04,,2025-08
INV-252334,2025-08-27,2025-08-27,C1040,Youngstown Metal Works Inc.,6494.67,,2025-08
INV-252335,2025-08-27,2025-08-27,C1040,Youngstown Metal Works Inc.,5804.63,Standing order,2025-08
INV-252336,2025-08-28,2025-08-27,C1002,Bayview Medical Center Inc.,5905.26,Standing order,2025-08
INV-252337,2025-08-28,2025-08-28,C1002,Bayview Medical Center Inc.,11040.55,Standing order,2025-08
INV-252338,2025-08-28,2025-08-28,C1022,Medina Auto Group,7261.64,PO 41138,2025-08
INV-252339,2025-08-28,2025-08-27,C1026,Parma Community College,7362.91,Standing order,2025-08
INV-252340,2025-08-28,2025-08-28,C1034,Tri-State Warehouse Company,1717.28,,2025-08
INV-252341,2025-08-28,2025-08-27,C1038,Westlake Commercial Cleaning Company,4457.92,PO 44425,2025-08
INV-252342,2025-08-29,2025-08-29,C1001,Allegheny Property Management LLC,10902.18,,2025-08
INV-252343,2025-08-29,2025-08-28,C1002,Bayview Medical Center Inc.,4625.25,,2025-08
INV-252344,2025-08-29,2025-08-29,C1005,Clearwater Janitorial Company,4598.82,,2025-08
INV-252345,2025-08-29,2025-08-29,C1010,Forest City Hotels and Resorts,14396.81,PO 45536,2025-08
INV-252346,2025-08-29,2025-08-29,C1012,Great Lakes Logistics Inc.,6980.5,,2025-08
INV-252347,2025-08-29,2025-08-28,C1022,Medina Auto Group,10616.26,PO 43033,2025-08
INV-252348,2025-08-29,2025-08-28,C1026,Parma Community College,10249.59,,2025-08
INV-252349,2025-08-29,2025-08-29,C1026,Parma Community College,12741.04,,2025-08
INV-252350,2025-08-29,2025-08-29,C1026,Parma Community College,11779.48,PO 42371,2025-08
INV-252351,2025-08-29,2025-08-29,C1030,Sandusky Marine and Supply,1912.29,,2025-08
INV-252352,2025-08-29,2025-08-29,C1030,Sandusky Marine and Supply,12489.18,Standing order,2025-08
INV-252353,2025-08-29,2025-08-29,C1030,Sandusky Marine and Supply,8866.74,,2025-08
INV-252354,2025-08-29,2025-08-29,C1035,Twinsburg Industrial Park LLC,9948.45,,2025-08
INV-252355,2025-08-29,2025-08-29,C1039,Willoughby Tech Center,2538.1,Standing order,2025-08
INV-252356,2025-09-01,2025-08-31,C1005,Clearwater Janitorial Company,5608.77,,2025-09
INV-252357,2025-09-01,2025-09-01,C1011,Garfield Industrial Company,9627.38,Standing order,2025-09
INV-252358,2025-09-01,2025-08-31,C1012,Great Lakes Logistics Inc.,23054.71,,2025-09
INV-252359,2025-09-01,2025-09-01,C1014,Harborview Apartments LLC,9875.23,PO 44721,2025-09
INV-252360,2025-09-01,2025-09-01,C1018,Kent Valley Hospital,1994.12,PO 43385,2025-09
INV-252361,2025-09-01,2025-09-01,C1025,Oak Ridge Office Parks,13916.24,PO 46589,2025-09
INV-252362,2025-09-01,2025-08-31,C1026,Parma Community College,11531.94,,2025-09
INV-252363,2025-09-01,2025-08-31,C1033,Summit Healthcare Group Inc.,3080.95,,2025-09
INV-252364,2025-09-01,2025-08-31,C1035,Twinsburg Industrial Park LLC,7935.54,,2025-09
INV-252365,2025-09-01,2025-09-01,C1035,Twinsburg Industrial Park LLC,3530.45,,2025-09
INV-252366,2025-09-01,2025-08-31,C1038,Westlake Commercial Cleaning Company,9400.15,Standing order,2025-09
INV-252367,2025-09-01,2025-08-31,C1038,Westlake Commercial Cleaning Company,9614.19,,2025-09
INV-252368,2025-09-01,2025-09-01,C1038,Westlake Commercial Cleaning Company,24907.75,Standing order,2025-09
INV-252369,2025-09-01,2025-09-01,C1040,Youngstown Metal Works Inc.,4329.71,,2025-09
INV-252370,2025-09-02,2025-09-01,C1001,Allegheny Property Management LLC,2342.78,,2025-09
INV-252371,2025-09-02,2025-09-01,C1002,Bayview Medical Center Inc.,9862.78,,2025-09
INV-252372,2025-09-02,2025-09-01,C1003,Cardinal Hospitality Group LLC,16798.07,,2025-09
INV-252373,2025-09-02,2025-09-02,C1012,Great Lakes Logistics Inc.,11081.93,,2025-09
INV-252374,2025-09-02,2025-09-02,C1023,Midwest Stadium Services Inc.,3129.74,,2025-09
INV-252375,2025-09-02,2025-09-02,C1025,Oak Ridge Office Parks,3705.49,,2025-09
INV-252376,2025-09-02,2025-09-01,C1029,Riverside Fitness Clubs LLC,17577.81,Standing order,2025-09
INV-252377,2025-09-02,2025-09-02,C1033,Summit Healthcare Group Inc.,11318.54,,2025-09
INV-252378,2025-09-02,2025-09-01,C1036,University Circle Services,3710.45,Standing order,2025-09
INV-252379,2025-09-02,2025-09-02,C1040,Youngstown Metal Works Inc.,6686.33,,2025-09
INV-252380,2025-09-03,2025-09-03,C1002,Bayview Medical Center Inc.,14312.11,PO 48814,2025-09
INV-252381,2025-09-03,2025-09-03,C1002,Bayview Medical Center Inc.,5379.59,,2025-09
INV-252382,2025-09-03,2025-09-03,C1003,Cardinal Hospitality Group LLC,15938.1,,2025-09
INV-252383,2025-09-03,2025-09-03,C1004,Cedar Point Facility Services,14250.87,,2025-09
INV-252384,2025-09-03,2025-09-03,C1005,Clearwater Janitorial Company,4709.33,,2025-09
INV-252385,2025-09-03,2025-09-02,C1018,Kent Valley Hospital,3802.02,,2025-09
INV-252386,2025-09-03,2025-09-03,C1026,Parma Community College,2507.66,Standing order,2025-09
INV-252387,2025-09-03,2025-09-03,C1026,Parma Community College,6722.52,Standing order,2025-09
INV-252388,2025-09-03,2025-09-03,C1029,Riverside Fitness Clubs LLC,13745.55,,2025-09
INV-252389,2025-09-03,2025-09-02,C1033,Summit Healthcare Group Inc.,22583.89,,2025-09
INV-252390,2025-09-03,2025-09-03,C1035,Twinsburg Industrial Park LLC,4419.32,Standing order,2025-09
INV-252391,2025-09-03,2025-09-02,C1035,Twinsburg Industrial Park LLC,1761.19,,2025-09
INV-252392,2025-09-03,2025-09-03,C1038,Westlake Commercial Cleaning Company,5939.14,,2025-09
INV-252393,2025-09-03,2025-09-03,C1040,Youngstown Metal Works Inc.,6034.97,Standing order,2025-09
INV-252394,2025-09-03,2025-09-03,C1040,Youngstown Metal Works Inc.,3133.63,PO 49354,2025-09
INV-252395,2025-09-03,2025-09-02,C1040,Youngstown Metal Works Inc.,19716.58,,2025-09
INV-252396,2025-09-04,2025-09-04,C1001,Allegheny Property Management LLC,11596.06,,2025-09
INV-252397,2025-09-04,2025-09-03,C1007,Eastgate Office Partners,41045.96,Standing order,2025-09
INV-252398,2025-09-04,2025-09-04,C1008,Evergreen Senior Living Inc.,37473.27,Standing order,2025-09
INV-252399,2025-09-04,2025-09-04,C1019,Lakeshore Cleaning Services Inc.,11490.69,,2025-09
INV-252400,2025-09-04,2025-09-04,C1023,Midwest Stadium Services Inc.,15962.03,Standing order,2025-09
INV-252401,2025-09-04,2025-09-03,C1028,Portage Cold Storage Company,8941.46,PO 42816,2025-09
INV-252402,2025-09-04,2025-09-03,C1035,Twinsburg Industrial Park LLC,10730.47,,2025-09
INV-252403,2025-09-04,2025-09-04,C1035,Twinsburg Industrial Park LLC,3456.1,PO 42462,2025-09
INV-252404,2025-09-04,2025-09-03,C1035,Twinsburg Industrial Park LLC,8255.9,,2025-09
INV-252405,2025-09-04,2025-09-04,C1036,University Circle Services,19595.83,,2025-09
INV-252406,2025-09-05,2025-09-05,C1003,Cardinal Hospitality Group LLC,6184.58,,2025-09
INV-252407,2025-09-05,2025-09-04,C1003,Cardinal Hospitality Group LLC,18629.31,,2025-09
INV-252408,2025-09-05,2025-09-04,C1005,Clearwater Janitorial Company,7218.88,PO 47199,2025-09
INV-252409,2025-09-05,2025-09-05,C1007,Eastgate Office Partners,4626.56,PO 45907,2025-09
INV-252410,2025-09-05,2025-09-04,C1008,Evergreen Senior Living Inc.,22888.71,,2025-09
INV-252411,2025-09-05,2025-09-05,C1011,Garfield Industrial Company,8543.43,,2025-09
INV-252412,2025-09-05,2025-09-05,C1011,Garfield Industrial Company,8269.56,PO 44761,2025-09
INV-252413,2025-09-05,2025-09-05,C1012,Great Lakes Logistics Inc.,14056.8,,2025-09
INV-252414,2025-09-05,2025-09-05,C1012,Great Lakes Logistics Inc.,6705.52,,2025-09
INV-252415,2025-09-05,2025-09-05,C1014,Harborview Apartments LLC,2241.28,PO 46972,2025-09
INV-252416,2025-09-05,2025-09-05,C1014,Harborview Apartments LLC,21378.82,PO 46438,2025-09
INV-252417,2025-09-05,2025-09-05,C1015,Heritage Food Services Inc.,11765.58,PO 45092,2025-09
INV-252418,2025-09-05,2025-09-05,C1015,Heritage Food Services Inc.,3894.46,,2025-09
INV-252419,2025-09-05,2025-09-05,C1022,Medina Auto Group,16409.04,Standing order,2025-09
INV-252420,2025-09-05,2025-09-05,C1023,Midwest Stadium Services Inc.,19023.89,PO 46896,2025-09
INV-252421,2025-09-05,2025-09-05,C1025,Oak Ridge Office Parks,7805.87,,2025-09
INV-252422,2025-09-05,2025-09-05,C1029,Riverside Fitness Clubs LLC,13593.86,,2025-09
INV-252423,2025-09-05,2025-09-05,C1030,Sandusky Marine and Supply,5221.73,,2025-09
INV-252424,2025-09-05,2025-09-04,C1037,Valley View Hotels Inc.,10696.65,,2025-09
INV-252425,2025-09-05,2025-09-04,C1038,Westlake Commercial Cleaning Company,64104.14,Standing order,2025-09
INV-252426,2025-09-05,2025-09-05,C1040,Youngstown Metal Works Inc.,6292.57,Standing order,2025-09
INV-252427,2025-09-05,2025-09-05,C1040,Youngstown Metal Works Inc.,16370.62,,2025-09
INV-252428,2025-09-05,2025-09-05,C1040,Youngstown Metal Works Inc.,8733.22,PO 44700,2025-09
INV-252429,2025-09-08,2025-09-07,C1011,Garfield Industrial Company,3893.75,,2025-09
INV-252430,2025-09-08,2025-09-08,C1011,Garfield Industrial Company,24288.29,,2025-09
INV-252431,2025-09-08,2025-09-07,C1012,Great Lakes Logistics Inc.,4488.16,PO 40194,2025-09
INV-252432,2025-09-08,2025-09-08,C1019,Lakeshore Cleaning Services Inc.,10296.07,Standing order,2025-09
INV-252433,2025-09-08,2025-09-08,C1025,Oak Ridge Office Parks,12351.65,,2025-09
INV-252434,2025-09-08,2025-09-08,C1035,Twinsburg Industrial Park LLC,5371.85,,2025-09
INV-252435,2025-09-08,2025-09-08,C1036,University Circle Services,6618.4,,2025-09
INV-252436,2025-09-08,2025-09-08,C1036,University Circle Services,7534.58,,2025-09
INV-252437,2025-09-08,2025-09-08,C1037,Valley View Hotels Inc.,4614.53,,2025-09
INV-252438,2025-09-08,2025-09-08,C1038,Westlake Commercial Cleaning Company,31367.83,,2025-09
INV-252439,2025-09-08,2025-09-07,C1038,Westlake Commercial Cleaning Company,20912.84,Standing order,2025-09
INV-252440,2025-09-08,2025-09-07,C1038,Westlake Commercial Cleaning Company,15887.06,,2025-09
INV-252441,2025-09-08,2025-09-08,C1040,Youngstown Metal Works Inc.,9017.38,,2025-09
INV-252442,2025-09-08,2025-09-08,C1040,Youngstown Metal Works Inc.,5288.85,Standing order,2025-09
INV-252443,2025-09-08,2025-09-08,C1040,Youngstown Metal Works Inc.,3713.06,,2025-09
INV-252444,2025-09-08,2025-09-07,C1040,Youngstown Metal Works Inc.,3889.61,PO 40031,2025-09
INV-252445,2025-09-09,2025-09-09,C1002,Bayview Medical Center Inc.,803.74,Standing order,2025-09
INV-252446,2025-09-09,2025-09-09,C1002,Bayview Medical Center Inc.,11571.34,,2025-09
INV-252447,2025-09-09,2025-09-09,C1002,Bayview Medical Center Inc.,14774.38,Standing order,2025-09
INV-252448,2025-09-09,2025-09-09,C1002,Bayview Medical Center Inc.,20918.83,,2025-09
INV-252449,2025-09-09,2025-09-09,C1002,Bayview Medical Center Inc.,9111.42,,2025-09
INV-252450,2025-09-09,2025-09-09,C1003,Cardinal Hospitality Group LLC,11063.18,,2025-09
INV-252451,2025-09-09,2025-09-09,C1004,Cedar Point Facility Services,8189.35,,2025-09
INV-252452,2025-09-09,2025-09-09,C1005,Clearwater Janitorial Company,2059.26,PO 41610,2025-09
INV-252453,2025-09-09,2025-09-09,C1008,Evergreen Senior Living Inc.,4575.26,,2025-09
INV-252454,2025-09-09,2025-09-09,C1035,Twinsburg Industrial Park LLC,39017.83,,2025-09
INV-252455,2025-09-09,2025-09-09,C1036,University Circle Services,6163.99,,2025-09
INV-252456,2025-09-09,2025-09-08,C1040,Youngstown Metal Works Inc.,6399.05,,2025-09
INV-252457,2025-09-09,2025-09-09,C1040,Youngstown Metal Works Inc.,4026.86,PO 49387,2025-09
INV-252458,2025-09-09,2025-09-08,C1040,Youngstown Metal Works Inc.,5894.48,,2025-09
INV-252459,2025-09-10,2025-09-10,C1011,Garfield Industrial Company,10273.12,PO 47957,2025-09
INV-252460,2025-09-10,2025-09-09,C1012,Great Lakes Logistics Inc.,13257.49,,2025-09
INV-252461,2025-09-10,2025-09-10,C1025,Oak Ridge Office Parks,4245.11,,2025-09
INV-252462,2025-09-10,2025-09-10,C1026,Parma Community College,7168.03,PO 43344,2025-09
INV-252463,2025-09-10,2025-09-10,C1027,Pinnacle Building Services Inc.,1408.96,,2025-09
INV-252464,2025-09-10,2025-09-10,C1035,Twinsburg Industrial Park LLC,28726.13,,2025-09
INV-252465,2025-09-10,2025-09-09,C1040,Youngstown Metal Works Inc.,8969.87,,2025-09
INV-252466,2025-09-10,2025-09-09,C1040,Youngstown Metal Works Inc.,12615.22,PO 42807,2025-09
INV-252467,2025-09-10,2025-09-09,C1040,Youngstown Metal Works Inc.,4250.53,,2025-09
INV-252468,2025-09-11,2025-09-11,C1003,Cardinal Hospitality Group LLC,2889.08,,2025-09
INV-252469,2025-09-11,2025-09-10,C1012,Great Lakes Logistics Inc.,15448.76,Standing order,2025-09
INV-252470,2025-09-11,2025-09-11,C1015,Heritage Food Services Inc.,14784.5,,2025-09
INV-252471,2025-09-11,2025-09-11,C1022,Medina Auto Group,3847.52,,2025-09
INV-252472,2025-09-11,2025-09-11,C1022,Medina Auto Group,1667.42,Standing order,2025-09
INV-252473,2025-09-11,2025-09-11,C1022,Medina Auto Group,12706.45,PO 40423,2025-09
INV-252474,2025-09-11,2025-09-11,C1027,Pinnacle Building Services Inc.,9292.16,PO 41887,2025-09
INV-252475,2025-09-11,2025-09-11,C1035,Twinsburg Industrial Park LLC,4353.39,Standing order,2025-09
INV-252476,2025-09-11,2025-09-10,C1035,Twinsburg Industrial Park LLC,1554.05,,2025-09
INV-252477,2025-09-11,2025-09-11,C1038,Westlake Commercial Cleaning Company,20191.1,,2025-09
INV-252478,2025-09-11,2025-09-11,C1040,Youngstown Metal Works Inc.,8086.41,Standing order,2025-09
INV-252479,2025-09-12,2025-09-12,C1010,Forest City Hotels and Resorts,5487.67,,2025-09
INV-252480,2025-09-12,2025-09-12,C1019,Lakeshore Cleaning Services Inc.,3674.09,,2025-09
INV-252481,2025-09-12,2025-09-12,C1026,Parma Community College,7080.6,Standing order,2025-09
INV-252482,2025-09-12,2025-09-12,C1030,Sandusky Marine and Supply,16617.59,,2025-09
INV-252483,2025-09-12,2025-09-12,C1030,Sandusky Marine and Supply,23167.37,PO 48841,2025-09
INV-252484,2025-09-12,2025-09-12,C1030,Sandusky Marine and Supply,3820.62,Standing order,2025-09
INV-252485,2025-09-12,2025-09-11,C1035,Twinsburg Industrial Park LLC,5779.53,Standing order,2025-09
INV-252486,2025-09-12,2025-09-12,C1036,University Circle Services,58564.03,,2025-09
INV-252487,2025-09-12,2025-09-11,C1040,Youngstown Metal Works Inc.,3668.86,PO 42057,2025-09
INV-252488,2025-09-15,2025-09-15,C1002,Bayview Medical Center Inc.,29253.77,,2025-09
INV-252489,2025-09-15,2025-09-15,C1003,Cardinal Hospitality Group LLC,3983.19,PO 41286,2025-09
INV-252490,2025-09-15,2025-09-15,C1005,Clearwater Janitorial Company,48074.98,PO 48755,2025-09
INV-252491,2025-09-15,2025-09-15,C1023,Midwest Stadium Services Inc.,23777.73,,2025-09
INV-252492,2025-09-15,2025-09-15,C1033,Summit Healthcare Group Inc.,7655.32,PO 44972,2025-09
INV-252493,2025-09-15,2025-09-15,C1033,Summit Healthcare Group Inc.,10568.55,Standing order,2025-09
INV-252494,2025-09-15,2025-09-14,C1036,University Circle Services,4792.8,,2025-09
INV-252495,2025-09-15,2025-09-15,C1036,University Circle Services,8551.1,Standing order,2025-09
INV-252496,2025-09-15,2025-09-14,C1037,Valley View Hotels Inc.,12325.45,,2025-09
INV-252497,2025-09-16,2025-09-15,C1004,Cedar Point Facility Services,6883.93,,2025-09
INV-252498,2025-09-16,2025-09-15,C1005,Clearwater Janitorial Company,8398.66,PO 47944,2025-09
INV-252499,2025-09-16,2025-09-16,C1010,Forest City Hotels and Resorts,7011.53,,2025-09
INV-252500,2025-09-16,2025-09-15,C1011,Garfield Industrial Company,6567.32,Standing order,2025-09
INV-252501,2025-09-16,2025-09-16,C1012,Great Lakes Logistics Inc.,3717.47,PO 44809,2025-09
INV-252502,2025-09-16,2025-09-15,C1012,Great Lakes Logistics Inc.,4682.51,Standing order,2025-09
INV-252503,2025-09-16,2025-09-16,C1015,Heritage Food Services Inc.,16574.64,,2025-09
INV-252504,2025-09-16,2025-09-16,C1017,Ironwood Property Services,3416.53,,2025-09
INV-252505,2025-09-16,2025-09-15,C1018,Kent Valley Hospital,3695.83,,2025-09
INV-252506,2025-09-16,2025-09-15,C1022,Medina Auto Group,12769.88,PO 47917,2025-09
INV-252507,2025-09-16,2025-09-15,C1023,Midwest Stadium Services Inc.,17147.96,,2025-09
INV-252508,2025-09-16,2025-09-15,C1027,Pinnacle Building Services Inc.,2427.57,Standing order,2025-09
INV-252509,2025-09-16,2025-09-16,C1034,Tri-State Warehouse Company,6246.42,,2025-09
INV-252510,2025-09-16,2025-09-15,C1035,Twinsburg Industrial Park LLC,20363.78,PO 40467,2025-09
INV-252511,2025-09-16,2025-09-16,C1035,Twinsburg Industrial Park LLC,9539.51,,2025-09
INV-252512,2025-09-16,2025-09-16,C1038,Westlake Commercial Cleaning Company,7569.71,PO 43272,2025-09
INV-252513,2025-09-17,2025-09-17,C1004,Cedar Point Facility Services,15165.59,,2025-09
INV-252514,2025-09-17,2025-09-17,C1008,Evergreen Senior Living Inc.,24865.21,,2025-09
INV-252515,2025-09-17,2025-09-17,C1009,Fairlawn Public Schools,14474.45,,2025-09
INV-252516,2025-09-17,2025-09-17,C1011,Garfield Industrial Company,14642.77,Standing order,2025-09
INV-252517,2025-09-17,2025-09-17,C1012,Great Lakes Logistics Inc.,11243.95,,2025-09
INV-252518,2025-09-17,2025-09-16,C1018,Kent Valley Hospital,3441.83,,2025-09
INV-252519,2025-09-17,2025-09-17,C1023,Midwest Stadium Services Inc.,4385.34,,2025-09
INV-252520,2025-09-17,2025-09-16,C1025,Oak Ridge Office Parks,6554.86,,2025-09
INV-252521,2025-09-17,2025-09-16,C1025,Oak Ridge Office Parks,6549.16,,2025-09
INV-252522,2025-09-17,2025-09-17,C1026,Parma Community College,6964.83,Standing order,2025-09
INV-252523,2025-09-17,2025-09-17,C1028,Portage Cold Storage Company,34123.25,Standing order,2025-09
INV-252524,2025-09-17,2025-09-17,C1035,Twinsburg Industrial Park LLC,8670.67,Standing order,2025-09
INV-252525,2025-09-17,2025-09-17,C1035,Twinsburg Industrial Park LLC,2256.45,Standing order,2025-09
INV-252526,2025-09-17,2025-09-17,C1035,Twinsburg Industrial Park LLC,13297.85,,2025-09
INV-252527,2025-09-17,2025-09-17,C1036,University Circle Services,18033.26,PO 48777,2025-09
INV-252528,2025-09-17,2025-09-16,C1036,University Circle Services,7691.11,Standing order,2025-09
INV-252529,2025-09-17,2025-09-17,C1040,Youngstown Metal Works Inc.,19122.97,,2025-09
INV-252530,2025-09-18,2025-09-18,C1002,Bayview Medical Center Inc.,32774.31,PO 44068,2025-09
INV-252531,2025-09-18,2025-09-18,C1002,Bayview Medical Center Inc.,3396.67,,2025-09
INV-252532,2025-09-18,2025-09-17,C1004,Cedar Point Facility Services,9805.63,PO 48640,2025-09
INV-252533,2025-09-18,2025-09-17,C1004,Cedar Point Facility Services,22806.71,,2025-09
INV-252534,2025-09-18,2025-09-17,C1011,Garfield Industrial Company,10496.15,PO 47439,2025-09
INV-252535,2025-09-18,2025-09-18,C1011,Garfield Industrial Company,5439.38,,2025-09
INV-252536,2025-09-18,2025-09-18,C1022,Medina Auto Group,7019.67,Standing order,2025-09
INV-252537,2025-09-18,2025-09-18,C1031,Shaker Square Retail Partners,16102.64,,2025-09
INV-252538,2025-09-18,2025-09-18,C1038,Westlake Commercial Cleaning Company,16134.06,Standing order,2025-09
INV-252539,2025-09-18,2025-09-18,C1040,Youngstown Metal Works Inc.,14801.84,,2025-09
INV-252540,2025-09-18,2025-09-17,C1040,Youngstown Metal Works Inc.,4049.09,,2025-09
INV-252541,2025-09-19,2025-09-19,C1011,Garfield Industrial Company,6382.28,,2025-09
INV-252542,2025-09-19,2025-09-19,C1018,Kent Valley Hospital,4399.94,PO 40397,2025-09
INV-252543,2025-09-19,2025-09-19,C1020,Lorain Distribution Company,6191.46,,2025-09
INV-252544,2025-09-19,2025-09-19,C1022,Medina Auto Group,7578.35,,2025-09
INV-252545,2025-09-19,2025-09-19,C1025,Oak Ridge Office Parks,7662.08,PO 47709,2025-09
INV-252546,2025-09-19,2025-09-19,C1025,Oak Ridge Office Parks,25015.85,PO 40974,2025-09
INV-252547,2025-09-19,2025-09-19,C1026,Parma Community College,19563.42,,2025-09
INV-252548,2025-09-19,2025-09-19,C1035,Twinsburg Industrial Park LLC,4652.37,,2025-09
INV-252549,2025-09-19,2025-09-19,C1036,University Circle Services,12302.15,,2025-09
INV-252550,2025-09-19,2025-09-18,C1038,Westlake Commercial Cleaning Company,17666.85,,2025-09
INV-252551,2025-09-19,2025-09-19,C1040,Youngstown Metal Works Inc.,2701.34,Standing order,2025-09
INV-252552,2025-09-22,2025-09-22,C1008,Evergreen Senior Living Inc.,12707.66,,2025-09
INV-252553,2025-09-22,2025-09-21,C1011,Garfield Industrial Company,16328.66,Standing order,2025-09
INV-252554,2025-09-22,2025-09-21,C1011,Garfield Industrial Company,12117.08,,2025-09
INV-252555,2025-09-22,2025-09-22,C1014,Harborview Apartments LLC,11864.53,Standing order,2025-09
INV-252556,2025-09-22,2025-09-22,C1018,Kent Valley Hospital,4024.48,Standing order,2025-09
INV-252557,2025-09-22,2025-09-22,C1019,Lakeshore Cleaning Services Inc.,3549.41,Standing order,2025-09
INV-252558,2025-09-22,2025-09-22,C1022,Medina Auto Group,4627.03,,2025-09
INV-252559,2025-09-22,2025-09-22,C1024,North Coast Restaurants LLC,4862.01,,2025-09
INV-252560,2025-09-22,2025-09-22,C1024,North Coast Restaurants LLC,50097.14,PO 43309,2025-09
INV-252561,2025-09-22,2025-09-22,C1027,Pinnacle Building Services Inc.,8174.17,Standing order,2025-09
INV-252562,2025-09-22,2025-09-22,C1031,Shaker Square Retail Partners,6869.91,PO 40736,2025-09
INV-252563,2025-09-22,2025-09-22,C1033,Summit Healthcare Group Inc.,5730.86,Standing order,2025-09
INV-252564,2025-09-22,2025-09-22,C1034,Tri-State Warehouse Company,18862.0,,2025-09
INV-252565,2025-09-22,2025-09-22,C1035,Twinsburg Industrial Park LLC,13487.28,Standing order,2025-09
INV-252566,2025-09-22,2025-09-22,C1040,Youngstown Metal Works Inc.,2183.04,,2025-09
INV-252567,2025-09-23,2025-09-23,C1002,Bayview Medical Center Inc.,11574.21,PO 42129,2025-09
INV-252568,2025-09-23,2025-09-23,C1007,Eastgate Office Partners,8212.24,,2025-09
INV-252569,2025-09-23,2025-09-23,C1011,Garfield Industrial Company,6872.67,Standing order,2025-09
INV-252570,2025-09-23,2025-09-23,C1012,Great Lakes Logistics Inc.,11116.32,,2025-09
INV-252571,2025-09-23,2025-09-23,C1020,Lorain Distribution Company,10548.09,,2025-09
INV-252572,2025-09-23,2025-09-23,C1027,Pinnacle Building Services Inc.,16231.72,PO 47240,2025-09
INV-252573,2025-09-23,2025-09-23,C1027,Pinnacle Building Services Inc.,11761.7,PO 45712,2025-09
INV-252574,2025-09-23,2025-09-22,C1030,Sandusky Marine and Supply,5372.21,,2025-09
INV-252575,2025-09-23,2025-09-23,C1033,Summit Healthcare Group Inc.,12165.86,,2025-09
INV-252576,2025-09-23,2025-09-22,C1033,Summit Healthcare Group Inc.,4455.32,,2025-09
INV-252577,2025-09-23,2025-09-23,C1035,Twinsburg Industrial Park LLC,11440.6,PO 44763,2025-09
INV-252578,2025-09-23,2025-09-23,C1035,Twinsburg Industrial Park LLC,9713.0,Standing order,2025-09
INV-252579,2025-09-23,2025-09-23,C1035,Twinsburg Industrial Park LLC,1766.13,Standing order,2025-09
INV-252580,2025-09-23,2025-09-23,C1038,Westlake Commercial Cleaning Company,20565.25,PO 44431,2025-09
INV-252581,2025-09-23,2025-09-23,C1040,Youngstown Metal Works Inc.,8918.99,Standing order,2025-09
INV-252582,2025-09-24,2025-09-24,C1002,Bayview Medical Center Inc.,11135.48,,2025-09
INV-252583,2025-09-24,2025-09-24,C1002,Bayview Medical Center Inc.,2531.93,Standing order,2025-09
INV-252584,2025-09-24,2025-09-24,C1003,Cardinal Hospitality Group LLC,7177.41,PO 45592,2025-09
INV-252585,2025-09-24,2025-09-23,C1003,Cardinal Hospitality Group LLC,9371.8,PO 40989,2025-09
INV-252586,2025-09-24,2025-09-24,C1010,Forest City Hotels and Resorts,29080.04,,2025-09
INV-252587,2025-09-24,2025-09-24,C1016,Highland Manufacturing Company,13711.16,,2025-09
INV-252588,2025-09-24,2025-09-24,C1022,Medina Auto Group,10596.95,PO 48165,2025-09
INV-252589,2025-09-24,2025-09-24,C1026,Parma Community College,5250.57,,2025-09
INV-252590,2025-09-24,2025-09-24,C1027,Pinnacle Building Services Inc.,21497.16,,2025-09
INV-252591,2025-09-24,2025-09-24,C1028,Portage Cold Storage Company,19895.94,,2025-09
INV-252592,2025-09-24,2025-09-24,C1032,Stark County Services,29743.34,Standing order,2025-09
INV-252593,2025-09-24,2025-09-23,C1035,Twinsburg Industrial Park LLC,17584.37,PO 48468,2025-09
INV-252594,2025-09-24,2025-09-24,C1035,Twinsburg Industrial Park LLC,8732.64,Standing order,2025-09
INV-252595,2025-09-24,2025-09-23,C1035,Twinsburg Industrial Park LLC,11782.82,,2025-09
INV-252596,2025-09-24,2025-09-23,C1035,Twinsburg Industrial Park LLC,1892.53,,2025-09
INV-252597,2025-09-24,2025-09-24,C1036,University Circle Services,2187.37,,2025-09
INV-252598,2025-09-24,2025-09-24,C1036,University Circle Services,9196.22,,2025-09
INV-252599,2025-09-24,2025-09-24,C1038,Westlake Commercial Cleaning Company,5577.83,PO 46872,2025-09
INV-252600,2025-09-24,2025-09-24,C1038,Westlake Commercial Cleaning Company,7973.16,,2025-09
INV-252601,2025-09-25,2025-09-25,C1002,Bayview Medical Center Inc.,29795.22,Standing order,2025-09
INV-252602,2025-09-25,2025-09-25,C1002,Bayview Medical Center Inc.,8863.75,Standing order,2025-09
INV-252603,2025-09-25,2025-09-25,C1003,Cardinal Hospitality Group LLC,12850.55,PO 48151,2025-09
INV-252604,2025-09-25,2025-09-25,C1003,Cardinal Hospitality Group LLC,17464.35,Standing order,2025-09
INV-252605,2025-09-25,2025-09-25,C1010,Forest City Hotels and Resorts,75348.48,,2025-09
INV-252606,2025-09-25,2025-09-25,C1022,Medina Auto Group,5840.02,,2025-09
INV-252607,2025-09-25,2025-09-25,C1023,Midwest Stadium Services Inc.,5191.81,,2025-09
INV-252608,2025-09-25,2025-09-24,C1026,Parma Community College,18294.09,,2025-09
INV-252609,2025-09-25,2025-09-24,C1027,Pinnacle Building Services Inc.,9989.91,,2025-09
INV-252610,2025-09-25,2025-09-25,C1030,Sandusky Marine and Supply,1681.51,,2025-09
INV-252611,2025-09-25,2025-09-25,C1032,Stark County Services,3166.71,PO 41992,2025-09
INV-252612,2025-09-25,2025-09-25,C1033,Summit Healthcare Group Inc.,33704.26,Standing order,2025-09
INV-252613,2025-09-25,2025-09-25,C1036,University Circle Services,8202.95,,2025-09
INV-252614,2025-09-25,2025-09-24,C1036,University Circle Services,1911.86,,2025-09
INV-252615,2025-09-25,2025-09-25,C1038,Westlake Commercial Cleaning Company,10000.1,,2025-09
INV-252616,2025-09-25,2025-09-25,C1040,Youngstown Metal Works Inc.,11375.8,PO 43973,2025-09
INV-252617,2025-09-25,2025-09-25,C1040,Youngstown Metal Works Inc.,14374.63,,2025-09
INV-252618,2025-09-26,2025-09-26,C1008,Evergreen Senior Living Inc.,5693.88,,2025-09
INV-252619,2025-09-26,2025-09-26,C1012,Great Lakes Logistics Inc.,7140.43,,2025-09
INV-252620,2025-09-26,2025-09-26,C1012,Great Lakes Logistics Inc.,26997.32,PO 42997,2025-09
INV-252621,2025-09-26,2025-09-26,C1025,Oak Ridge Office Parks,3837.98,,2025-09
INV-252622,2025-09-26,2025-09-26,C1025,Oak Ridge Office Parks,4600.8,,2025-09
INV-252623,2025-09-26,2025-09-26,C1026,Parma Community College,3113.79,PO 44364,2025-09
INV-252624,2025-09-26,2025-09-25,C1026,Parma Community College,6864.17,PO 48334,2025-09
INV-252625,2025-09-26,2025-09-26,C1026,Parma Community College,2577.19,,2025-09
INV-252626,2025-09-26,2025-09-25,C1027,Pinnacle Building Services Inc.,4248.07,,2025-09
INV-252627,2025-09-26,2025-09-25,C1027,Pinnacle Building Services Inc.,3060.8,PO 47114,2025-09
INV-252628,2025-09-26,2025-09-26,C1028,Portage Cold Storage Company,15848.79,PO 48840,2025-09
INV-252629,2025-09-26,2025-09-26,C1030,Sandusky Marine and Supply,10387.39,PO 43841,2025-09
INV-252630,2025-09-26,2025-09-25,C1033,Summit Healthcare Group Inc.,4915.76,,2025-09
INV-252631,2025-09-26,2025-09-26,C1040,Youngstown Metal Works Inc.,5084.76,,2025-09
INV-252632,2025-09-29,2025-09-28,C1002,Bayview Medical Center Inc.,11025.93,PO 46628,2025-09
INV-252633,2025-09-29,2025-09-29,C1002,Bayview Medical Center Inc.,10007.62,,2025-09
INV-252634,2025-09-29,2025-09-28,C1003,Cardinal Hospitality Group LLC,4970.98,,2025-09
INV-252635,2025-09-29,2025-09-29,C1004,Cedar Point Facility Services,11268.13,,2025-09
INV-252636,2025-09-29,2025-09-29,C1008,Evergreen Senior Living Inc.,4596.94,,2025-09
INV-252637,2025-09-29,2025-09-29,C1008,Evergreen Senior Living Inc.,4298.66,Standing order,2025-09
INV-252638,2025-09-29,2025-09-28,C1014,Harborview Apartments LLC,7293.39,Standing order,2025-09
INV-252639,2025-09-29,2025-09-29,C1022,Medina Auto Group,4020.82,Standing order,2025-09
INV-252640,2025-09-29,2025-09-29,C1024,North Coast Restaurants LLC,9225.56,,2025-09
INV-252641,2025-09-29,2025-09-28,C1025,Oak Ridge Office Parks,28594.54,,2025-09
INV-252642,2025-09-29,2025-09-29,C1026,Parma Community College,13690.3,,2025-09
INV-252643,2025-09-29,2025-09-29,C1026,Parma Community College,5584.7,,2025-09
INV-252644,2025-09-29,2025-09-29,C1028,Portage Cold Storage Company,4827.44,PO 42512,2025-09
INV-252645,2025-09-29,2025-09-29,C1032,Stark County Services,6061.39,,2025-09
INV-252646,2025-09-29,2025-09-29,C1033,Summit Healthcare Group Inc.,16969.2,,2025-09
INV-252647,2025-09-30,2025-09-30,C1002,Bayview Medical Center Inc.,6349.04,PO 42092,2025-09
INV-252648,2025-09-30,2025-09-29,C1003,Cardinal Hospitality Group LLC,5564.8,,2025-09
INV-252649,2025-09-30,2025-09-30,C1011,Garfield Industrial Company,24504.25,,2025-09
INV-252650,2025-09-30,,UNMATCHED,Keystone Facilities Group,642000.0,Q-end - per J. Marsh,2025-09
INV-252651,2025-09-30,2025-09-30,C1027,Pinnacle Building Services Inc.,14080.23,,2025-09
INV-252652,2025-09-30,2025-09-30,C1030,Sandusky Marine and Supply,13393.49,,2025-09
INV-252653,2025-09-30,2025-09-30,C1030,Sandusky Marine and Supply,7132.5,PO 44743,2025-09
INV-252654,2025-09-30,2025-09-30,C1032,Stark County Services,13445.79,,2025-09
INV-252655,2025-09-30,2025-09-30,C1040,Youngstown Metal Works Inc.,4668.23,Standing order,2025-09
INV-252656,2025-10-01,2025-10-01,C1008,Evergreen Senior Living Inc.,11985.75,,2025-10
INV-252657,2025-10-01,2025-10-01,C1008,Evergreen Senior Living Inc.,7279.01,,2025-10
INV-252658,2025-10-01,2025-10-01,C1008,Evergreen Senior Living Inc.,3565.38,,2025-10
INV-252659,2025-10-01,2025-10-01,C1009,Fairlawn Public Schools,3364.09,PO 46784,2025-10
INV-252660,2025-10-01,2025-09-30,C1009,Fairlawn Public Schools,5821.08,,2025-10
INV-252661,2025-10-01,2025-10-01,C1010,Forest City Hotels and Resorts,30620.25,,2025-10
INV-252662,2025-10-01,2025-10-01,C1011,Garfield Industrial Company,26964.26,,2025-10
INV-252663,2025-10-01,2025-10-01,C1012,Great Lakes Logistics Inc.,15666.27,,2025-10
INV-252664,2025-10-01,2025-10-01,C1022,Medina Auto Group,5475.14,PO 42465,2025-10
INV-252665,2025-10-01,2025-09-30,C1028,Portage Cold Storage Company,9862.43,PO 40024,2025-10
INV-252666,2025-10-01,2025-10-01,C1030,Sandusky Marine and Supply,6662.39,Standing order,2025-10
INV-252667,2025-10-01,2025-10-01,C1030,Sandusky Marine and Supply,7382.29,,2025-10
INV-252668,2025-10-01,2025-09-30,C1033,Summit Healthcare Group Inc.,1593.2,PO 42248,2025-10
INV-252669,2025-10-01,2025-10-01,C1035,Twinsburg Industrial Park LLC,7811.8,,2025-10
INV-252670,2025-10-01,2025-10-01,C1035,Twinsburg Industrial Park LLC,3109.85,,2025-10
INV-252671,2025-10-01,2025-10-01,C1035,Twinsburg Industrial Park LLC,3355.97,,2025-10
INV-252672,2025-10-01,2025-10-01,C1036,University Circle Services,8767.92,PO 42190,2025-10
INV-252673,2025-10-01,2025-09-30,C1038,Westlake Commercial Cleaning Company,9946.76,Standing order,2025-10
INV-252674,2025-10-01,2025-09-30,C1038,Westlake Commercial Cleaning Company,10379.45,Standing order,2025-10
INV-252675,2025-10-01,2025-09-30,C1040,Youngstown Metal Works Inc.,3703.35,,2025-10
INV-252676,2025-10-02,2025-10-02,C1002,Bayview Medical Center Inc.,10607.41,PO 42379,2025-10
INV-252677,2025-10-02,2025-10-01,C1012,Great Lakes Logistics Inc.,16557.59,,2025-10
INV-252678,2025-10-02,2025-10-02,C1012,Great Lakes Logistics Inc.,3485.4,,2025-10
INV-252679,2025-10-02,2025-10-02,C1020,Lorain Distribution Company,27190.49,Standing order,2025-10
INV-252680,2025-10-02,2025-10-01,C1022,Medina Auto Group,9972.81,PO 49002,2025-10
INV-252681,2025-10-02,2025-10-02,C1025,Oak Ridge Office Parks,5723.0,,2025-10
INV-252682,2025-10-02,2025-10-02,C1025,Oak Ridge Office Parks,6909.15,,2025-10
INV-252683,2025-10-02,2025-10-02,C1030,Sandusky Marine and Supply,14659.7,Standing order,2025-10
INV-252684,2025-10-02,2025-10-02,C1035,Twinsburg Industrial Park LLC,8197.2,PO 40836,2025-10
INV-252685,2025-10-02,2025-10-02,C1035,Twinsburg Industrial Park LLC,8377.94,PO 46409,2025-10
INV-252686,2025-10-02,2025-10-01,C1035,Twinsburg Industrial Park LLC,16955.91,,2025-10
INV-252687,2025-10-02,2025-10-02,C1038,Westlake Commercial Cleaning Company,17877.06,Standing order,2025-10
INV-252688,2025-10-02,2025-10-02,C1039,Willoughby Tech Center,11818.71,,2025-10
INV-252689,2025-10-02,2025-10-01,C1040,Youngstown Metal Works Inc.,7712.46,,2025-10
INV-252690,2025-10-02,2025-10-02,C1040,Youngstown Metal Works Inc.,4044.13,,2025-10
INV-252691,2025-10-02,2025-10-02,C1040,Youngstown Metal Works Inc.,32931.49,,2025-10
INV-252692,2025-10-03,2025-10-03,C1011,Garfield Industrial Company,23613.8,,2025-10
INV-252693,2025-10-03,2025-10-03,C1011,Garfield Industrial Company,8747.98,Standing order,2025-10
INV-252694,2025-10-03,2025-10-02,C1020,Lorain Distribution Company,8084.41,,2025-10
INV-252695,2025-10-03,2025-10-02,C1020,Lorain Distribution Company,14565.09,,2025-10
INV-252696,2025-10-03,2025-10-03,C1022,Medina Auto Group,38789.72,,2025-10
INV-252697,2025-10-03,2025-10-03,C1023,Midwest Stadium Services Inc.,5001.92,,2025-10
INV-252698,2025-10-03,2025-10-03,C1023,Midwest Stadium Services Inc.,1959.6,PO 49385,2025-10
INV-252699,2025-10-03,2025-10-03,C1025,Oak Ridge Office Parks,3451.74,PO 45698,2025-10
INV-252700,2025-10-03,2025-10-03,C1025,Oak Ridge Office Parks,2605.86,,2025-10
INV-252701,2025-10-03,2025-10-03,C1026,Parma Community College,20407.31,,2025-10
INV-252702,2025-10-03,2025-10-03,C1036,University Circle Services,2986.25,Standing order,2025-10
INV-252703,2025-10-03,2025-10-03,C1038,Westlake Commercial Cleaning Company,13302.28,,2025-10
INV-252704,2025-10-03,2025-10-03,C1040,Youngstown Metal Works Inc.,6569.27,,2025-10
INV-252705,2025-10-06,2025-10-05,C1001,Allegheny Property Management LLC,11909.71,,2025-10
INV-252706,2025-10-06,2025-10-06,C1002,Bayview Medical Center Inc.,4979.28,,2025-10
INV-252707,2025-10-06,2025-10-06,C1003,Cardinal Hospitality Group LLC,4411.63,,2025-10
INV-252708,2025-10-06,2025-10-06,C1003,Cardinal Hospitality Group LLC,8247.79,,2025-10
INV-252709,2025-10-06,2025-10-05,C1003,Cardinal Hospitality Group LLC,13961.41,,2025-10
INV-252710,2025-10-06,2025-10-06,C1005,Clearwater Janitorial Company,9913.63,,2025-10
INV-252711,2025-10-06,2025-10-06,C1010,Forest City Hotels and Resorts,3943.76,,2025-10
INV-252712,2025-10-06,2025-10-06,C1010,Forest City Hotels and Resorts,4426.26,PO 42796,2025-10
INV-252713,2025-10-06,2025-10-05,C1014,Harborview Apartments LLC,8953.1,PO 43635,2025-10
INV-252714,2025-10-06,2025-10-06,C1020,Lorain Distribution Company,13043.69,,2025-10
INV-252715,2025-10-06,2025-10-06,C1023,Midwest Stadium Services Inc.,5223.16,,2025-10
INV-252716,2025-10-06,2025-10-05,C1024,North Coast Restaurants LLC,18031.35,,2025-10
INV-252717,2025-10-06,2025-10-05,C1027,Pinnacle Building Services Inc.,4773.35,,2025-10
INV-252718,2025-10-06,2025-10-05,C1040,Youngstown Metal Works Inc.,12060.33,,2025-10
INV-252719,2025-10-07,2025-10-06,C1002,Bayview Medical Center Inc.,5421.65,,2025-10
INV-252720,2025-10-07,2025-10-07,C1002,Bayview Medical Center Inc.,4616.26,,2025-10
INV-252721,2025-10-07,2025-10-07,C1010,Forest City Hotels and Resorts,12954.63,Standing order,2025-10
INV-252722,2025-10-07,2025-10-07,C1011,Garfield Industrial Company,24895.44,Standing order,2025-10
INV-252723,2025-10-07,2025-10-07,C1014,Harborview Apartments LLC,4413.69,,2025-10
INV-252724,2025-10-07,2025-10-07,C1017,Ironwood Property Services,15311.33,,2025-10
INV-252725,2025-10-07,2025-10-06,C1018,Kent Valley Hospital,6015.58,,2025-10
INV-252726,2025-10-07,2025-10-07,C1018,Kent Valley Hospital,6773.16,,2025-10
INV-252727,2025-10-07,2025-10-07,C1023,Midwest Stadium Services Inc.,3567.71,,2025-10
INV-252728,2025-10-07,2025-10-06,C1024,North Coast Restaurants LLC,15118.98,,2025-10
INV-252729,2025-10-07,2025-10-07,C1026,Parma Community College,6875.84,,2025-10
INV-252730,2025-10-07,2025-10-07,C1030,Sandusky Marine and Supply,6951.89,,2025-10
INV-252731,2025-10-07,2025-10-06,C1030,Sandusky Marine and Supply,12203.64,Standing order,2025-10
INV-252732,2025-10-07,2025-10-07,C1035,Twinsburg Industrial Park LLC,3667.87,,2025-10
INV-252733,2025-10-07,2025-10-07,C1038,Westlake Commercial Cleaning Company,10106.31,Standing order,2025-10
INV-252734,2025-10-07,2025-10-07,C1038,Westlake Commercial Cleaning Company,9872.17,,2025-10
INV-252735,2025-10-07,2025-10-07,C1040,Youngstown Metal Works Inc.,13929.44,,2025-10
INV-252736,2025-10-07,2025-10-07,C1040,Youngstown Metal Works Inc.,11577.92,PO 42830,2025-10
INV-252737,2025-10-07,2025-10-07,C1040,Youngstown Metal Works Inc.,8643.3,,2025-10
INV-252738,2025-10-08,2025-10-08,C1002,Bayview Medical Center Inc.,5561.41,PO 45428,2025-10
INV-252739,2025-10-08,2025-10-08,C1004,Cedar Point Facility Services,3730.28,,2025-10
INV-252740,2025-10-08,2025-10-08,C1004,Cedar Point Facility Services,7416.19,PO 46363,2025-10
INV-252741,2025-10-08,2025-10-08,C1005,Clearwater Janitorial Company,23593.82,Standing order,2025-10
INV-252742,2025-10-08,2025-10-08,C1007,Eastgate Office Partners,6486.88,,2025-10
INV-252743,2025-10-08,2025-10-07,C1010,Forest City Hotels and Resorts,15773.66,PO 48915,2025-10
INV-252744,2025-10-08,2025-10-08,C1011,Garfield Industrial Company,8629.92,Standing order,2025-10
INV-252745,2025-10-08,2025-10-08,C1012,Great Lakes Logistics Inc.,4823.13,Standing order,2025-10
INV-252746,2025-10-08,2025-10-08,C1022,Medina Auto Group,38000.83,,2025-10
INV-252747,2025-10-08,2025-10-08,C1022,Medina Auto Group,23512.94,PO 43661,2025-10
INV-252748,2025-10-08,2025-10-08,C1023,Midwest Stadium Services Inc.,12965.45,,2025-10
INV-252749,2025-10-08,2025-10-08,C1026,Parma Community College,9904.36,Standing order,2025-10
INV-252750,2025-10-08,2025-10-08,C1026,Parma Community College,15640.02,,2025-10
INV-252751,2025-10-08,2025-10-07,C1029,Riverside Fitness Clubs LLC,20466.45,,2025-10
INV-252752,2025-10-08,2025-10-08,C1029,Riverside Fitness Clubs LLC,5197.52,PO 49921,2025-10
INV-252753,2025-10-08,2025-10-08,C1030,Sandusky Marine and Supply,8141.04,PO 45869,2025-10
INV-252754,2025-10-08,2025-10-07,C1030,Sandusky Marine and Supply,7943.89,,2025-10
INV-252755,2025-10-08,2025-10-08,C1035,Twinsburg Industrial Park LLC,29860.37,,2025-10
INV-252756,2025-10-08,2025-10-08,C1035,Twinsburg Industrial Park LLC,9039.49,PO 49813,2025-10
INV-252757,2025-10-08,2025-10-08,C1035,Twinsburg Industrial Park LLC,5462.84,PO 45427,2025-10
INV-252758,2025-10-08,2025-10-08,C1036,University Circle Services,10026.31,,2025-10
INV-252759,2025-10-08,2025-10-08,C1038,Westlake Commercial Cleaning Company,5195.38,,2025-10
INV-252760,2025-10-08,2025-10-08,C1040,Youngstown Metal Works Inc.,16243.89,Standing order,2025-10
INV-252761,2025-10-09,2025-10-09,C1007,Eastgate Office Partners,2923.58,,2025-10
INV-252762,2025-10-09,2025-10-09,C1010,Forest City Hotels and Resorts,25805.56,,2025-10
INV-252763,2025-10-09,2025-10-08,C1011,Garfield Industrial Company,5320.56,,2025-10
INV-252764,2025-10-09,2025-10-09,C1017,Ironwood Property Services,6473.9,Standing order,2025-10
INV-252765,2025-10-09,2025-10-09,C1022,Medina Auto Group,7852.84,,2025-10
INV-252766,2025-10-09,2025-10-09,C1025,Oak Ridge Office Parks,9074.13,,2025-10
INV-252767,2025-10-09,2025-10-09,C1026,Parma Community College,4498.35,Standing order,2025-10
INV-252768,2025-10-09,2025-10-09,C1029,Riverside Fitness Clubs LLC,11162.54,,2025-10
INV-252769,2025-10-09,2025-10-09,C1030,Sandusky Marine and Supply,5994.01,Standing order,2025-10
INV-252770,2025-10-09,2025-10-09,C1032,Stark County Services,13214.58,PO 40332,2025-10
INV-252771,2025-10-09,2025-10-09,C1035,Twinsburg Industrial Park LLC,15103.63,PO 49145,2025-10
INV-252772,2025-10-09,2025-10-08,C1035,Twinsburg Industrial Park LLC,6268.38,,2025-10
INV-252773,2025-10-09,2025-10-09,C1036,University Circle Services,2182.04,,2025-10
INV-252774,2025-10-09,2025-10-09,C1038,Westlake Commercial Cleaning Company,10579.4,Standing order,2025-10
INV-252775,2025-10-09,2025-10-09,C1038,Westlake Commercial Cleaning Company,4745.99,,2025-10
INV-252776,2025-10-09,2025-10-09,C1038,Westlake Commercial Cleaning Company,6841.82,,2025-10
INV-252777,2025-10-09,2025-10-09,C1038,Westlake Commercial Cleaning Company,18700.75,,2025-10
INV-252778,2025-10-09,2025-10-08,C1038,Westlake Commercial Cleaning Company,26860.14,PO 42216,2025-10
INV-252779,2025-10-09,2025-10-09,C1040,Youngstown Metal Works Inc.,4262.23,,2025-10
INV-252780,2025-10-09,2025-10-09,C1040,Youngstown Metal Works Inc.,3749.43,Standing order,2025-10
INV-252781,2025-10-10,2025-10-09,C1009,Fairlawn Public Schools,5945.39,,2025-10
INV-252782,2025-10-10,2025-10-10,C1013,Hamilton County Services,6577.63,PO 41269,2025-10
INV-252783,2025-10-10,2025-10-10,C1018,Kent Valley Hospital,2851.0,,2025-10
INV-252784,2025-10-10,2025-10-10,C1023,Midwest Stadium Services Inc.,4123.49,,2025-10
INV-252785,2025-10-10,2025-10-10,C1025,Oak Ridge Office Parks,6568.29,,2025-10
INV-252786,2025-10-10,2025-10-10,C1026,Parma Community College,9134.6,PO 44769,2025-10
INV-252787,2025-10-10,2025-10-10,C1026,Parma Community College,19110.84,,2025-10
INV-252788,2025-10-10,2025-10-10,C1027,Pinnacle Building Services Inc.,11448.12,,2025-10
INV-252789,2025-10-10,2025-10-10,C1032,Stark County Services,6108.54,PO 45631,2025-10
INV-252790,2025-10-10,2025-10-10,C1035,Twinsburg Industrial Park LLC,16543.66,,2025-10
INV-252791,2025-10-10,2025-10-10,C1035,Twinsburg Industrial Park LLC,4690.0,,2025-10
INV-252792,2025-10-10,2025-10-10,C1037,Valley View Hotels Inc.,13576.29,,2025-10
INV-252793,2025-10-10,2025-10-10,C1038,Westlake Commercial Cleaning Company,19864.43,,2025-10
INV-252794,2025-10-10,2025-10-10,C1040,Youngstown Metal Works Inc.,27169.43,,2025-10
INV-252795,2025-10-10,2025-10-10,C1040,Youngstown Metal Works Inc.,5327.06,,2025-10
INV-252796,2025-10-13,2025-10-13,C1002,Bayview Medical Center Inc.,6904.53,,2025-10
INV-252797,2025-10-13,2025-10-13,C1010,Forest City Hotels and Resorts,2466.29,,2025-10
INV-252798,2025-10-13,2025-10-12,C1011,Garfield Industrial Company,5139.72,,2025-10
INV-252799,2025-10-13,2025-10-13,C1022,Medina Auto Group,2958.24,,2025-10
INV-252800,2025-10-13,2025-10-13,C1023,Midwest Stadium Services Inc.,2685.9,,2025-10
INV-252801,2025-10-13,2025-10-13,C1025,Oak Ridge Office Parks,14888.58,,2025-10
INV-252802,2025-10-13,2025-10-13,C1026,Parma Community College,13498.12,PO 44412,2025-10
INV-252803,2025-10-13,2025-10-13,C1026,Parma Community College,4744.21,,2025-10
INV-252804,2025-10-13,2025-10-13,C1028,Portage Cold Storage Company,5045.29,,2025-10
INV-252805,2025-10-13,2025-10-12,C1030,Sandusky Marine and Supply,10603.77,,2025-10
INV-252806,2025-10-13,2025-10-13,C1034,Tri-State Warehouse Company,4482.44,,2025-10
INV-252807,2025-10-13,2025-10-13,C1035,Twinsburg Industrial Park LLC,8796.78,,2025-10
INV-252808,2025-10-13,2025-10-12,C1040,Youngstown Metal Works Inc.,8881.71,,2025-10
INV-252809,2025-10-14,2025-10-14,C1002,Bayview Medical Center Inc.,3050.44,,2025-10
INV-252810,2025-10-14,2025-10-14,C1002,Bayview Medical Center Inc.,15991.39,,2025-10
INV-252811,2025-10-14,2025-10-14,C1011,Garfield Industrial Company,7640.83,,2025-10
INV-252812,2025-10-14,2025-10-13,C1011,Garfield Industrial Company,10249.56,,2025-10
INV-252813,2025-10-14,2025-10-14,C1018,Kent Valley Hospital,7582.19,,2025-10
INV-252814,2025-10-14,2025-10-13,C1023,Midwest Stadium Services Inc.,4699.76,,2025-10
INV-252815,2025-10-14,2025-10-13,C1025,Oak Ridge Office Parks,6338.09,,2025-10
INV-252816,2025-10-14,2025-10-14,C1031,Shaker Square Retail Partners,9025.24,PO 40803,2025-10
INV-252817,2025-10-14,2025-10-13,C1038,Westlake Commercial Cleaning Company,3410.22,Standing order,2025-10
INV-252818,2025-10-14,2025-10-14,C1038,Westlake Commercial Cleaning Company,5260.04,,2025-10
INV-252819,2025-10-15,2025-10-14,C1002,Bayview Medical Center Inc.,5028.46,Standing order,2025-10
INV-252820,2025-10-15,2025-10-15,C1007,Eastgate Office Partners,2313.97,,2025-10
INV-252821,2025-10-15,2025-10-15,C1010,Forest City Hotels and Resorts,9335.61,Standing order,2025-10
INV-252822,2025-10-15,2025-10-15,C1018,Kent Valley Hospital,13208.42,PO 46132,2025-10
INV-252823,2025-10-15,2025-10-14,C1020,Lorain Distribution Company,12904.97,Standing order,2025-10
INV-252824,2025-10-15,2025-10-14,C1022,Medina Auto Group,10821.86,,2025-10
INV-252825,2025-10-15,2025-10-15,C1025,Oak Ridge Office Parks,2874.26,Standing order,2025-10
INV-252826,2025-10-15,2025-10-14,C1027,Pinnacle Building Services Inc.,17027.73,,2025-10
INV-252827,2025-10-15,2025-10-15,C1032,Stark County Services,6538.93,,2025-10
INV-252828,2025-10-15,2025-10-15,C1032,Stark County Services,4812.09,PO 46203,2025-10
INV-252829,2025-10-15,2025-10-15,C1035,Twinsburg Industrial Park LLC,31453.3,Standing order,2025-10
INV-252830,2025-10-15,2025-10-15,C1035,Twinsburg Industrial Park LLC,4180.93,PO 41656,2025-10
INV-252831,2025-10-15,2025-10-15,C1040,Youngstown Metal Works Inc.,9595.78,,2025-10
INV-252832,2025-10-15,2025-10-15,C1040,Youngstown Metal Works Inc.,2536.82,,2025-10
INV-252833,2025-10-15,2025-10-15,C1040,Youngstown Metal Works Inc.,12802.85,,2025-10
INV-252834,2025-10-16,2025-10-15,C1004,Cedar Point Facility Services,5359.78,PO 49237,2025-10
INV-252835,2025-10-16,2025-10-16,C1005,Clearwater Janitorial Company,15302.62,PO 49684,2025-10
INV-252836,2025-10-16,2025-10-16,C1007,Eastgate Office Partners,20377.18,,2025-10
INV-252837,2025-10-16,2025-10-16,C1007,Eastgate Office Partners,29203.62,,2025-10
INV-252838,2025-10-16,2025-10-16,C1009,Fairlawn Public Schools,9409.89,Standing order,2025-10
INV-252839,2025-10-16,2025-10-16,C1012,Great Lakes Logistics Inc.,10656.69,,2025-10
INV-252840,2025-10-16,2025-10-15,C1028,Portage Cold Storage Company,3277.18,,2025-10
INV-252841,2025-10-16,2025-10-15,C1028,Portage Cold Storage Company,25157.75,,2025-10
INV-252842,2025-10-16,2025-10-16,C1035,Twinsburg Industrial Park LLC,4174.2,,2025-10
INV-252843,2025-10-16,2025-10-16,C1036,University Circle Services,22486.07,,2025-10
INV-252844,2025-10-16,2025-10-15,C1038,Westlake Commercial Cleaning Company,10020.88,Standing order,2025-10
INV-252845,2025-10-16,2025-10-16,C1038,Westlake Commercial Cleaning Company,5371.31,,2025-10
INV-252846,2025-10-17,2025-10-16,C1002,Bayview Medical Center Inc.,34924.52,,2025-10
INV-252847,2025-10-17,2025-10-17,C1003,Cardinal Hospitality Group LLC,9750.28,,2025-10
INV-252848,2025-10-17,2025-10-17,C1008,Evergreen Senior Living Inc.,4182.35,,2025-10
INV-252849,2025-10-17,2025-10-16,C1008,Evergreen Senior Living Inc.,6768.56,,2025-10
INV-252850,2025-10-17,2025-10-16,C1011,Garfield Industrial Company,7460.63,Standing order,2025-10
INV-252851,2025-10-17,2025-10-17,C1012,Great Lakes Logistics Inc.,8048.98,,2025-10
INV-252852,2025-10-17,2025-10-17,C1025,Oak Ridge Office Parks,13746.64,Standing order,2025-10
INV-252853,2025-10-17,2025-10-17,C1025,Oak Ridge Office Parks,7310.41,,2025-10
INV-252854,2025-10-17,2025-10-17,C1025,Oak Ridge Office Parks,11469.19,,2025-10
INV-252855,2025-10-17,2025-10-17,C1026,Parma Community College,4392.34,,2025-10
INV-252856,2025-10-17,2025-10-17,C1035,Twinsburg Industrial Park LLC,9208.64,,2025-10
INV-252857,2025-10-17,2025-10-16,C1035,Twinsburg Industrial Park LLC,1199.31,PO 46516,2025-10
INV-252858,2025-10-17,2025-10-17,C1035,Twinsburg Industrial Park LLC,13636.88,,2025-10
INV-252859,2025-10-17,2025-10-17,C1036,University Circle Services,6721.97,Standing order,2025-10
INV-252860,2025-10-17,2025-10-17,C1038,Westlake Commercial Cleaning Company,8321.36,,2025-10
INV-252861,2025-10-20,2025-10-20,C1005,Clearwater Janitorial Company,24929.57,PO 49088,2025-10
INV-252862,2025-10-20,2025-10-20,C1010,Forest City Hotels and Resorts,4174.06,,2025-10
INV-252863,2025-10-20,2025-10-20,C1012,Great Lakes Logistics Inc.,16127.11,Standing order,2025-10
INV-252864,2025-10-20,2025-10-20,C1018,Kent Valley Hospital,4121.27,Standing order,2025-10
INV-252865,2025-10-20,2025-10-20,C1020,Lorain Distribution Company,5518.94,,2025-10
INV-252866,2025-10-20,2025-10-19,C1020,Lorain Distribution Company,13179.5,PO 49166,2025-10
INV-252867,2025-10-20,2025-10-20,C1025,Oak Ridge Office Parks,7267.32,Standing order,2025-10
INV-252868,2025-10-20,2025-10-19,C1026,Parma Community College,3721.7,PO 46277,2025-10
INV-252869,2025-10-20,2025-10-20,C1026,Parma Community College,9797.99,,2025-10
INV-252870,2025-10-20,2025-10-20,C1033,Summit Healthcare Group Inc.,36098.61,PO 42001,2025-10
INV-252871,2025-10-20,2025-10-19,C1035,Twinsburg Industrial Park LLC,2556.74,PO 45892,2025-10
INV-252872,2025-10-20,2025-10-20,C1035,Twinsburg Industrial Park LLC,2877.34,,2025-10
INV-252873,2025-10-20,2025-10-19,C1038,Westlake Commercial Cleaning Company,7048.34,,2025-10
INV-252874,2025-10-20,2025-10-20,C1040,Youngstown Metal Works Inc.,4786.95,PO 44391,2025-10
INV-252875,2025-10-21,2025-10-21,C1002,Bayview Medical Center Inc.,2867.79,Standing order,2025-10
INV-252876,2025-10-21,2025-10-21,C1003,Cardinal Hospitality Group LLC,7952.55,Standing order,2025-10
INV-252877,2025-10-21,2025-10-21,C1005,Clearwater Janitorial Company,6206.81,,2025-10
INV-252878,2025-10-21,2025-10-20,C1010,Forest City Hotels and Resorts,6372.67,Standing order,2025-10
INV-252879,2025-10-21,2025-10-21,C1010,Forest City Hotels and Resorts,12578.29,Standing order,2025-10
INV-252880,2025-10-21,2025-10-20,C1021,Maple Heights Facilities LLC,5086.35,,2025-10
INV-252881,2025-10-21,2025-10-21,C1023,Midwest Stadium Services Inc.,4193.91,,2025-10
INV-252882,2025-10-21,2025-10-21,C1025,Oak Ridge Office Parks,6886.63,,2025-10
INV-252883,2025-10-21,2025-10-21,C1026,Parma Community College,2186.58,PO 43343,2025-10
INV-252884,2025-10-21,2025-10-21,C1030,Sandusky Marine and Supply,15772.45,,2025-10
INV-252885,2025-10-21,2025-10-21,C1033,Summit Healthcare Group Inc.,4110.7,,2025-10
INV-252886,2025-10-21,2025-10-21,C1035,Twinsburg Industrial Park LLC,17733.74,PO 48407,2025-10
INV-252887,2025-10-21,2025-10-21,C1035,Twinsburg Industrial Park LLC,6800.71,,2025-10
INV-252888,2025-10-21,2025-10-21,C1035,Twinsburg Industrial Park LLC,11043.72,,2025-10
INV-252889,2025-10-21,2025-10-21,C1040,Youngstown Metal Works Inc.,5549.35,,2025-10
INV-252890,2025-10-21,2025-10-21,C1040,Youngstown Metal Works Inc.,2494.43,Standing order,2025-10
INV-252891,2025-10-21,2025-10-20,C1040,Youngstown Metal Works Inc.,6381.5,,2025-10
INV-252892,2025-10-21,2025-10-20,C1040,Youngstown Metal Works Inc.,25580.19,Standing order,2025-10
INV-252893,2025-10-22,2025-10-22,C1002,Bayview Medical Center Inc.,8566.9,Standing order,2025-10
INV-252894,2025-10-22,2025-10-21,C1002,Bayview Medical Center Inc.,13357.66,,2025-10
INV-252895,2025-10-22,2025-10-22,C1008,Evergreen Senior Living Inc.,7709.02,,2025-10
INV-252896,2025-10-22,2025-10-21,C1011,Garfield Industrial Company,10007.59,,2025-10
INV-252897,2025-10-22,2025-10-22,C1021,Maple Heights Facilities LLC,7482.99,,2025-10
INV-252898,2025-10-22,2025-10-22,C1027,Pinnacle Building Services Inc.,12069.63,,2025-10
INV-252899,2025-10-22,2025-10-21,C1028,Portage Cold Storage Company,18020.2,,2025-10
INV-252900,2025-10-22,2025-10-22,C1031,Shaker Square Retail Partners,7879.22,,2025-10
INV-252901,2025-10-22,2025-10-21,C1031,Shaker Square Retail Partners,5060.97,PO 42885,2025-10
INV-252902,2025-10-22,2025-10-22,C1035,Twinsburg Industrial Park LLC,5021.18,Standing order,2025-10
INV-252903,2025-10-22,2025-10-22,C1040,Youngstown Metal Works Inc.,5492.35,,2025-10
INV-252904,2025-10-22,2025-10-22,C1040,Youngstown Metal Works Inc.,12789.2,,2025-10
INV-252905,2025-10-22,2025-10-22,C1040,Youngstown Metal Works Inc.,3171.16,Standing order,2025-10
INV-252906,2025-10-22,2025-10-22,C1040,Youngstown Metal Works Inc.,3566.83,PO 41364,2025-10
INV-252907,2025-10-23,2025-10-22,C1002,Bayview Medical Center Inc.,41253.59,,2025-10
INV-252908,2025-10-23,2025-10-23,C1002,Bayview Medical Center Inc.,8885.22,,2025-10
INV-252909,2025-10-23,2025-10-23,C1004,Cedar Point Facility Services,9047.74,,2025-10
INV-252910,2025-10-23,2025-10-23,C1005,Clearwater Janitorial Company,6665.95,,2025-10
INV-252911,2025-10-23,2025-10-23,C1012,Great Lakes Logistics Inc.,5602.89,,2025-10
INV-252912,2025-10-23,2025-10-22,C1014,Harborview Apartments LLC,12092.26,,2025-10
INV-252913,2025-10-23,2025-10-23,C1017,Ironwood Property Services,12600.38,PO 49342,2025-10
INV-252914,2025-10-23,2025-10-23,C1018,Kent Valley Hospital,3867.12,PO 43550,2025-10
INV-252915,2025-10-23,2025-10-23,C1027,Pinnacle Building Services Inc.,10938.87,,2025-10
INV-252916,2025-10-23,2025-10-23,C1030,Sandusky Marine and Supply,2290.5,,2025-10
INV-252917,2025-10-23,2025-10-22,C1032,Stark County Services,11600.46,Standing order,2025-10
INV-252918,2025-10-23,2025-10-23,C1033,Summit Healthcare Group Inc.,39282.67,Standing order,2025-10
INV-252919,2025-10-23,2025-10-23,C1034,Tri-State Warehouse Company,1696.7,PO 41360,2025-10
INV-252920,2025-10-23,2025-10-22,C1035,Twinsburg Industrial Park LLC,6502.38,PO 42294,2025-10
INV-252921,2025-10-23,2025-10-23,C1035,Twinsburg Industrial Park LLC,5581.23,PO 44711,2025-10
INV-252922,2025-10-23,2025-10-23,C1040,Youngstown Metal Works Inc.,3217.96,PO 43399,2025-10
INV-252923,2025-10-23,2025-10-22,C1040,Youngstown Metal Works Inc.,21190.51,Standing order,2025-10
INV-252924,2025-10-23,2025-10-22,C1040,Youngstown Metal Works Inc.,2363.78,PO 47705,2025-10
INV-252925,2025-10-24,2025-10-24,C1004,Cedar Point Facility Services,4837.2,,2025-10
INV-252926,2025-10-24,2025-10-24,C1005,Clearwater Janitorial Company,4377.4,Standing order,2025-10
INV-252927,2025-10-24,2025-10-24,C1007,Eastgate Office Partners,6747.14,,2025-10
INV-252928,2025-10-24,2025-10-24,C1008,Evergreen Senior Living Inc.,12341.15,PO 41559,2025-10
INV-252929,2025-10-24,2025-10-23,C1011,Garfield Industrial Company,2710.26,Standing order,2025-10
INV-252930,2025-10-24,2025-10-24,C1022,Medina Auto Group,5488.69,PO 46558,2025-10
INV-252931,2025-10-24,2025-10-24,C1022,Medina Auto Group,2824.42,,2025-10
INV-252932,2025-10-24,2025-10-24,C1022,Medina Auto Group,4811.07,,2025-10
INV-252933,2025-10-24,2025-10-23,C1022,Medina Auto Group,4575.53,,2025-10
INV-252934,2025-10-24,2025-10-24,C1028,Portage Cold Storage Company,2923.81,PO 49604,2025-10
INV-252935,2025-10-24,2025-10-24,C1028,Portage Cold Storage Company,3391.52,,2025-10
INV-252936,2025-10-24,2025-10-23,C1033,Summit Healthcare Group Inc.,21278.22,Standing order,2025-10
INV-252937,2025-10-24,2025-10-24,C1035,Twinsburg Industrial Park LLC,10764.08,PO 42247,2025-10
INV-252938,2025-10-24,2025-10-24,C1035,Twinsburg Industrial Park LLC,12431.24,Standing order,2025-10
INV-252939,2025-10-24,2025-10-24,C1039,Willoughby Tech Center,5967.05,,2025-10
INV-252940,2025-10-27,2025-10-27,C1001,Allegheny Property Management LLC,5142.11,,2025-10
INV-252941,2025-10-27,2025-10-27,C1002,Bayview Medical Center Inc.,4513.95,,2025-10
INV-252942,2025-10-27,2025-10-27,C1011,Garfield Industrial Company,5152.8,,2025-10
INV-252943,2025-10-27,2025-10-27,C1011,Garfield Industrial Company,2051.97,Standing order,2025-10
INV-252944,2025-10-27,2025-10-27,C1014,Harborview Apartments LLC,11067.47,Standing order,2025-10
INV-252945,2025-10-27,2025-10-27,C1016,Highland Manufacturing Company,7188.53,,2025-10
INV-252946,2025-10-27,2025-10-27,C1025,Oak Ridge Office Parks,2026.73,PO 40510,2025-10
INV-252947,2025-10-27,2025-10-26,C1026,Parma Community College,17638.65,,2025-10
INV-252948,2025-10-27,2025-10-27,C1031,Shaker Square Retail Partners,7554.29,PO 43470,2025-10
INV-252949,2025-10-27,2025-10-26,C1031,Shaker Square Retail Partners,5398.68,,2025-10
INV-252950,2025-10-27,2025-10-27,C1035,Twinsburg Industrial Park LLC,16473.29,Standing order,2025-10
INV-252951,2025-10-27,2025-10-27,C1036,University Circle Services,10252.29,,2025-10
INV-252952,2025-10-27,2025-10-26,C1038,Westlake Commercial Cleaning Company,2951.47,,2025-10
INV-252953,2025-10-28,2025-10-28,C1007,Eastgate Office Partners,6416.08,Standing order,2025-10
INV-252954,2025-10-28,2025-10-27,C1011,Garfield Industrial Company,9886.7,PO 41263,2025-10
INV-252955,2025-10-28,2025-10-28,C1012,Great Lakes Logistics Inc.,4514.58,Standing order,2025-10
INV-252956,2025-10-28,2025-10-28,C1020,Lorain Distribution Company,2687.96,,2025-10
INV-252957,2025-10-28,2025-10-27,C1025,Oak Ridge Office Parks,15689.29,,2025-10
INV-252958,2025-10-28,2025-10-28,C1026,Parma Community College,9443.19,,2025-10
INV-252959,2025-10-28,2025-10-28,C1026,Parma Community College,9234.37,,2025-10
INV-252960,2025-10-28,2025-10-28,C1026,Parma Community College,4605.79,,2025-10
INV-252961,2025-10-28,2025-10-27,C1035,Twinsburg Industrial Park LLC,6195.47,Standing order,2025-10
INV-252962,2025-10-28,2025-10-28,C1035,Twinsburg Industrial Park LLC,11219.84,PO 41125,2025-10
INV-252963,2025-10-28,2025-10-28,C1038,Westlake Commercial Cleaning Company,6389.28,PO 42064,2025-10
INV-252964,2025-10-28,2025-10-28,C1038,Westlake Commercial Cleaning Company,9848.84,,2025-10
INV-252965,2025-10-28,2025-10-27,C1040,Youngstown Metal Works Inc.,1102.46,,2025-10
INV-252966,2025-10-28,2025-10-28,C1040,Youngstown Metal Works Inc.,10695.04,Standing order,2025-10
INV-252967,2025-10-28,2025-10-28,C1040,Youngstown Metal Works Inc.,21123.08,Standing order,2025-10
INV-252968,2025-10-29,2025-10-29,C1002,Bayview Medical Center Inc.,12345.73,PO 47379,2025-10
INV-252969,2025-10-29,2025-10-28,C1002,Bayview Medical Center Inc.,16603.89,,2025-10
INV-252970,2025-10-29,2025-10-29,C1003,Cardinal Hospitality Group LLC,5161.77,,2025-10
INV-252971,2025-10-29,2025-10-29,C1003,Cardinal Hospitality Group LLC,6072.46,,2025-10
INV-252972,2025-10-29,2025-10-28,C1010,Forest City Hotels and Resorts,5639.13,,2025-10
INV-252973,2025-10-29,2025-10-28,C1010,Forest City Hotels and Resorts,12281.71,,2025-10
INV-252974,2025-10-29,2025-10-29,C1011,Garfield Industrial Company,14727.04,Standing order,2025-10
INV-252975,2025-10-29,2025-10-29,C1025,Oak Ridge Office Parks,8875.4,PO 42521,2025-10
INV-252976,2025-10-29,2025-10-29,C1031,Shaker Square Retail Partners,5208.93,Standing order,2025-10
INV-252977,2025-10-29,2025-10-28,C1036,University Circle Services,19941.35,Standing order,2025-10
INV-252978,2025-10-30,2025-10-30,C1011,Garfield Industrial Company,9296.61,,2025-10
INV-252979,2025-10-30,2025-10-29,C1011,Garfield Industrial Company,2145.45,,2025-10
INV-252980,2025-10-30,2025-10-30,C1012,Great Lakes Logistics Inc.,8624.27,PO 48318,2025-10
INV-252981,2025-10-30,2025-10-29,C1022,Medina Auto Group,550.6,,2025-10
INV-252982,2025-10-30,2025-10-30,C1023,Midwest Stadium Services Inc.,11104.53,Standing order,2025-10
INV-252983,2025-10-30,2025-10-29,C1025,Oak Ridge Office Parks,14804.63,PO 43447,2025-10
INV-252984,2025-10-30,2025-10-30,C1026,Parma Community College,7273.58,PO 40404,2025-10
INV-252985,2025-10-30,2025-10-30,C1026,Parma Community College,3464.57,PO 48076,2025-10
INV-252986,2025-10-30,2025-10-30,C1027,Pinnacle Building Services Inc.,7898.72,PO 48514,2025-10
INV-252987,2025-10-30,2025-10-29,C1031,Shaker Square Retail Partners,10587.28,Standing order,2025-10
INV-252988,2025-10-30,2025-10-30,C1035,Twinsburg Industrial Park LLC,6885.08,PO 44289,2025-10
INV-252989,2025-10-30,2025-10-30,C1036,University Circle Services,21653.09,,2025-10
INV-252990,2025-10-30,2025-10-29,C1038,Westlake Commercial Cleaning Company,17150.44,,2025-10
INV-252991,2025-10-30,2025-10-30,C1040,Youngstown Metal Works Inc.,2945.76,,2025-10
INV-252992,2025-10-30,2025-10-30,C1040,Youngstown Metal Works Inc.,2106.23,,2025-10
INV-252993,2025-10-31,2025-10-31,C1004,Cedar Point Facility Services,7524.77,,2025-10
INV-252994,2025-10-31,2025-10-30,C1011,Garfield Industrial Company,14502.79,,2025-10
INV-252995,2025-10-31,2025-10-31,C1018,Kent Valley Hospital,3704.69,PO 44102,2025-10
INV-252996,2025-10-31,2025-10-31,C1025,Oak Ridge Office Parks,23682.64,PO 42710,2025-10
INV-252997,2025-10-31,2025-10-31,C1025,Oak Ridge Office Parks,11784.35,,2025-10
INV-252998,2025-10-31,2025-10-31,C1028,Portage Cold Storage Company,9300.43,Standing order,2025-10
INV-252999,2025-10-31,2025-10-31,C1038,Westlake Commercial Cleaning Company,35814.06,,2025-10
INV-253000,2025-10-31,2025-10-30,C1038,Westlake Commercial Cleaning Company,3994.88,,2025-10
INV-253001,2025-10-31,2025-10-31,C1039,Willoughby Tech Center,8273.85,PO 40771,2025-10
INV-253002,2025-10-31,2025-10-31,C1040,Youngstown Metal Works Inc.,60328.59,Standing order,2025-10
INV-253003,2025-11-03,2025-11-02,C1002,Bayview Medical Center Inc.,5976.53,,2025-11
INV-253004,2025-11-03,2025-11-03,C1008,Evergreen Senior Living Inc.,17565.93,PO 43960,2025-11
INV-253005,2025-11-03,2025-11-03,C1012,Great Lakes Logistics Inc.,10151.19,,2025-11
INV-253006,2025-11-03,2025-11-03,C1015,Heritage Food Services Inc.,10691.32,PO 45677,2025-11
INV-253007,2025-11-03,2025-11-03,C1020,Lorain Distribution Company,8790.15,Standing order,2025-11
INV-253008,2025-11-03,2025-11-03,C1026,Parma Community College,32628.19,Standing order,2025-11
INV-253009,2025-11-03,2025-11-03,C1030,Sandusky Marine and Supply,2083.84,,2025-11
INV-253010,2025-11-03,2025-11-03,C1033,Summit Healthcare Group Inc.,5293.79,,2025-11
INV-253011,2025-11-03,2025-11-03,C1035,Twinsburg Industrial Park LLC,11923.07,Standing order,2025-11
INV-253012,2025-11-03,2025-11-03,C1036,University Circle Services,11416.59,,2025-11
INV-253013,2025-11-03,2025-11-03,C1036,University Circle Services,2707.58,Standing order,2025-11
INV-253014,2025-11-03,2025-11-03,C1038,Westlake Commercial Cleaning Company,5617.01,,2025-11
INV-253015,2025-11-03,2025-11-03,C1040,Youngstown Metal Works Inc.,16390.27,,2025-11
INV-253016,2025-11-04,2025-11-03,C1008,Evergreen Senior Living Inc.,15976.42,Standing order,2025-11
INV-253017,2025-11-04,2025-11-04,C1010,Forest City Hotels and Resorts,9267.73,,2025-11
INV-253018,2025-11-04,2025-11-04,C1014,Harborview Apartments LLC,19364.79,,2025-11
INV-253019,2025-11-04,2025-11-04,C1018,Kent Valley Hospital,50283.75,,2025-11
INV-253020,2025-11-04,2025-11-04,C1025,Oak Ridge Office Parks,4934.08,,2025-11
INV-253021,2025-11-04,2025-11-03,C1030,Sandusky Marine and Supply,9002.99,,2025-11
INV-253022,2025-11-04,2025-11-03,C1033,Summit Healthcare Group Inc.,8207.07,,2025-11
INV-253023,2025-11-04,2025-11-04,C1035,Twinsburg Industrial Park LLC,5530.18,,2025-11
INV-253024,2025-11-04,2025-11-03,C1036,University Circle Services,4696.97,,2025-11
INV-253025,2025-11-04,2025-11-04,C1036,University Circle Services,2190.7,,2025-11
INV-253026,2025-11-04,2025-11-04,C1038,Westlake Commercial Cleaning Company,5313.35,,2025-11
INV-253027,2025-11-04,2025-11-03,C1038,Westlake Commercial Cleaning Company,9510.63,PO 49534,2025-11
INV-253028,2025-11-04,2025-11-04,C1038,Westlake Commercial Cleaning Company,15452.04,PO 49493,2025-11
INV-253029,2025-11-04,2025-11-04,C1040,Youngstown Metal Works Inc.,6129.69,Standing order,2025-11
INV-253030,2025-11-05,2025-11-05,C1002,Bayview Medical Center Inc.,20414.74,,2025-11
INV-253031,2025-11-05,2025-11-04,C1008,Evergreen Senior Living Inc.,4281.1,Standing order,2025-11
INV-253032,2025-11-05,2025-11-05,C1008,Evergreen Senior Living Inc.,8576.74,,2025-11
INV-253033,2025-11-05,2025-11-05,C1012,Great Lakes Logistics Inc.,3864.4,PO 44659,2025-11
INV-253034,2025-11-05,2025-11-05,C1013,Hamilton County Services,4427.84,Standing order,2025-11
INV-253035,2025-11-05,2025-11-04,C1017,Ironwood Property Services,5082.51,,2025-11
INV-253036,2025-11-05,2025-11-05,C1018,Kent Valley Hospital,5060.56,Standing order,2025-11
INV-253037,2025-11-05,2025-11-05,C1019,Lakeshore Cleaning Services Inc.,2849.37,,2025-11
INV-253038,2025-11-05,2025-11-05,C1025,Oak Ridge Office Parks,4982.21,,2025-11
INV-253039,2025-11-05,2025-11-05,C1026,Parma Community College,5391.16,,2025-11
INV-253040,2025-11-05,2025-11-05,C1029,Riverside Fitness Clubs LLC,5937.25,PO 45178,2025-11
INV-253041,2025-11-05,2025-11-05,C1030,Sandusky Marine and Supply,23285.16,Standing order,2025-11
INV-253042,2025-11-05,2025-11-05,C1033,Summit Healthcare Group Inc.,8558.64,,2025-11
INV-253043,2025-11-05,2025-11-05,C1040,Youngstown Metal Works Inc.,14321.89,,2025-11
INV-253044,2025-11-05,2025-11-05,C1040,Youngstown Metal Works Inc.,14293.63,PO 45236,2025-11
INV-253045,2025-11-06,2025-11-06,C1005,Clearwater Janitorial Company,6292.95,PO 40285,2025-11
INV-253046,2025-11-06,2025-11-06,C1008,Evergreen Senior Living Inc.,4137.32,,2025-11
INV-253047,2025-11-06,2025-11-06,C1014,Harborview Apartments LLC,14229.18,Standing order,2025-11
INV-253048,2025-11-06,2025-11-05,C1014,Harborview Apartments LLC,5538.13,,2025-11
INV-253049,2025-11-06,2025-11-06,C1020,Lorain Distribution Company,12936.27,Standing order,2025-11
INV-253050,2025-11-06,2025-11-06,C1030,Sandusky Marine and Supply,7378.82,,2025-11
INV-253051,2025-11-06,2025-11-06,C1038,Westlake Commercial Cleaning Company,13236.89,,2025-11
INV-253052,2025-11-06,2025-11-06,C1040,Youngstown Metal Works Inc.,25729.04,,2025-11
INV-253053,2025-11-06,2025-11-06,C1040,Youngstown Metal Works Inc.,9631.26,,2025-11
INV-253054,2025-11-07,2025-11-07,C1004,Cedar Point Facility Services,12102.76,Standing order,2025-11
INV-253055,2025-11-07,2025-11-07,C1008,Evergreen Senior Living Inc.,5914.56,Standing order,2025-11
INV-253056,2025-11-07,2025-11-07,C1018,Kent Valley Hospital,3178.51,Standing order,2025-11
INV-253057,2025-11-07,2025-11-07,C1022,Medina Auto Group,5757.41,PO 45534,2025-11
INV-253058,2025-11-07,2025-11-07,C1022,Medina Auto Group,15224.87,,2025-11
INV-253059,2025-11-07,2025-11-06,C1023,Midwest Stadium Services Inc.,24887.51,,2025-11
INV-253060,2025-11-07,2025-11-07,C1023,Midwest Stadium Services Inc.,4071.75,PO 47872,2025-11
INV-253061,2025-11-07,2025-11-07,C1024,North Coast Restaurants LLC,3279.62,Standing order,2025-11
INV-253062,2025-11-07,2025-11-07,C1025,Oak Ridge Office Parks,2149.96,,2025-11
INV-253063,2025-11-07,2025-11-07,C1026,Parma Community College,13571.79,,2025-11
INV-253064,2025-11-07,2025-11-07,C1030,Sandusky Marine and Supply,9014.69,Standing order,2025-11
INV-253065,2025-11-07,2025-11-07,C1035,Twinsburg Industrial Park LLC,11946.45,,2025-11
INV-253066,2025-11-07,2025-11-07,C1040,Youngstown Metal Works Inc.,3871.14,,2025-11
INV-253067,2025-11-07,2025-11-07,C1040,Youngstown Metal Works Inc.,9497.78,,2025-11
INV-253068,2025-11-10,2025-11-09,C1002,Bayview Medical Center Inc.,9743.04,,2025-11
INV-253069,2025-11-10,2025-11-10,C1004,Cedar Point Facility Services,3870.27,,2025-11
INV-253070,2025-11-10,2025-11-10,C1013,Hamilton County Services,15039.34,,2025-11
INV-253071,2025-11-10,2025-11-09,C1014,Harborview Apartments LLC,3684.67,,2025-11
INV-253072,2025-11-10,2025-11-09,C1023,Midwest Stadium Services Inc.,11400.7,PO 46832,2025-11
INV-253073,2025-11-10,2025-11-09,C1024,North Coast Restaurants LLC,3807.36,Standing order,2025-11
INV-253074,2025-11-10,2025-11-10,C1025,Oak Ridge Office Parks,7694.16,,2025-11
INV-253075,2025-11-10,2025-11-10,C1025,Oak Ridge Office Parks,16882.25,,2025-11
INV-253076,2025-11-10,2025-11-10,C1027,Pinnacle Building Services Inc.,21989.55,,2025-11
INV-253077,2025-11-10,2025-11-10,C1030,Sandusky Marine and Supply,3129.22,,2025-11
INV-253078,2025-11-10,2025-11-10,C1035,Twinsburg Industrial Park LLC,7283.53,PO 43449,2025-11
INV-253079,2025-11-10,2025-11-10,C1038,Westlake Commercial Cleaning Company,5484.43,,2025-11
INV-253080,2025-11-10,2025-11-10,C1038,Westlake Commercial Cleaning Company,14762.23,,2025-11
INV-253081,2025-11-11,2025-11-11,C1002,Bayview Medical Center Inc.,10676.91,PO 48987,2025-11
INV-253082,2025-11-11,2025-11-11,C1002,Bayview Medical Center Inc.,2589.01,,2025-11
INV-253083,2025-11-11,2025-11-10,C1003,Cardinal Hospitality Group LLC,14121.99,,2025-11
INV-253084,2025-11-11,2025-11-11,C1007,Eastgate Office Partners,16674.25,PO 42655,2025-11
INV-253085,2025-11-11,2025-11-10,C1011,Garfield Industrial Company,43864.32,PO 47308,2025-11
INV-253086,2025-11-11,2025-11-10,C1011,Garfield Industrial Company,4845.6,,2025-11
INV-253087,2025-11-11,2025-11-11,C1012,Great Lakes Logistics Inc.,5752.18,,2025-11
INV-253088,2025-11-11,2025-11-11,C1014,Harborview Apartments LLC,35387.57,,2025-11
INV-253089,2025-11-11,2025-11-11,C1018,Kent Valley Hospital,21153.33,,2025-11
INV-253090,2025-11-11,2025-11-11,C1020,Lorain Distribution Company,3754.39,Standing order,2025-11
INV-253091,2025-11-11,2025-11-11,C1022,Medina Auto Group,15099.14,,2025-11
INV-253092,2025-11-11,2025-11-10,C1022,Medina Auto Group,2357.53,,2025-11
INV-253093,2025-11-11,2025-11-11,C1025,Oak Ridge Office Parks,11008.95,,2025-11
INV-253094,2025-11-11,2025-11-10,C1026,Parma Community College,2786.74,,2025-11
INV-253095,2025-11-11,2025-11-11,C1029,Riverside Fitness Clubs LLC,3787.11,,2025-11
INV-253096,2025-11-11,2025-11-11,C1035,Twinsburg Industrial Park LLC,14592.77,,2025-11
INV-253097,2025-11-11,2025-11-10,C1040,Youngstown Metal Works Inc.,5424.43,,2025-11
INV-253098,2025-11-11,2025-11-10,C1040,Youngstown Metal Works Inc.,5174.8,,2025-11
INV-253099,2025-11-12,2025-11-12,C1002,Bayview Medical Center Inc.,10976.86,,2025-11
INV-253100,2025-11-12,2025-11-12,C1003,Cardinal Hospitality Group LLC,56820.17,PO 40171,2025-11
INV-253100,2025-11-12,2025-11-12,C1003,Cardinal Hospitality Group LLC,56820.17,PO 40171,2025-11
INV-253101,2025-11-12,2025-11-12,C1009,Fairlawn Public Schools,8955.51,,2025-11
INV-253102,2025-11-12,2025-11-12,C1012,Great Lakes Logistics Inc.,4628.49,,2025-11
INV-253103,2025-11-12,2025-11-12,C1013,Hamilton County Services,4692.67,PO 43998,2025-11
INV-253104,2025-11-12,2025-11-12,C1020,Lorain Distribution Company,9781.78,PO 44701,2025-11
INV-253105,2025-11-12,2025-11-12,C1023,Midwest Stadium Services Inc.,2678.9,,2025-11
INV-253106,2025-11-12,2025-11-12,C1025,Oak Ridge Office Parks,5019.74,PO 43639,2025-11
INV-253107,2025-11-12,2025-11-12,C1026,Parma Community College,8344.9,,2025-11
INV-253108,2025-11-12,2025-11-11,C1033,Summit Healthcare Group Inc.,27066.97,,2025-11
INV-253109,2025-11-12,2025-11-12,C1035,Twinsburg Industrial Park LLC,20807.22,,2025-11
INV-253110,2025-11-12,2025-11-12,C1038,Westlake Commercial Cleaning Company,14173.8,,2025-11
INV-253111,2025-11-12,2025-11-12,C1038,Westlake Commercial Cleaning Company,4130.68,Standing order,2025-11
INV-253112,2025-11-12,2025-11-12,C1040,Youngstown Metal Works Inc.,3069.13,,2025-11
INV-253113,2025-11-12,2025-11-12,C1040,Youngstown Metal Works Inc.,6566.69,,2025-11
INV-253114,2025-11-12,2025-11-12,C1040,Youngstown Metal Works Inc.,10749.11,PO 41670,2025-11
INV-253115,2025-11-13,2025-11-13,C1002,Bayview Medical Center Inc.,1764.46,PO 40315,2025-11
INV-253116,2025-11-13,2025-11-13,C1005,Clearwater Janitorial Company,32010.91,,2025-11
INV-253117,2025-11-13,2025-11-13,C1011,Garfield Industrial Company,11270.12,,2025-11
INV-253118,2025-11-13,2025-11-13,C1011,Garfield Industrial Company,7014.25,,2025-11
INV-253119,2025-11-13,2025-11-13,C1011,Garfield Industrial Company,3352.99,,2025-11
INV-253120,2025-11-13,2025-11-13,C1019,Lakeshore Cleaning Services Inc.,42006.53,,2025-11
INV-253121,2025-11-13,2025-11-13,C1025,Oak Ridge Office Parks,2557.56,,2025-11
INV-253122,2025-11-13,2025-11-13,C1026,Parma Community College,8676.4,PO 45475,2025-11
INV-253123,2025-11-13,2025-11-12,C1026,Parma Community College,5905.97,,2025-11
INV-253124,2025-11-13,2025-11-13,C1035,Twinsburg Industrial Park LLC,13380.82,,2025-11
INV-253125,2025-11-13,2025-11-13,C1035,Twinsburg Industrial Park LLC,11538.9,,2025-11
INV-253126,2025-11-13,2025-11-13,C1038,Westlake Commercial Cleaning Company,7754.48,,2025-11
INV-253127,2025-11-14,2025-11-13,C1002,Bayview Medical Center Inc.,2071.56,,2025-11
INV-253128,2025-11-14,2025-11-14,C1003,Cardinal Hospitality Group LLC,8368.16,Standing order,2025-11
INV-253129,2025-11-14,2025-11-14,C1008,Evergreen Senior Living Inc.,4560.16,,2025-11
INV-253130,2025-11-14,2025-11-14,C1011,Garfield Industrial Company,5119.83,Standing order,2025-11
INV-253131,2025-11-14,2025-11-13,C1011,Garfield Industrial Company,11626.0,,2025-11
INV-253132,2025-11-14,2025-11-14,C1011,Garfield Industrial Company,5132.96,,2025-11
INV-253133,2025-11-14,2025-11-13,C1012,Great Lakes Logistics Inc.,4897.44,,2025-11
INV-253134,2025-11-14,2025-11-14,C1016,Highland Manufacturing Company,20833.56,,2025-11
INV-253135,2025-11-14,2025-11-13,C1017,Ironwood Property Services,5761.75,Standing order,2025-11
INV-253136,2025-11-14,2025-11-14,C1024,North Coast Restaurants LLC,8670.44,,2025-11
INV-253137,2025-11-14,2025-11-14,C1025,Oak Ridge Office Parks,8966.0,,2025-11
INV-253138,2025-11-14,2025-11-14,C1030,Sandusky Marine and Supply,25429.66,PO 47702,2025-11
INV-253139,2025-11-14,2025-11-14,C1030,Sandusky Marine and Supply,15846.32,,2025-11
INV-253140,2025-11-14,2025-11-13,C1030,Sandusky Marine and Supply,5578.58,,2025-11
INV-253141,2025-11-14,2025-11-14,C1033,Summit Healthcare Group Inc.,7505.25,PO 40201,2025-11
INV-253142,2025-11-14,2025-11-14,C1036,University Circle Services,11906.86,Standing order,2025-11
INV-253143,2025-11-14,2025-11-13,C1038,Westlake Commercial Cleaning Company,6704.78,,2025-11
INV-253144,2025-11-14,2025-11-14,C1040,Youngstown Metal Works Inc.,13807.71,Standing order,2025-11
INV-253145,2025-11-14,2025-11-14,C1040,Youngstown Metal Works Inc.,8267.15,Standing order,2025-11
INV-253146,2025-11-17,2025-11-17,C1003,Cardinal Hospitality Group LLC,9727.77,,2025-11
INV-253147,2025-11-17,2025-11-17,C1011,Garfield Industrial Company,24674.57,,2025-11
INV-253148,2025-11-17,2025-11-17,C1011,Garfield Industrial Company,937.67,PO 40610,2025-11
INV-253149,2025-11-17,2025-11-16,C1011,Garfield Industrial Company,15448.05,,2025-11
INV-253150,2025-11-17,2025-11-17,C1012,Great Lakes Logistics Inc.,2561.82,,2025-11
INV-253151,2025-11-17,2025-11-17,C1020,Lorain Distribution Company,8944.21,PO 40434,2025-11
INV-253152,2025-11-17,2025-11-16,C1022,Medina Auto Group,32119.33,,2025-11
INV-253153,2025-11-17,2025-11-17,C1024,North Coast Restaurants LLC,72090.13,,2025-11
INV-253154,2025-11-17,2025-11-17,C1027,Pinnacle Building Services Inc.,4153.93,PO 40703,2025-11
INV-253155,2025-11-17,2025-11-17,C1029,Riverside Fitness Clubs LLC,3313.65,,2025-11
INV-253156,2025-11-17,2025-11-16,C1035,Twinsburg Industrial Park LLC,6377.14,Standing order,2025-11
INV-253157,2025-11-17,2025-11-17,C1038,Westlake Commercial Cleaning Company,7013.35,,2025-11
INV-253158,2025-11-17,2025-11-17,C1040,Youngstown Metal Works Inc.,1830.72,PO 47507,2025-11
INV-253159,2025-11-17,2025-11-17,C1040,Youngstown Metal Works Inc.,23448.83,PO 44132,2025-11
INV-253160,2025-11-17,2025-11-16,C1040,Youngstown Metal Works Inc.,15166.11,,2025-11
INV-253161,2025-11-17,2025-11-16,C1040,Youngstown Metal Works Inc.,17313.9,,2025-11
INV-253162,2025-11-18,2025-11-18,C1004,Cedar Point Facility Services,7812.29,PO 40368,2025-11
INV-253163,2025-11-18,2025-11-18,C1009,Fairlawn Public Schools,3684.2,,2025-11
INV-253164,2025-11-18,2025-11-17,C1019,Lakeshore Cleaning Services Inc.,14524.87,Standing order,2025-11
INV-253165,2025-11-18,2025-11-17,C1033,Summit Healthcare Group Inc.,16157.15,,2025-11
INV-253166,2025-11-18,2025-11-18,C1033,Summit Healthcare Group Inc.,12364.6,Standing order,2025-11
INV-253167,2025-11-18,2025-11-18,C1035,Twinsburg Industrial Park LLC,8268.4,PO 42978,2025-11
INV-253168,2025-11-18,2025-11-18,C1035,Twinsburg Industrial Park LLC,14292.79,PO 47858,2025-11
INV-253169,2025-11-18,2025-11-17,C1040,Youngstown Metal Works Inc.,14633.38,,2025-11
INV-253170,2025-11-18,2025-11-18,C1040,Youngstown Metal Works Inc.,6841.56,,2025-11
INV-253171,2025-11-19,2025-11-19,C1003,Cardinal Hospitality Group LLC,4987.36,,2025-11
INV-253172,2025-11-19,2025-11-19,C1004,Cedar Point Facility Services,9535.68,,2025-11
INV-253173,2025-11-19,2025-11-19,C1004,Cedar Point Facility Services,7677.46,,2025-11
INV-253174,2025-11-19,2025-11-19,C1011,Garfield Industrial Company,8705.9,,2025-11
INV-253175,2025-11-19,2025-11-19,C1011,Garfield Industrial Company,1897.14,,2025-11
INV-253176,2025-11-19,2025-11-18,C1012,Great Lakes Logistics Inc.,30219.43,PO 49075,2025-11
INV-253177,2025-11-19,2025-11-19,C1015,Heritage Food Services Inc.,5948.1,PO 42057,2025-11
INV-253178,2025-11-19,2025-11-18,C1017,Ironwood Property Services,6923.82,,2025-11
INV-253179,2025-11-19,2025-11-19,C1018,Kent Valley Hospital,14582.2,,2025-11
INV-253180,2025-11-19,2025-11-18,C1022,Medina Auto Group,17869.52,PO 44177,2025-11
INV-253181,2025-11-19,2025-11-19,C1026,Parma Community College,8820.32,PO 46098,2025-11
INV-253182,2025-11-19,2025-11-19,C1030,Sandusky Marine and Supply,8481.37,,2025-11
INV-253183,2025-11-19,2025-11-19,C1035,Twinsburg Industrial Park LLC,5253.92,PO 43210,2025-11
INV-253184,2025-11-19,2025-11-19,C1038,Westlake Commercial Cleaning Company,14635.84,,2025-11
INV-253185,2025-11-19,2025-11-19,C1038,Westlake Commercial Cleaning Company,8014.34,Standing order,2025-11
INV-253186,2025-11-19,2025-11-19,C1038,Westlake Commercial Cleaning Company,9049.04,,2025-11
INV-253187,2025-11-19,2025-11-19,C1038,Westlake Commercial Cleaning Company,11497.38,,2025-11
INV-253188,2025-11-19,2025-11-19,C1038,Westlake Commercial Cleaning Company,3371.43,,2025-11
INV-253189,2025-11-19,2025-11-19,C1040,Youngstown Metal Works Inc.,5480.92,,2025-11
INV-253190,2025-11-19,2025-11-19,C1040,Youngstown Metal Works Inc.,7857.02,,2025-11
INV-253191,2025-11-19,2025-11-18,C1040,Youngstown Metal Works Inc.,7532.63,,2025-11
INV-253192,2025-11-20,2025-11-20,C1002,Bayview Medical Center Inc.,10350.93,Standing order,2025-11
INV-253193,2025-11-20,2025-11-20,C1003,Cardinal Hospitality Group LLC,7885.2,PO 47432,2025-11
INV-253194,2025-11-20,2025-11-20,C1005,Clearwater Janitorial Company,18856.55,Standing order,2025-11
INV-253195,2025-11-20,2025-11-20,C1007,Eastgate Office Partners,4281.13,,2025-11
INV-253196,2025-11-20,2025-11-20,C1012,Great Lakes Logistics Inc.,3847.98,PO 42200,2025-11
INV-253197,2025-11-20,2025-11-20,C1022,Medina Auto Group,9207.23,Standing order,2025-11
INV-253198,2025-11-20,2025-11-20,C1023,Midwest Stadium Services Inc.,11082.67,,2025-11
INV-253199,2025-11-20,2025-11-19,C1026,Parma Community College,95000.0,,2025-11
INV-253200,2025-11-20,2025-11-20,C1032,Stark County Services,3516.44,,2025-11
INV-253201,2025-11-20,2025-11-20,C1033,Summit Healthcare Group Inc.,4258.98,,2025-11
INV-253202,2025-11-20,2025-11-20,C1035,Twinsburg Industrial Park LLC,2044.3,Standing order,2025-11
INV-253203,2025-11-20,2025-11-19,C1038,Westlake Commercial Cleaning Company,3720.87,Standing order,2025-11
INV-253204,2025-11-20,2025-11-19,C1038,Westlake Commercial Cleaning Company,10052.53,,2025-11
INV-253205,2025-11-20,2025-11-20,C1038,Westlake Commercial Cleaning Company,13715.27,,2025-11
INV-253206,2025-11-20,2025-11-20,C1040,Youngstown Metal Works Inc.,22453.18,Standing order,2025-11
INV-253207,2025-11-20,2025-11-20,C1040,Youngstown Metal Works Inc.,11530.73,,2025-11
INV-253208,2025-11-20,2025-11-20,C1040,Youngstown Metal Works Inc.,7630.01,,2025-11
INV-253209,2025-11-21,2025-11-20,C1010,Forest City Hotels and Resorts,6438.36,PO 48656,2025-11
INV-253210,2025-11-21,2025-11-20,C1011,Garfield Industrial Company,4180.25,,2025-11
INV-253211,2025-11-21,2025-11-21,C1011,Garfield Industrial Company,7222.7,Standing order,2025-11
INV-253212,2025-11-21,2025-11-20,C1011,Garfield Industrial Company,11920.24,Standing order,2025-11
INV-253213,2025-11-21,2025-11-21,C1012,Great Lakes Logistics Inc.,8495.94,,2025-11
INV-253214,2025-11-21,2025-11-21,C1012,Great Lakes Logistics Inc.,3480.45,Standing order,2025-11
INV-253215,2025-11-21,2025-11-20,C1015,Heritage Food Services Inc.,9279.97,,2025-11
INV-253216,2025-11-21,2025-11-21,C1018,Kent Valley Hospital,5959.02,,2025-11
INV-253217,2025-11-21,2025-11-21,C1018,Kent Valley Hospital,3945.13,PO 48430,2025-11
INV-253218,2025-11-21,2025-11-20,C1018,Kent Valley Hospital,26014.82,PO 42393,2025-11
INV-253219,2025-11-21,2025-11-21,C1026,Parma Community College,14513.29,,2025-11
INV-253220,2025-11-21,2025-11-20,C1026,Parma Community College,2226.47,,2025-11
INV-253221,2025-11-21,2025-11-21,C1026,Parma Community College,3622.55,PO 45277,2025-11
INV-253222,2025-11-21,2025-11-20,C1026,Parma Community College,9383.27,,2025-11
INV-253223,2025-11-21,2025-11-20,C1032,Stark County Services,3857.97,,2025-11
INV-253224,2025-11-21,2025-11-21,C1033,Summit Healthcare Group Inc.,9361.36,,2025-11
INV-253225,2025-11-21,2025-11-21,C1035,Twinsburg Industrial Park LLC,2083.7,PO 49191,2025-11
INV-253226,2025-11-21,2025-11-21,C1035,Twinsburg Industrial Park LLC,8950.96,,2025-11
INV-253227,2025-11-21,2025-11-21,C1038,Westlake Commercial Cleaning Company,13212.54,,2025-11
INV-253228,2025-11-21,2025-11-20,C1040,Youngstown Metal Works Inc.,9656.25,,2025-11
INV-253229,2025-11-24,2025-11-23,C1003,Cardinal Hospitality Group LLC,10362.08,,2025-11
INV-253230,2025-11-24,2025-11-24,C1009,Fairlawn Public Schools,2587.12,PO 43331,2025-11
INV-253231,2025-11-24,2025-11-23,C1011,Garfield Industrial Company,3873.34,Standing order,2025-11
INV-253232,2025-11-24,2025-11-24,C1018,Kent Valley Hospital,18550.32,,2025-11
INV-253233,2025-11-24,2025-11-24,C1023,Midwest Stadium Services Inc.,7699.27,,2025-11
INV-253234,2025-11-24,2025-11-24,C1023,Midwest Stadium Services Inc.,3961.34,,2025-11
INV-253235,2025-11-24,2025-11-24,C1025,Oak Ridge Office Parks,3382.99,PO 45901,2025-11
INV-253236,2025-11-24,2025-11-23,C1026,Parma Community College,12740.09,Standing order,2025-11
INV-253237,2025-11-24,2025-11-24,C1027,Pinnacle Building Services Inc.,17838.83,,2025-11
INV-253238,2025-11-24,2025-11-24,C1030,Sandusky Marine and Supply,13435.99,PO 47217,2025-11
INV-253239,2025-11-24,2025-11-24,C1036,University Circle Services,11134.73,Standing order,2025-11
INV-253240,2025-11-24,2025-11-24,C1036,University Circle Services,6413.46,Standing order,2025-11
INV-253241,2025-11-24,2025-11-24,C1036,University Circle Services,10891.78,Standing order,2025-11
INV-253242,2025-11-24,2025-11-24,C1038,Westlake Commercial Cleaning Company,7136.91,Standing order,2025-11
INV-253243,2025-11-24,2025-11-23,C1039,Willoughby Tech Center,4634.54,PO 42820,2025-11
INV-253244,2025-11-24,2025-11-24,C1040,Youngstown Metal Works Inc.,43616.49,,2025-11
INV-253245,2025-11-25,2025-11-24,C1003,Cardinal Hospitality Group LLC,2639.15,,2025-11
INV-253246,2025-11-25,2025-11-24,C1008,Evergreen Senior Living Inc.,14345.73,,2025-11
INV-253247,2025-11-25,2025-11-24,C1010,Forest City Hotels and Resorts,23775.07,Standing order,2025-11
INV-253248,2025-11-25,2025-11-25,C1011,Garfield Industrial Company,23680.0,,2025-11
INV-253249,2025-11-25,2025-11-25,C1011,Garfield Industrial Company,9524.3,Standing order,2025-11
INV-253250,2025-11-25,2025-11-24,C1011,Garfield Industrial Company,18532.57,,2025-11
INV-253251,2025-11-25,2025-11-25,C1022,Medina Auto Group,8261.53,,2025-11
INV-253252,2025-11-25,2025-11-25,C1023,Midwest Stadium Services Inc.,20073.06,PO 42720,2025-11
INV-253253,2025-11-25,2025-11-25,C1025,Oak Ridge Office Parks,77248.85,,2025-11
INV-253254,2025-11-25,2025-11-25,C1026,Parma Community College,9540.35,Standing order,2025-11
INV-253255,2025-11-25,2025-11-25,C1030,Sandusky Marine and Supply,4782.37,,2025-11
INV-253256,2025-11-25,2025-11-25,C1036,University Circle Services,5680.32,,2025-11
INV-253257,2025-11-25,2025-11-25,C1038,Westlake Commercial Cleaning Company,8738.58,Standing order,2025-11
INV-253258,2025-11-25,2025-11-24,C1038,Westlake Commercial Cleaning Company,5680.33,,2025-11
INV-253259,2025-11-25,2025-11-25,C1038,Westlake Commercial Cleaning Company,11192.74,,2025-11
INV-253260,2025-11-25,2025-11-25,C1040,Youngstown Metal Works Inc.,13625.81,,2025-11
INV-253261,2025-11-25,2025-11-25,C1040,Youngstown Metal Works Inc.,2827.53,,2025-11
INV-253262,2025-11-26,2025-11-26,C1003,Cardinal Hospitality Group LLC,40610.78,,2025-11
INV-253263,2025-11-26,2025-11-26,C1005,Clearwater Janitorial Company,12805.7,,2025-11
INV-253264,2025-11-26,2025-11-25,C1005,Clearwater Janitorial Company,9826.56,PO 47966,2025-11
INV-253265,2025-11-26,2025-11-26,C1010,Forest City Hotels and Resorts,8534.48,,2025-11
INV-253266,2025-11-26,2025-11-26,C1011,Garfield Industrial Company,6228.19,,2025-11
INV-253267,2025-11-26,2025-11-26,C1022,Medina Auto Group,4788.77,PO 47656,2025-11
INV-253268,2025-11-26,2025-11-25,C1026,Parma Community College,18926.95,,2025-11
INV-253269,2025-11-26,2025-11-26,C1027,Pinnacle Building Services Inc.,31253.37,,2025-11
INV-253270,2025-11-26,2025-11-26,C1035,Twinsburg Industrial Park LLC,6954.65,PO 46736,2025-11
INV-253271,2025-11-26,2025-11-25,C1040,Youngstown Metal Works Inc.,9446.87,PO 48739,2025-11
INV-253272,2025-11-27,2025-11-26,C1002,Bayview Medical Center Inc.,4484.65,,2025-11
INV-253273,2025-11-27,2025-11-27,C1002,Bayview Medical Center Inc.,12398.29,,2025-11
INV-253274,2025-11-27,2025-11-27,C1008,Evergreen Senior Living Inc.,9152.0,,2025-11
INV-253275,2025-11-27,2025-11-27,C1009,Fairlawn Public Schools,3515.22,,2025-11
INV-253276,2025-11-27,2025-11-26,C1011,Garfield Industrial Company,6385.68,Standing order,2025-11
INV-253277,2025-11-27,2025-11-26,C1015,Heritage Food Services Inc.,7954.99,PO 41973,2025-11
INV-253278,2025-11-27,2025-11-26,C1023,Midwest Stadium Services Inc.,14242.9,,2025-11
INV-253279,2025-11-27,2025-11-27,C1027,Pinnacle Building Services Inc.,8764.79,,2025-11
INV-253280,2025-11-27,2025-11-26,C1030,Sandusky Marine and Supply,8842.32,PO 47431,2025-11
INV-253281,2025-11-27,2025-11-27,C1035,Twinsburg Industrial Park LLC,8216.07,Standing order,2025-11
INV-253282,2025-11-28,2025-11-28,C1002,Bayview Medical Center Inc.,12581.95,PO 40538,2025-11
INV-253283,2025-11-28,2025-11-28,C1002,Bayview Medical Center Inc.,5344.95,,2025-11
INV-253284,2025-11-28,2025-11-28,C1003,Cardinal Hospitality Group LLC,3164.61,,2025-11
INV-253285,2025-11-28,2025-11-28,C1022,Medina Auto Group,1056.46,PO 45316,2025-11
INV-253286,2025-11-28,2025-11-28,C1025,Oak Ridge Office Parks,7972.06,Standing order,2025-11
INV-253287,2025-11-28,2025-11-28,C1025,Oak Ridge Office Parks,26367.0,PO 42397,2025-11
INV-253288,2025-11-28,2025-11-28,C1027,Pinnacle Building Services Inc.,7219.05,Standing order,2025-11
INV-253289,2025-11-28,2025-11-27,C1028,Portage Cold Storage Company,4277.21,Standing order,2025-11
INV-253290,2025-11-28,2025-11-27,C1035,Twinsburg Industrial Park LLC,8418.71,,2025-11
INV-253291,2025-11-28,2025-11-28,C1036,University Circle Services,9906.53,,2025-11
INV-253292,2025-11-28,2025-11-28,C1040,Youngstown Metal Works Inc.,5591.86,,2025-11
INV-253293,2025-11-28,2025-11-28,C1040,Youngstown Metal Works Inc.,6164.02,,2025-11
INV-253294,2025-12-01,2025-11-30,C1001,Allegheny Property Management LLC,1960.81,PO 42771,2025-12
INV-253295,2025-12-01,2025-12-01,C1002,Bayview Medical Center Inc.,26331.17,,2025-12
INV-253296,2025-12-01,2025-12-01,C1003,Cardinal Hospitality Group LLC,10452.17,Standing order,2025-12
INV-253297,2025-12-01,2025-12-01,C1011,Garfield Industrial Company,22738.8,Standing order,2025-12
INV-253298,2025-12-01,2025-12-01,C1011,Garfield Industrial Company,2664.36,,2025-12
INV-253299,2025-12-01,2025-11-30,C1031,Shaker Square Retail Partners,4792.87,,2025-12
INV-253300,2025-12-01,2025-11-30,C1038,Westlake Commercial Cleaning Company,11772.26,,2025-12
INV-253301,2025-12-01,2025-12-01,C1038,Westlake Commercial Cleaning Company,6602.44,Standing order,2025-12
INV-253302,2025-12-01,2025-11-30,C1038,Westlake Commercial Cleaning Company,14657.18,,2025-12
INV-253303,2025-12-01,2025-12-01,C1040,Youngstown Metal Works Inc.,1355.71,Standing order,2025-12
INV-253304,2025-12-01,2025-12-01,C1040,Youngstown Metal Works Inc.,6692.27,,2025-12
INV-253305,2025-12-02,2025-12-01,C1002,Bayview Medical Center Inc.,9863.08,Standing order,2025-12
INV-253306,2025-12-02,2025-12-02,C1002,Bayview Medical Center Inc.,13756.23,PO 45843,2025-12
INV-253307,2025-12-02,2025-12-02,C1002,Bayview Medical Center Inc.,23011.73,,2025-12
INV-253308,2025-12-02,2025-12-02,C1003,Cardinal Hospitality Group LLC,20905.45,PO 47818,2025-12
INV-253309,2025-12-02,2025-12-02,C1008,Evergreen Senior Living Inc.,11952.77,Standing order,2025-12
INV-253310,2025-12-02,2025-12-02,C1011,Garfield Industrial Company,38421.48,,2025-12
INV-253311,2025-12-02,2025-12-01,C1011,Garfield Industrial Company,26216.19,PO 43043,2025-12
INV-253312,2025-12-02,2025-12-01,C1011,Garfield Industrial Company,19701.06,PO 42886,2025-12
INV-253313,2025-12-02,2025-12-01,C1012,Great Lakes Logistics Inc.,13290.77,PO 43892,2025-12
INV-253314,2025-12-02,2025-12-02,C1015,Heritage Food Services Inc.,32786.56,,2025-12
INV-253315,2025-12-02,2025-12-02,C1018,Kent Valley Hospital,14192.82,,2025-12
INV-253316,2025-12-02,2025-12-02,C1028,Portage Cold Storage Company,6087.31,,2025-12
INV-253317,2025-12-02,2025-12-02,C1028,Portage Cold Storage Company,18845.49,,2025-12
INV-253318,2025-12-02,2025-12-02,C1030,Sandusky Marine and Supply,12950.41,,2025-12
INV-253319,2025-12-02,2025-12-01,C1033,Summit Healthcare Group Inc.,17038.84,,2025-12
INV-253320,2025-12-02,2025-12-02,C1033,Summit Healthcare Group Inc.,4528.67,Standing order,2025-12
INV-253321,2025-12-02,2025-12-01,C1035,Twinsburg Industrial Park LLC,4668.27,Standing order,2025-12
INV-253322,2025-12-02,2025-12-02,C1036,University Circle Services,4411.82,,2025-12
INV-253323,2025-12-03,2025-12-03,C1004,Cedar Point Facility Services,8379.5,,2025-12
INV-253324,2025-12-03,2025-12-03,C1022,Medina Auto Group,6292.24,Standing order,2025-12
INV-253325,2025-12-03,2025-12-03,C1023,Midwest Stadium Services Inc.,6130.86,,2025-12
INV-253326,2025-12-03,2025-12-02,C1025,Oak Ridge Office Parks,2390.53,Standing order,2025-12
INV-253327,2025-12-03,2025-12-03,C1026,Parma Community College,9433.07,Standing order,2025-12
INV-253328,2025-12-03,2025-12-03,C1028,Portage Cold Storage Company,30601.24,,2025-12
INV-253329,2025-12-03,2025-12-02,C1029,Riverside Fitness Clubs LLC,2103.48,PO 48184,2025-12
INV-253330,2025-12-03,2025-12-03,C1031,Shaker Square Retail Partners,8894.55,Standing order,2025-12
INV-253331,2025-12-03,2025-12-03,C1035,Twinsburg Industrial Park LLC,25796.54,,2025-12
INV-253332,2025-12-04,2025-12-04,C1002,Bayview Medical Center Inc.,32442.28,PO 40205,2025-12
INV-253333,2025-12-04,2025-12-04,C1002,Bayview Medical Center Inc.,15731.89,Standing order,2025-12
INV-253334,2025-12-04,2025-12-03,C1003,Cardinal Hospitality Group LLC,40937.07,,2025-12
INV-253335,2025-12-04,2025-12-04,C1005,Clearwater Janitorial Company,3901.96,,2025-12
INV-253336,2025-12-04,2025-12-04,C1010,Forest City Hotels and Resorts,6910.37,,2025-12
INV-253337,2025-12-04,2025-12-03,C1015,Heritage Food Services Inc.,7689.65,Standing order,2025-12
INV-253338,2025-12-04,2025-12-04,C1015,Heritage Food Services Inc.,13032.16,,2025-12
INV-253339,2025-12-04,2025-12-03,C1023,Midwest Stadium Services Inc.,5122.41,,2025-12
INV-253340,2025-12-04,2025-12-04,C1030,Sandusky Marine and Supply,4116.59,,2025-12
INV-253341,2025-12-04,2025-12-04,C1030,Sandusky Marine and Supply,22643.94,,2025-12
INV-253342,2025-12-04,2025-12-04,C1033,Summit Healthcare Group Inc.,4296.66,Standing order,2025-12
INV-253343,2025-12-04,2025-12-04,C1035,Twinsburg Industrial Park LLC,7408.86,PO 44820,2025-12
INV-253344,2025-12-04,2025-12-03,C1036,University Circle Services,8274.34,,2025-12
INV-253345,2025-12-04,2025-12-04,C1040,Youngstown Metal Works Inc.,8995.24,,2025-12
INV-253346,2025-12-05,2025-12-04,C1002,Bayview Medical Center Inc.,3212.35,,2025-12
INV-253347,2025-12-05,2025-12-05,C1002,Bayview Medical Center Inc.,11321.82,,2025-12
INV-253348,2025-12-05,2025-12-05,C1002,Bayview Medical Center Inc.,47517.68,PO 48106,2025-12
INV-253349,2025-12-05,2025-12-05,C1008,Evergreen Senior Living Inc.,12948.84,,2025-12
INV-253350,2025-12-05,2025-12-04,C1011,Garfield Industrial Company,11351.93,,2025-12
INV-253351,2025-12-05,2025-12-05,C1011,Garfield Industrial Company,13045.76,,2025-12
INV-253352,2025-12-05,2025-12-05,C1012,Great Lakes Logistics Inc.,15958.44,PO 40591,2025-12
INV-253353,2025-12-05,2025-12-05,C1016,Highland Manufacturing Company,2403.77,,2025-12
INV-253354,2025-12-05,2025-12-05,C1018,Kent Valley Hospital,5149.26,Standing order,2025-12
INV-253355,2025-12-05,2025-12-04,C1025,Oak Ridge Office Parks,23647.25,,2025-12
INV-253356,2025-12-05,2025-12-05,C1026,Parma Community College,6370.36,,2025-12
INV-253357,2025-12-05,2025-12-05,C1026,Parma Community College,18008.93,PO 43722,2025-12
INV-253358,2025-12-05,2025-12-05,C1033,Summit Healthcare Group Inc.,5423.31,Standing order,2025-12
INV-253359,2025-12-05,2025-12-04,C1038,Westlake Commercial Cleaning Company,7325.32,,2025-12
INV-253360,2025-12-05,2025-12-05,C1040,Youngstown Metal Works Inc.,12703.56,,2025-12
INV-253361,2025-12-08,2025-12-08,C1002,Bayview Medical Center Inc.,10516.01,,2025-12
INV-253362,2025-12-08,2025-12-08,C1003,Cardinal Hospitality Group LLC,12304.56,,2025-12
INV-253363,2025-12-08,2025-12-08,C1011,Garfield Industrial Company,12098.92,,2025-12
INV-253364,2025-12-08,2025-12-08,C1011,Garfield Industrial Company,2421.78,PO 49624,2025-12
INV-253365,2025-12-08,2025-12-08,C1012,Great Lakes Logistics Inc.,4239.29,PO 42492,2025-12
INV-253366,2025-12-08,2025-12-08,C1015,Heritage Food Services Inc.,4991.41,,2025-12
INV-253367,2025-12-08,2025-12-08,C1015,Heritage Food Services Inc.,4626.73,Standing order,2025-12
INV-253368,2025-12-08,2025-12-08,C1023,Midwest Stadium Services Inc.,4708.64,PO 45992,2025-12
INV-253369,2025-12-08,2025-12-08,C1035,Twinsburg Industrial Park LLC,8013.49,Standing order,2025-12
INV-253370,2025-12-08,2025-12-08,C1035,Twinsburg Industrial Park LLC,22686.67,,2025-12
INV-253371,2025-12-08,2025-12-08,C1035,Twinsburg Industrial Park LLC,13095.92,,2025-12
INV-253372,2025-12-08,2025-12-08,C1038,Westlake Commercial Cleaning Company,8705.87,Standing order,2025-12
INV-253373,2025-12-08,2025-12-08,C1040,Youngstown Metal Works Inc.,6085.99,PO 40290,2025-12
INV-253374,2025-12-09,2025-12-09,C1008,Evergreen Senior Living Inc.,4571.76,PO 43592,2025-12
INV-253375,2025-12-09,2025-12-09,C1009,Fairlawn Public Schools,4632.15,,2025-12
INV-253376,2025-12-09,2025-12-09,C1011,Garfield Industrial Company,3034.23,PO 44339,2025-12
INV-253377,2025-12-09,2025-12-09,C1011,Garfield Industrial Company,19543.75,PO 46564,2025-12
INV-253378,2025-12-09,2025-12-08,C1015,Heritage Food Services Inc.,1659.31,PO 42270,2025-12
INV-253379,2025-12-09,2025-12-09,C1018,Kent Valley Hospital,7991.32,,2025-12
INV-253380,2025-12-09,2025-12-08,C1019,Lakeshore Cleaning Services Inc.,16278.33,,2025-12
INV-253381,2025-12-09,2025-12-08,C1022,Medina Auto Group,10828.84,,2025-12
INV-253382,2025-12-09,2025-12-09,C1024,North Coast Restaurants LLC,14583.1,PO 40889,2025-12
INV-253383,2025-12-09,2025-12-09,C1030,Sandusky Marine and Supply,17114.55,,2025-12
INV-253384,2025-12-09,2025-12-08,C1033,Summit Healthcare Group Inc.,16589.23,,2025-12
INV-253385,2025-12-09,2025-12-08,C1035,Twinsburg Industrial Park LLC,13595.33,PO 48545,2025-12
INV-253386,2025-12-09,2025-12-09,C1036,University Circle Services,3014.26,Standing order,2025-12
INV-253387,2025-12-09,2025-12-09,C1040,Youngstown Metal Works Inc.,11376.35,,2025-12
INV-253388,2025-12-09,2025-12-08,C1040,Youngstown Metal Works Inc.,26161.99,,2025-12
INV-253389,2025-12-09,2025-12-09,C1040,Youngstown Metal Works Inc.,6196.91,,2025-12
INV-253390,2025-12-10,2025-12-10,C1001,Allegheny Property Management LLC,4968.37,,2025-12
INV-253391,2025-12-10,2025-12-09,C1003,Cardinal Hospitality Group LLC,16377.41,Standing order,2025-12
INV-253392,2025-12-10,2025-12-10,C1005,Clearwater Janitorial Company,11696.03,,2025-12
INV-253393,2025-12-10,2025-12-10,C1008,Evergreen Senior Living Inc.,10386.44,,2025-12
INV-253394,2025-12-10,2025-12-10,C1008,Evergreen Senior Living Inc.,6507.03,PO 42931,2025-12
INV-253395,2025-12-10,2025-12-10,C1011,Garfield Industrial Company,19899.44,,2025-12
INV-253396,2025-12-10,2025-12-10,C1015,Heritage Food Services Inc.,8447.07,Standing order,2025-12
INV-253397,2025-12-10,2025-12-09,C1018,Kent Valley Hospital,10378.29,PO 45428,2025-12
INV-253398,2025-12-10,2025-12-10,C1022,Medina Auto Group,2591.45,,2025-12
INV-253399,2025-12-10,2025-12-10,C1027,Pinnacle Building Services Inc.,6831.5,PO 40169,2025-12
INV-253400,2025-12-10,2025-12-09,C1032,Stark County Services,9116.52,Standing order,2025-12
INV-253401,2025-12-10,2025-12-10,C1035,Twinsburg Industrial Park LLC,35106.11,,2025-12
INV-253402,2025-12-10,2025-12-09,C1038,Westlake Commercial Cleaning Company,12756.23,,2025-12
INV-253403,2025-12-10,2025-12-10,C1038,Westlake Commercial Cleaning Company,1470.97,,2025-12
INV-253404,2025-12-11,2025-12-11,C1002,Bayview Medical Center Inc.,9571.47,,2025-12
INV-253405,2025-12-11,2025-12-10,C1010,Forest City Hotels and Resorts,10382.55,,2025-12
INV-253406,2025-12-11,2025-12-10,C1023,Midwest Stadium Services Inc.,939.72,,2025-12
INV-253407,2025-12-11,2025-12-11,C1025,Oak Ridge Office Parks,5855.46,PO 48094,2025-12
INV-253408,2025-12-11,2025-12-11,C1028,Portage Cold Storage Company,23842.66,,2025-12
INV-253409,2025-12-11,2025-12-11,C1035,Twinsburg Industrial Park LLC,16988.82,,2025-12
INV-253410,2025-12-11,2025-12-11,C1036,University Circle Services,5536.29,Standing order,2025-12
INV-253411,2025-12-11,2025-12-11,C1040,Youngstown Metal Works Inc.,1747.1,,2025-12
INV-253412,2025-12-11,2025-12-11,C1040,Youngstown Metal Works Inc.,3732.86,,2025-12
INV-253413,2025-12-12,2025-12-11,C1002,Bayview Medical Center Inc.,1936.64,,2025-12
INV-253414,2025-12-12,2025-12-12,C1004,Cedar Point Facility Services,8891.55,PO 47269,2025-12
INV-253415,2025-12-12,2025-12-12,C1004,Cedar Point Facility Services,19433.43,,2025-12
INV-253416,2025-12-12,2025-12-12,C1010,Forest City Hotels and Resorts,31601.82,,2025-12
INV-253417,2025-12-12,2025-12-11,C1011,Garfield Industrial Company,11584.74,,2025-12
INV-253418,2025-12-12,2025-12-12,C1012,Great Lakes Logistics Inc.,20578.89,Standing order,2025-12
INV-253419,2025-12-12,2025-12-12,C1023,Midwest Stadium Services Inc.,39819.61,Standing order,2025-12
INV-253420,2025-12-12,2025-12-12,C1027,Pinnacle Building Services Inc.,5503.97,PO 43873,2025-12
INV-253421,2025-12-12,2025-12-12,C1033,Summit Healthcare Group Inc.,4448.36,,2025-12
INV-253422,2025-12-12,2025-12-11,C1035,Twinsburg Industrial Park LLC,10949.79,Standing order,2025-12
INV-253423,2025-12-12,2025-12-12,C1036,University Circle Services,8302.31,PO 44703,2025-12
INV-253424,2025-12-12,2025-12-12,C1038,Westlake Commercial Cleaning Company,6475.98,PO 40535,2025-12
INV-253425,2025-12-15,2025-12-15,C1001,Allegheny Property Management LLC,3517.58,,2025-12
INV-253426,2025-12-15,2025-12-15,C1003,Cardinal Hospitality Group LLC,6868.78,,2025-12
INV-253427,2025-12-15,2025-12-14,C1011,Garfield Industrial Company,2062.94,,2025-12
INV-253428,2025-12-15,2025-12-14,C1014,Harborview Apartments LLC,5087.85,,2025-12
INV-253429,2025-12-15,2025-12-14,C1025,Oak Ridge Office Parks,23057.26,Standing order,2025-12
INV-253430,2025-12-15,2025-12-15,C1025,Oak Ridge Office Parks,4712.87,PO 49593,2025-12
INV-253431,2025-12-15,2025-12-15,C1026,Parma Community College,11044.01,,2025-12
INV-253432,2025-12-15,2025-12-15,C1029,Riverside Fitness Clubs LLC,16585.39,Standing order,2025-12
INV-253433,2025-12-15,2025-12-15,C1033,Summit Healthcare Group Inc.,46161.42,Standing order,2025-12
INV-253434,2025-12-15,2025-12-15,C1038,Westlake Commercial Cleaning Company,5861.34,,2025-12
INV-253435,2025-12-15,2025-12-15,C1038,Westlake Commercial Cleaning Company,7102.05,Standing order,2025-12
INV-253436,2025-12-15,2025-12-15,C1040,Youngstown Metal Works Inc.,12548.8,PO 42523,2025-12
INV-253437,2025-12-15,2025-12-15,C1040,Youngstown Metal Works Inc.,14857.45,,2025-12
INV-253438,2025-12-15,2025-12-15,C1040,Youngstown Metal Works Inc.,8951.33,PO 44723,2025-12
INV-253439,2025-12-16,2025-12-16,C1011,Garfield Industrial Company,4150.0,Standing order,2025-12
INV-253440,2025-12-16,2025-12-16,C1013,Hamilton County Services,978.73,,2025-12
INV-253441,2025-12-16,2025-12-16,C1026,Parma Community College,5490.29,,2025-12
INV-253442,2025-12-16,2025-12-16,C1031,Shaker Square Retail Partners,2921.21,,2025-12
INV-253443,2025-12-16,2025-12-16,C1031,Shaker Square Retail Partners,11072.47,,2025-12
INV-253444,2025-12-16,2025-12-16,C1038,Westlake Commercial Cleaning Company,3200.61,Standing order,2025-12
INV-253445,2025-12-16,2025-12-16,C1038,Westlake Commercial Cleaning Company,19490.14,,2025-12
INV-253446,2025-12-16,2025-12-16,C1040,Youngstown Metal Works Inc.,1804.38,,2025-12
INV-253447,2025-12-16,2025-12-16,C1040,Youngstown Metal Works Inc.,9377.62,,2025-12
INV-253448,2025-12-16,2025-12-16,C1040,Youngstown Metal Works Inc.,8503.58,,2025-12
INV-253449,2025-12-16,2025-12-16,C1040,Youngstown Metal Works Inc.,10461.44,,2025-12
INV-253450,2025-12-17,2025-12-17,C1023,Midwest Stadium Services Inc.,1832.31,,2025-12
INV-253451,2025-12-17,2025-12-17,C1025,Oak Ridge Office Parks,29567.6,,2025-12
INV-253452,2025-12-17,2025-12-17,C1026,Parma Community College,2339.85,,2025-12
INV-253453,2025-12-17,2025-12-16,C1035,Twinsburg Industrial Park LLC,10987.04,,2025-12
INV-253454,2025-12-17,2025-12-17,C1036,University Circle Services,3848.25,,2025-12
INV-253455,2025-12-17,2025-12-17,C1040,Youngstown Metal Works Inc.,9774.07,,2025-12
INV-253456,2025-12-18,2025-12-18,C1002,Bayview Medical Center Inc.,2875.11,Standing order,2025-12
INV-253457,2025-12-18,2025-12-17,C1022,Medina Auto Group,3739.65,,2025-12
INV-253458,2025-12-18,2025-12-18,C1026,Parma Community College,16168.15,,2025-12
INV-253459,2025-12-18,2025-12-18,C1027,Pinnacle Building Services Inc.,10689.69,,2025-12
INV-253460,2025-12-18,2025-12-18,C1030,Sandusky Marine and Supply,29274.41,Standing order,2025-12
INV-253461,2025-12-18,2025-12-18,C1030,Sandusky Marine and Supply,11806.58,Standing order,2025-12
INV-253462,2025-12-18,2025-12-18,C1035,Twinsburg Industrial Park LLC,16546.35,PO 47861,2025-12
INV-253463,2025-12-18,2025-12-18,C1035,Twinsburg Industrial Park LLC,2407.86,PO 42267,2025-12
INV-253464,2025-12-18,2025-12-18,C1035,Twinsburg Industrial Park LLC,4066.96,Standing order,2025-12
INV-253465,2025-12-18,2025-12-17,C1038,Westlake Commercial Cleaning Company,12596.43,Standing order,2025-12
INV-253466,2025-12-18,2025-12-18,C1038,Westlake Commercial Cleaning Company,14455.19,,2025-12
INV-253467,2025-12-18,2025-12-18,C1040,Youngstown Metal Works Inc.,21767.77,,2025-12
INV-253468,2025-12-18,2025-12-18,C1040,Youngstown Metal Works Inc.,7734.59,,2025-12
INV-253469,2025-12-19,2025-12-19,C1002,Bayview Medical Center Inc.,75267.68,Standing order,2025-12
INV-253470,2025-12-19,2025-12-19,C1002,Bayview Medical Center Inc.,3532.37,Standing order,2025-12
INV-253471,2025-12-19,2025-12-19,C1002,Bayview Medical Center Inc.,20241.39,PO 44655,2025-12
INV-253472,2025-12-19,2025-12-18,C1002,Bayview Medical Center Inc.,7997.34,Standing order,2025-12
INV-253473,2025-12-19,2025-12-19,C1011,Garfield Industrial Company,1866.28,,2025-12
INV-253474,2025-12-19,2025-12-19,C1016,Highland Manufacturing Company,9589.89,Standing order,2025-12
INV-253475,2025-12-19,2025-12-19,C1018,Kent Valley Hospital,10323.76,,2025-12
INV-253476,2025-12-19,2025-12-18,C1018,Kent Valley Hospital,20717.66,,2025-12
INV-253477,2025-12-19,2025-12-18,C1025,Oak Ridge Office Parks,10312.98,,2025-12
INV-253478,2025-12-19,2025-12-18,C1025,Oak Ridge Office Parks,6121.14,Standing order,2025-12
INV-253479,2025-12-19,2025-12-19,C1027,Pinnacle Building Services Inc.,9382.71,,2025-12
INV-253480,2025-12-19,2025-12-19,C1027,Pinnacle Building Services Inc.,34911.24,Standing order,2025-12
INV-253481,2025-12-19,2025-12-19,C1029,Riverside Fitness Clubs LLC,5865.1,,2025-12
INV-253482,2025-12-19,2025-12-18,C1035,Twinsburg Industrial Park LLC,8870.01,PO 44292,2025-12
INV-253483,2025-12-19,2025-12-18,C1038,Westlake Commercial Cleaning Company,44760.08,Standing order,2025-12
INV-253484,2025-12-19,2025-12-18,C1038,Westlake Commercial Cleaning Company,14227.38,,2025-12
INV-253485,2025-12-19,2025-12-19,C1038,Westlake Commercial Cleaning Company,10976.63,Standing order,2025-12
INV-253486,2025-12-22,2025-12-22,C1010,Forest City Hotels and Resorts,5727.38,,2025-12
INV-253487,2025-12-22,2025-12-21,C1012,Great Lakes Logistics Inc.,3136.17,,2025-12
INV-253488,2025-12-22,2025-12-21,C1025,Oak Ridge Office Parks,40890.26,,2025-12
INV-253489,2025-12-22,2025-12-22,C1026,Parma Community College,3886.85,,2025-12
INV-253490,2025-12-22,2025-12-22,C1029,Riverside Fitness Clubs LLC,42306.16,Standing order,2025-12
INV-253491,2025-12-22,2025-12-21,C1029,Riverside Fitness Clubs LLC,7295.98,,2025-12
INV-253492,2025-12-22,2025-12-22,C1032,Stark County Services,19661.05,,2025-12
INV-253493,2025-12-22,2025-12-22,C1033,Summit Healthcare Group Inc.,15109.73,PO 48102,2025-12
INV-253494,2025-12-22,2025-12-22,C1038,Westlake Commercial Cleaning Company,45363.64,Standing order,2025-12
INV-253495,2025-12-22,2025-12-22,C1038,Westlake Commercial Cleaning Company,6908.1,,2025-12
INV-253496,2025-12-22,2025-12-22,C1040,Youngstown Metal Works Inc.,3019.6,Standing order,2025-12
INV-253497,2025-12-22,2025-12-22,C1040,Youngstown Metal Works Inc.,4530.11,,2025-12
INV-253498,2025-12-23,2025-12-23,C1011,Garfield Industrial Company,6823.16,,2025-12
INV-253499,2025-12-23,2025-12-22,C1012,Great Lakes Logistics Inc.,2976.84,,2025-12
INV-253500,2025-12-23,2025-12-22,C1014,Harborview Apartments LLC,6416.46,Standing order,2025-12
INV-253501,2025-12-23,2025-12-22,C1015,Heritage Food Services Inc.,3598.11,Standing order,2025-12
INV-253502,2025-12-23,2025-12-23,C1018,Kent Valley Hospital,6095.94,,2025-12
INV-253503,2025-12-23,2025-12-22,C1020,Lorain Distribution Company,6140.4,,2025-12
INV-253504,2025-12-23,2025-12-23,C1025,Oak Ridge Office Parks,3494.87,Standing order,2025-12
INV-253505,2025-12-23,2025-12-23,C1026,Parma Community College,6870.64,Standing order,2025-12
INV-253506,2025-12-23,2025-12-23,C1029,Riverside Fitness Clubs LLC,15686.56,,2025-12
INV-253507,2025-12-23,2025-12-22,C1033,Summit Healthcare Group Inc.,10838.7,Standing order,2025-12
INV-253508,2025-12-23,2025-12-22,C1035,Twinsburg Industrial Park LLC,6380.02,PO 44596,2025-12
INV-253509,2025-12-23,2025-12-23,C1038,Westlake Commercial Cleaning Company,9255.75,Standing order,2025-12
INV-253510,2025-12-24,2025-12-24,C1004,Cedar Point Facility Services,20931.19,,2025-12
INV-253511,2025-12-24,2025-12-24,C1011,Garfield Industrial Company,10799.83,Standing order,2025-12
INV-253512,2025-12-24,2025-12-23,C1011,Garfield Industrial Company,5813.57,,2025-12
INV-253513,2025-12-24,2025-12-23,C1015,Heritage Food Services Inc.,7892.37,,2025-12
INV-253514,2025-12-24,2025-12-24,C1018,Kent Valley Hospital,2902.23,,2025-12
INV-253515,2025-12-24,2025-12-24,C1026,Parma Community College,7290.53,,2025-12
INV-253516,2025-12-24,2025-12-23,C1033,Summit Healthcare Group Inc.,5282.21,,2025-12
INV-253517,2025-12-24,2025-12-24,C1035,Twinsburg Industrial Park LLC,5034.51,,2025-12
INV-253518,2025-12-24,2025-12-24,C1036,University Circle Services,27321.06,,2025-12
INV-253519,2025-12-24,2025-12-24,C1040,Youngstown Metal Works Inc.,6034.48,,2025-12
INV-253520,2025-12-25,2025-12-25,C1002,Bayview Medical Center Inc.,5573.13,,2025-12
INV-253521,2025-12-25,2025-12-24,C1003,Cardinal Hospitality Group LLC,5023.71,,2025-12
INV-253522,2025-12-25,2025-12-25,C1011,Garfield Industrial Company,7545.02,PO 40247,2025-12
INV-253523,2025-12-25,2025-12-25,C1022,Medina Auto Group,2067.2,,2025-12
INV-253524,2025-12-25,2025-12-25,C1026,Parma Community College,2542.02,,2025-12
INV-253525,2025-12-25,2025-12-24,C1031,Shaker Square Retail Partners,5072.58,Standing order,2025-12
INV-253526,2025-12-25,2025-12-24,C1035,Twinsburg Industrial Park LLC,4313.72,,2025-12
INV-253527,2025-12-25,2025-12-25,C1038,Westlake Commercial Cleaning Company,4231.84,,2025-12
INV-253528,2025-12-25,2025-12-25,C1040,Youngstown Metal Works Inc.,10245.42,,2025-12
INV-253529,2025-12-26,2025-12-26,C1001,Allegheny Property Management LLC,23908.09,Standing order,2025-12
INV-253530,2025-12-26,2025-12-26,C1002,Bayview Medical Center Inc.,2662.69,PO 42042,2025-12
INV-253531,2025-12-26,2025-12-26,C1017,Ironwood Property Services,5734.85,,2025-12
INV-253532,2025-12-26,2025-12-25,C1019,Lakeshore Cleaning Services Inc.,14803.56,,2025-12
INV-253533,2025-12-26,2025-12-26,C1022,Medina Auto Group,6736.65,,2025-12
INV-253534,2025-12-26,2025-12-25,C1022,Medina Auto Group,16152.83,,2025-12
INV-253535,2025-12-26,2025-12-26,C1026,Parma Community College,10794.08,PO 48729,2025-12
INV-253536,2025-12-26,2025-12-26,C1026,Parma Community College,3842.53,,2025-12
INV-253537,2025-12-26,2025-12-26,C1027,Pinnacle Building Services Inc.,18275.93,Standing order,2025-12
INV-253538,2025-12-26,2025-12-26,C1030,Sandusky Marine and Supply,17435.94,,2025-12
INV-253539,2025-12-26,2025-12-26,C1036,University Circle Services,13665.57,,2025-12
INV-253540,2025-12-26,2025-12-26,C1040,Youngstown Metal Works Inc.,11827.79,Standing order,2025-12
INV-253541,2025-12-29,2025-12-29,C1002,Bayview Medical Center Inc.,15495.23,,2025-12
INV-253542,2025-12-29,2026-01-02,C1002,Bayview Medical Center Inc.,55047.54,Standing order,2025-12
INV-253543,2025-12-29,2025-12-28,C1008,Evergreen Senior Living Inc.,9620.2,PO 46391,2025-12
INV-253544,2025-12-29,2025-12-28,C1011,Garfield Industrial Company,8241.01,PO 45454,2025-12
INV-253545,2025-12-29,2025-12-29,C1014,Harborview Apartments LLC,8895.72,,2025-12
INV-253546,2025-12-29,2025-12-29,C1022,Medina Auto Group,7132.02,Standing order,2025-12
INV-253547,2025-12-29,2025-12-28,C1022,Medina Auto Group,19661.5,,2025-12
INV-253548,2025-12-29,2025-12-29,C1029,Riverside Fitness Clubs LLC,4457.48,,2025-12
INV-253549,2025-12-29,2025-12-29,C1031,Shaker Square Retail Partners,3292.12,,2025-12
INV-253550,2025-12-29,2025-12-29,C1032,Stark County Services,9876.77,PO 40195,2025-12
INV-253551,2025-12-29,2025-12-29,C1038,Westlake Commercial Cleaning Company,13569.42,Standing order,2025-12
INV-253552,2025-12-29,2025-12-29,C1040,Youngstown Metal Works Inc.,18002.63,Standing order,2025-12
INV-253553,2025-12-29,2025-12-29,C1040,Youngstown Metal Works Inc.,8711.65,,2025-12
INV-253554,2025-12-30,2025-12-30,C1002,Bayview Medical Center Inc.,6164.66,,2025-12
INV-253555,2025-12-30,2025-12-29,C1003,Cardinal Hospitality Group LLC,13682.77,PO 42718,2025-12
INV-253556,2025-12-30,2025-12-30,C1005,Clearwater Janitorial Company,1317.3,Standing order,2025-12
INV-253557,2025-12-30,2025-12-30,C1010,Forest City Hotels and Resorts,53719.44,Standing order,2025-12
INV-253558,2025-12-30,2025-12-30,C1012,Great Lakes Logistics Inc.,4328.19,PO 40756,2025-12
INV-253559,2025-12-30,2026-01-05,C1014,Harborview Apartments LLC,49833.51,Standing order,2025-12
INV-253560,2025-12-30,2025-12-30,C1023,Midwest Stadium Services Inc.,7868.16,Standing order,2025-12
INV-253561,2025-12-30,2025-12-30,C1026,Parma Community College,9874.45,PO 40735,2025-12
INV-253562,2025-12-30,2025-12-30,C1027,Pinnacle Building Services Inc.,2422.43,,2025-12
INV-253563,2025-12-30,2025-12-30,C1036,University Circle Services,6026.15,,2025-12
INV-253564,2025-12-31,2025-12-31,C1002,Bayview Medical Center Inc.,1650.77,,2025-12
INV-253565,2025-12-31,2025-12-31,C1002,Bayview Medical Center Inc.,1398.77,Standing order,2025-12
INV-253566,2025-12-31,2025-12-30,C1002,Bayview Medical Center Inc.,4821.92,,2025-12
INV-253567,2025-12-31,2026-01-06,C1008,Evergreen Senior Living Inc.,53186.78,Standing order,2025-12
INV-253568,2025-12-31,2025-12-31,C1018,Kent Valley Hospital,5371.61,Standing order,2025-12
INV-253569,2025-12-31,2025-12-30,C1022,Medina Auto Group,9796.04,Standing order,2025-12
INV-253570,2025-12-31,2025-12-30,C1025,Oak Ridge Office Parks,11809.92,Standing order,2025-12
INV-253571,2025-12-31,2025-12-31,C1027,Pinnacle Building Services Inc.,2486.05,PO 40526,2025-12
INV-253572,2025-12-31,2025-12-31,C1029,Riverside Fitness Clubs LLC,9094.48,,2025-12
INV-253573,2025-12-31,2025-12-31,C1030,Sandusky Marine and Supply,11961.57,,2025-12
INV-253574,2025-12-31,2025-12-30,C1033,Summit Healthcare Group Inc.,5802.52,Standing order,2025-12
INV-253575,2025-12-31,2025-12-31,C1034,Tri-State Warehouse Company,1937.97,Standing order,2025-12
INV-253576,2025-12-31,2025-12-31,C1035,Twinsburg Industrial Park LLC,2413.04,,2025-12
INV-253577,2025-12-31,2025-12-31,C1036,University Circle Services,30039.68,Standing order,2025-12
INV-253578,2025-12-31,2025-12-31,C1038,Westlake Commercial Cleaning Company,9100.29,,2025-12
INV-253579,2025-12-31,2025-12-31,C1038,Westlake Commercial Cleaning Company,3262.66,,2025-12
INV-253580,2025-12-31,2025-12-30,C1038,Westlake Commercial Cleaning Company,6201.55,,2025-12
