Inv #,Inv Date,Ship Dt,Customer,Amount,Memo
INV-250001,2025-01-01,2025-01-01,Cedar Point Facility Services,8468.39,
INV-250002,01-Jan-25,01-Jan-25,Cedar Point Facility Services,6925.65,PO 40778
INV-250003,2025-01-01,2025-01-01,Great Lakes Logistics Inc.,"$5,923.48",
INV-250004,01/01/2025,01/01/2025,Medina Auto Group,"$12,750.83",PO 41880
INV-250005,2025-01-01,2025-01-01,Parma Community College,7116.57,Standing order
INV-250006,01/01/2025,01/01/2025,Riverside Fitness Clubs LLC,"$8,130.01",
INV-250007,2025-01-01,2025-01-01,Twinsburg Industrial Park LLC,"$2,529.16",
INV-250008,2025-01-01,2025-01-01,Youngstown Metal Works Inc.,35856.79,Standing order
INV-250009,01/01/2025,01/01/2025,Youngstown Metal Works Inc.,3273.26,PO 49092
INV-250010,01/02/2025,01/02/2025,Allegheny Property Management LLC,"$3,358.86",PO 46601
INV-250011,02-Jan-25,02-Jan-25,Allegheny Property Management LLC,17243.37,
INV-250012,02-Jan-25,01-Jan-25,Garfield Industrial Company,11797.78,
INV-250013,01/02/2025,01/02/2025,Maple Heights Facilities LLC,"$4,615.92",
INV-250014,01/02/2025,01/02/2025,Parma Community College,52843.47,Standing order
INV-250015,2025-01-02,2025-01-02,Portage Cold Storage Company,4405.27,Standing order
INV-250016,2025-01-02,2025-01-02,SANDUSKY MARINE AND SUPPLY,8716.22,
INV-250017,01/02/2025,01/02/2025,Twinsburg Industrial Park LLC,4687.75,
INV-250018,01/02/2025,01/02/2025,University Circle Services,3907.48,Standing order
INV-250019,2025-01-03,2025-01-03,Allegheny Property Management LLC,4219.54,
INV-250020,03-Jan-25,03-Jan-25,Eastgate Office Partners,3909.88,PO 42887
INV-250021,01/03/2025,01/03/2025,Forest City Hotels and Resorts,"$4,045.05",
INV-250022,01/03/2025,01/03/2025,Garfield Industrial Company,6711.77,
INV-250023,01/03/2025,01/02/2025,Great Lakes Logistics Inc.,27132.12,
INV-250024,03-Jan-25,03-Jan-25,Maple Heights Facilities LLC,"$6,484.35",Standing order
INV-250025,2025-01-03,2025-01-03,North Coast Restaurants LLC,10998.15,
INV-250026,01/03/2025,01/03/2025,Sandusky Marine & Supply,4171.10,Standing order
INV-250027,03-Jan-25,03-Jan-25,Summit Healthcare Group Inc.,2665.59,
INV-250028,01/03/2025,01/03/2025,Twinsburg Industrial Park LLC  ,"$3,543.33",
INV-250029,03-Jan-25,03-Jan-25,Twinsburg Industrial Park LLC,8715.18,
INV-250030,01/03/2025,01/03/2025,Youngstown Metal Works Inc.  ,"$6,535.52",
INV-250031,06-Jan-25,05-Jan-25,Cedar Point Facility Services,14254.52,
INV-250032,2025-01-06,2025-01-06,Evergreen Senior Living Inc.,4656.34,
INV-250033,01/06/2025,01/05/2025,Forest City Hotels and Resorts,"$6,729.72",Standing order
INV-250034,01/06/2025,01/06/2025,Great Lakes Logistics Inc.,9418.79,PO 41766
INV-250035,06-Jan-25,06-Jan-25,Great Lakes Logistics Inc.,8699.10,Standing order
INV-250036,06-Jan-25,06-Jan-25,Great Lakes Logistics Inc.,5228.45,
INV-250037,06-Jan-25,06-Jan-25,Heritage Food Services Inc.,5782.09,
INV-250038,01/06/2025,01/06/2025,Medina Auto Group,"$25,244.47",
INV-250039,06-Jan-25,05-Jan-25,Midwest Stadium Services Inc.,"$17,207.49",
INV-250040,01/06/2025,01/06/2025,Summit Healthcare Group Inc.,6890.36,Standing order
INV-250041,2025-01-06,2025-01-06,Summit Healthcare Group Inc.,4245.76,
INV-250042,2025-01-06,2025-01-06,WESTLAKE COMMERCIAL CLEANING COMPANY,18713.04,
INV-250043,06-Jan-25,06-Jan-25,Westlake Commercial Cleaning Company,"$21,787.29",
INV-250044,01/06/2025,01/06/2025,Youngstown Metal Works Inc.,"$2,440.39",
INV-250045,01/07/2025,01/06/2025,Clearwater Janitorial Company,8948.18,
INV-250046,01/07/2025,01/07/2025,Eastgate Office Partners,6457.80,
INV-250047,01/07/2025,01/06/2025,Garfield Industrial Company,11772.19,PO 47119
INV-250048,01/07/2025,01/07/2025,Great Lakes Logistics Inc.,3815.19,Standing order
INV-250049,01/07/2025,01/07/2025,Heritage Food Services Inc.,7471.40,PO 49704
INV-250050,01/07/2025,01/06/2025,Kent Valley Hospital,8689.98,
INV-250051,01/07/2025,01/07/2025,Lorain Distribution Company,8879.44,
INV-250052,2025-01-07,2025-01-07,Midwest Stadium Services Inc.,"$1,518.13",PO 47385
INV-250053,01/07/2025,01/07/2025,Summit Healthcare Group Inc.,"$4,145.42",PO 48973
INV-250054,07-Jan-25,07-Jan-25,Twinsburg Industrial Park LLC,2271.59,
INV-250055,2025-01-07,2025-01-06,Westlake Commercial Cleaning Company,11445.30,
INV-250056,2025-01-07,2025-01-07,Youngstown Metal Works Inc.,"$4,700.11",
INV-250057,08-Jan-25,07-Jan-25,Cedar Point Facility Services,11863.48,
INV-250058,2025-01-08,2025-01-08,Great Lakes Logistics Inc.  ,1657.74,Standing order
INV-250059,08-Jan-25,08-Jan-25,Midwest Stadium Services Inc.  ,4784.95,
INV-250060,01/08/2025,01/08/2025,Portage Cold Storage Company,"$4,472.41",
INV-250061,01/09/2025,01/08/2025,Bayview Medical Center Inc.,"$14,659.49",
INV-250062,09-Jan-25,09-Jan-25,Garfield Industrial Company,4471.64,
INV-250063,01/09/2025,01/09/2025,Great Lakes Logistics Inc.,10583.11,
INV-250064,01/09/2025,01/09/2025,Lakeshore Cleaning Services Inc.  ,3817.40,Standing order
INV-250065,2025-01-09,2025-01-08,Medina Auto Group,3293.29,
INV-250066,09-Jan-25,09-Jan-25,Medina Auto Group  ,17648.28,
INV-250067,01/09/2025,01/09/2025,Midwest Stadium Services Inc.,12396.75,
INV-250068,01/09/2025,01/08/2025,Portage Cold Storage Company,"$3,328.24",PO 43552
INV-250069,09-Jan-25,08-Jan-25,Sandusky Marine and Supply,8103.86,PO 40153
INV-250070,09-Jan-25,08-Jan-25,Summit Healthcare Group Inc.,9239.03,
INV-250071,01/09/2025,01/08/2025,Westlake Commercial Cleaning Company,"$18,398.18",Standing order
INV-250072,09-Jan-25,08-Jan-25,Youngstown Metal Works Inc.,29457.71,
INV-250073,10-Jan-25,09-Jan-25,Bayview Medical Center Inc.,"$22,808.07",
INV-250074,2025-01-10,2025-01-09,Cardinal Hospitality Group LLC,6430.98,
INV-250075,01/10/2025,01/10/2025,GREAT LAKES LOGISTICS INC.,5464.63,Standing order
INV-250076,10-Jan-25,10-Jan-25,Lorain Distribution Company,9945.12,PO 41171
INV-250077,2025-01-10,2025-01-09,Medina Auto Group,"$16,147.91",Standing order
INV-250078,01/10/2025,01/10/2025,Parma Community College  ,"$5,613.54",Standing order
INV-250079,2025-01-10,2025-01-10,Riverside Fitness Clubs LLC,"$12,220.15",Standing order
INV-250080,01/10/2025,01/10/2025,Sandusky Marine and Supply,17372.25,
INV-250081,10-Jan-25,10-Jan-25,Summit Healthcare Group Inc.,25812.31,
INV-250082,10-Jan-25,09-Jan-25,TWINSBURG INDUSTRIAL PARK LLC,4987.71,
INV-250083,10-Jan-25,10-Jan-25,Twinsburg Industrial Park LLC,"$4,367.99",
INV-250084,2025-01-10,2025-01-10,Youngstown Metal Works Inc.,16946.03,Standing order
INV-250085,01/10/2025,01/09/2025,Youngstown Metal Works Inc.  ,"$3,795.79",
INV-250086,13-Jan-25,12-Jan-25,Cardinal Hospitality Group LLC,"$2,624.22",Standing order
INV-250087,13-Jan-25,12-Jan-25,Garfield Industrial Company,8579.60,
INV-250088,13-Jan-25,13-Jan-25,Garfield Industrial Company,10606.51,Standing order
INV-250089,13-Jan-25,13-Jan-25,MEDINA AUTO GROUP,2122.28,PO 42546
INV-250090,01/13/2025,01/12/2025,Medina Auto Group,5220.72,
INV-250091,2025-01-13,2025-01-12,Oak Ridge Office Parks,24054.40,PO 45329
INV-250092,2025-01-13,2025-01-13,Oak Ridge Office Parks,1631.28,
INV-250093,13-Jan-25,13-Jan-25,Parma Community College,"$16,909.70",
INV-250094,13-Jan-25,13-Jan-25,Pinnacle Building Services Inc.,"$3,928.81",
INV-250095,13-Jan-25,12-Jan-25,Portage Cold Storage Company,8911.69,
INV-250096,13-Jan-25,13-Jan-25,Riverside Fitness Clubs LLC,8586.61,PO 44436
INV-250097,13-Jan-25,13-Jan-25,Twinsburg Industrial Park LLC,7252.45,
INV-250098,01/13/2025,01/13/2025,University Circle Services,"$9,544.87",
INV-250099,2025-01-13,2025-01-13,University Circle Services,2745.28,
INV-250100,01/14/2025,01/14/2025,Allegheny Property Management LLC,10172.50,PO 46328
INV-250101,01/14/2025,01/14/2025,Cardinal Hospitality Group LLC,"$4,387.90",
INV-250102,2025-01-14,2025-01-14,Evergreen Senior Living Inc.  ,"$5,605.22",
INV-250103,01/14/2025,01/13/2025,Garfield Industrial Company,6382.53,PO 48606
INV-250104,2025-01-14,2025-01-14,Garfield Industrial Co.,19894.71,PO 49888
INV-250105,14-Jan-25,14-Jan-25,Garfield Industrial Company,46708.51,Standing order
INV-250106,2025-01-14,2025-01-14,Oak Ridge Office Parks,5150.87,Standing order
INV-250107,01/14/2025,01/14/2025,Pinnacle Building Services Inc.,12808.91,
INV-250108,01/14/2025,01/14/2025,Portage Cold Storage Company,4090.73,
INV-250109,14-Jan-25,13-Jan-25,Shaker Square Retail Partners,10460.10,Standing order
INV-250110,01/15/2025,01/15/2025,Allegheny Property Management LLC,2423.79,
INV-250111,15-Jan-25,15-Jan-25,Bayview Medical Center Inc.,10826.04,
INV-250112,2025-01-15,2025-01-14,Cardinal Hospitality Group LLC,7909.99,Standing order
INV-250113,15-Jan-25,15-Jan-25,Cedar Point Facility Svcs,7137.28,PO 44261
INV-250114,15-Jan-25,15-Jan-25,Medina Auto Group,"$10,856.95",
INV-250115,01/15/2025,01/15/2025,Oak Ridge Office Parks,11112.45,Standing order
INV-250116,2025-01-15,2025-01-15,Parma Community College,15978.23,
INV-250117,01/15/2025,01/15/2025,Parma Community College,"$11,355.84",Standing order
INV-250118,15-Jan-25,15-Jan-25,Summit Healthcare Group Inc.,"$13,354.82",PO 47700
INV-250119,2025-01-15,2025-01-15,Tri-State Warehouse Company,"$20,269.28",PO 47397
INV-250120,01/15/2025,01/14/2025,Twinsburg Industrial Park LLC,"$4,649.66",
INV-250121,2025-01-15,2025-01-15,Twinsburg Industrial Park LLC,2202.12,Standing order
INV-250122,2025-01-15,2025-01-15,Twinsburg Industrial Park LLC,2650.18,
INV-250123,15-Jan-25,15-Jan-25,Twinsburg Industrial Park LLC,"$2,280.61",
INV-250124,15-Jan-25,15-Jan-25,Westlake Commercial Cleaning Company,"$2,897.23",
INV-250125,15-Jan-25,14-Jan-25,Youngstown Metal Works Inc.,24072.31,
INV-250126,01/15/2025,01/15/2025,Youngstown Metal Works Inc.,13867.33,
INV-250127,15-Jan-25,14-Jan-25,Youngstown Metal Works Inc.,7339.67,Standing order
INV-250128,01/16/2025,01/16/2025,Cedar Point Facility Svcs,"$24,627.54",PO 41510
INV-250129,2025-01-16,2025-01-15,Evergreen Senior Living Inc.,"$30,376.96",Standing order
INV-250130,2025-01-16,2025-01-16,Ironwood Property Services,12134.09,
INV-250131,01/16/2025,01/16/2025,Midwest Stadium Services Inc.,"$18,233.48",PO 47767
INV-250132,16-Jan-25,16-Jan-25,Parma Community College,7174.39,PO 48523
INV-250133,16-Jan-25,16-Jan-25,Riverside Fitness Clubs LLC,2401.28,
INV-250134,01/16/2025,01/16/2025,Summit Healthcare Group Inc.,21278.10,
INV-250135,01/16/2025,01/16/2025,Twinsburg Industrial Park LLC,6859.45,PO 47811
INV-250136,2025-01-16,2025-01-15,Westlake Commercial Cleaning Company,4412.52,
INV-250137,2025-01-16,2025-01-16,Youngstown Metal Works Inc.,"$3,678.97",
INV-250138,17-Jan-25,17-Jan-25,Allegheny Property Management LLC,45314.81,
INV-250139,2025-01-17,2025-01-16,Bayview Medical Center Inc.,"$4,609.96",PO 44153
INV-250140,01/17/2025,01/17/2025,Bayview Medical Center Inc.,8928.98,
INV-250141,17-Jan-25,17-Jan-25,Evergreen Senior Living Inc.,13073.14,
INV-250142,01/17/2025,01/17/2025,Great Lakes Logistics Inc.,14668.54,Standing order
INV-250143,17-Jan-25,17-Jan-25,Great Lakes Logistics Inc.,35392.58,PO 44100
INV-250144,2025-01-17,2025-01-17,Great Lakes Logistics Inc.,"$8,310.05",
INV-250145,17-Jan-25,17-Jan-25,Heritage Food Services Inc.,"$8,027.60",
INV-250146,2025-01-17,2025-01-17,Midwest Stadium Services Inc.  ,12243.94,Standing order
INV-250147,17-Jan-25,17-Jan-25,Midwest Stadium Services Inc.,"$7,393.15",
INV-250148,17-Jan-25,17-Jan-25,Riverside Fitness Clubs LLC,7833.29,PO 44022
INV-250149,17-Jan-25,17-Jan-25,Tri-State Warehouse Co.,"$5,775.88",PO 46750
INV-250150,20-Jan-25,20-Jan-25,Bayview Medical Center Inc.,9035.53,
INV-250151,20-Jan-25,20-Jan-25,Evergreen Senior Living Inc.,"$14,997.53",PO 41367
INV-250152,20-Jan-25,20-Jan-25,Garfield Industrial Company,4844.66,
INV-250153,2025-01-20,2025-01-20,Great Lakes Logistics Inc.,"$8,093.26",
INV-250154,20-Jan-25,20-Jan-25,Ironwood Property Services,"$11,066.95",
INV-250155,2025-01-20,2025-01-19,Ironwood Property Services,3886.49,PO 44968
INV-250156,01/20/2025,01/20/2025,Parma Community College,3545.83,Standing order
INV-250157,20-Jan-25,19-Jan-25,Riverside Fitness Clubs LLC,"$5,433.98",Standing order
INV-250158,20-Jan-25,20-Jan-25,Twinsburg Industrial Park LLC,29327.17,PO 43524
INV-250159,2025-01-20,2025-01-19,Twinsburg Industrial Park,6500.76,Standing order
INV-250160,2025-01-20,2025-01-20,Twinsburg Industrial Park LLC,12412.57,
INV-250161,20-Jan-25,19-Jan-25,University Circle Services,"$8,561.39",Standing order
INV-250162,01/20/2025,01/20/2025,University Circle Services,"$1,643.74",PO 41769
INV-250163,20-Jan-25,20-Jan-25,University Circle Services,"$49,587.31",
INV-250164,20-Jan-25,20-Jan-25,Westlake Commercial Cleaning Company,8755.90,
INV-250165,20-Jan-25,19-Jan-25,Youngstown Metal Works Inc.,11074.81,Standing order
INV-250166,20-Jan-25,19-Jan-25,YOUNGSTOWN METAL WORKS INC.,18116.93,PO 41820
INV-250167,01/20/2025,01/20/2025,Youngstown Metal Works Inc.,10495.28,
INV-250168,21-Jan-25,21-Jan-25,Bayview Medical Center Inc.,4678.94,
INV-250169,01/21/2025,01/21/2025,Cardinal Hospitality Group LLC,"$12,641.84",
INV-250170,2025-01-21,2025-01-20,Delmar Janitorial Services LLC,1943.76,
INV-250171,01/21/2025,01/20/2025,Delmar Janitorial Services LLC,1705.83,
INV-250172,01/21/2025,01/21/2025,GREAT LAKES LOGISTICS INC.,"$13,901.28",PO 43994
INV-250173,21-Jan-25,21-Jan-25,Maple Heights Facilities LLC,9842.91,
INV-250174,2025-01-21,2025-01-21,Medina Auto Group,5321.78,
INV-250175,2025-01-21,2025-01-21,Midwest Stadium Services Inc.,12095.12,
INV-250176,01/21/2025,01/21/2025,Parma Community College,2963.58,PO 49313
INV-250177,01/21/2025,01/21/2025,Westlake Commercial Cleaning Company,29375.08,PO 41202
INV-250178,01/21/2025,01/21/2025,Westlake Commercial Cleaning Company,"$3,792.46",
INV-250179,2025-01-21,2025-01-20,Youngstown Metal Works Inc.,8783.22,
INV-250180,01/21/2025,01/21/2025,Youngstown Metal Works Inc.,"$2,947.38",
INV-250181,2025-01-22,2025-01-22,Garfield Industrial Company,"$11,178.53",PO 43000
INV-250182,22-Jan-25,22-Jan-25,Great Lakes Logistics Inc.,5824.77,PO 47127
INV-250183,22-Jan-25,21-Jan-25,Kent Valley Hospital,11895.10,
INV-250184,2025-01-22,2025-01-22,Midwest Stadium Services Inc.,5112.63,PO 46790
INV-250185,2025-01-22,2025-01-21,Sandusky Marine and Supply,"$1,972.11",PO 43800
INV-250186,22-Jan-25,22-Jan-25,Twinsburg Industrial Park LLC,3406.38,
INV-250187,22-Jan-25,22-Jan-25,Youngstown Metal Works Inc.,13501.22,
INV-250188,23-Jan-25,23-Jan-25,Bayview Medical Center Inc.,"$7,408.19",
INV-250189,01/23/2025,01/23/2025,Kent Valley Hospital,27327.24,PO 44373
INV-250190,2025-01-23,2025-01-23,Medina Auto Group,2650.07,
INV-250191,23-Jan-25,23-Jan-25,Midwest Stadium Services Inc.,4625.97,
INV-250192,23-Jan-25,22-Jan-25,Parma Community College,12018.49,
INV-250193,01/23/2025,01/23/2025,Parma Community College,13809.59,PO 41389
INV-250194,01/23/2025,01/23/2025,Sandusky Marine and Supply,15235.37,
INV-250195,01/23/2025,01/23/2025,Stark County Services,1738.25,
INV-250196,2025-01-23,2025-01-23,Twinsburg Industrial Park LLC,4357.46,
INV-250197,23-Jan-25,23-Jan-25,Westlake Commercial Cleaning Company,6088.08,
INV-250198,23-Jan-25,23-Jan-25,Westlake Commercial Cleaning Company,"$12,621.91",Standing order
INV-250199,2025-01-23,2025-01-23,Westlake Commercial Cleaning Company,"$9,184.00",PO 40505
INV-250200,23-Jan-25,23-Jan-25,Westlake Commercial Cleaning Company,6106.50,
INV-250201,01/24/2025,01/23/2025,Bayview Medical Center Inc.,7500.44,
INV-250202,01/24/2025,01/24/2025,Bayview Medical Center Inc.,2906.30,
INV-250203,2025-01-24,2025-01-24,Evergreen Senior Living Inc.,4105.35,Standing order
INV-250204,24-Jan-25,24-Jan-25,Garfield Industrial Company,"$5,472.79",
INV-250205,01/24/2025,01/24/2025,Garfield Industrial Company,"$2,903.07",
INV-250206,24-Jan-25,23-Jan-25,Great Lakes Logistics Inc.,31283.20,Standing order
INV-250207,2025-01-24,2025-01-23,Harborview Apartments LLC,"$5,190.44",
INV-250208,2025-01-24,2025-01-23,Highland Manufacturing Company,"$25,190.76",
INV-250209,01/24/2025,01/24/2025,Parma Community College,5558.88,
INV-250210,24-Jan-25,24-Jan-25,Parma Community College,"$8,811.52",Standing order
INV-250211,2025-01-24,2025-01-24,Parma Community College,5407.16,
INV-250212,2025-01-24,2025-01-24,Sandusky Marine and Supply,24197.35,PO 41348
INV-250213,24-Jan-25,24-Jan-25,Sandusky Marine and Supply,8571.08,
INV-250214,01/24/2025,01/23/2025,Shaker Square Retail Partners,18332.49,
INV-250215,01/24/2025,01/24/2025,Twinsburg Industrial Park LLC,"$11,212.59",Standing order
INV-250216,2025-01-24,2025-01-23,Westlake Commercial Cleaning Company,5034.25,
INV-250217,01/24/2025,01/24/2025,Westlake Commercial Cleaning Company,17200.26,
INV-250218,2025-01-24,2025-01-24,Youngstown Metal Works Inc.,"$32,472.58",
INV-250219,2025-01-27,2025-01-27,Clearwater Janitorial Company,7869.01,Standing order
INV-250220,01/27/2025,01/27/2025,Great Lakes Logistics Inc.,5214.81,PO 49356
INV-250221,01/27/2025,01/27/2025,Harborview Apartments LLC,11064.25,
INV-250222,2025-01-27,2025-01-27,Kent Valley Hospital,17982.84,
INV-250223,01/27/2025,01/27/2025,Oak Ridge Office Parks,"$15,649.25",
INV-250224,27-Jan-25,27-Jan-25,Pinnacle Building Services Inc.,5704.17,Standing order
INV-250225,27-Jan-25,26-Jan-25,Portage Cold Storage Company,5001.44,PO 47879
INV-250226,01/27/2025,01/27/2025,PORTAGE COLD STORAGE COMPANY,"$18,923.92",Standing order
INV-250227,27-Jan-25,26-Jan-25,Portage Cold Storage Company,"$3,546.32",
INV-250228,01/27/2025,01/27/2025,Summit Healthcare Group Inc.,"$3,486.15",
INV-250229,01/27/2025,01/27/2025,Twinsburg Industrial Park LLC,5432.52,PO 41105
INV-250230,01/27/2025,01/27/2025,University Circle Services  ,3444.66,
INV-250231,27-Jan-25,27-Jan-25,Westlake Commercial Cleaning Company,6887.42,
INV-250232,01/27/2025,01/26/2025,Youngstown Metal Works Inc.,13066.97,
INV-250233,2025-01-27,2025-01-27,Youngstown Metal Works Inc.,3598.08,
INV-250234,01/28/2025,01/28/2025,Bayview Medical Center Inc.,"$6,174.47",
INV-250235,2025-01-28,2025-01-28,Bayview Medical Center,3023.27,
INV-250236,01/28/2025,01/28/2025,Garfield Industrial Company,10177.08,
INV-250237,28-Jan-25,28-Jan-25,Great Lakes Logistics,11706.42,
INV-250238,28-Jan-25,28-Jan-25,Medina Auto Group,4851.65,
INV-250239,2025-01-28,2025-01-28,Medina Auto Group  ,9537.38,
INV-250240,28-Jan-25,28-Jan-25,MIDWEST STADIUM SERVICES INC.,8861.96,
INV-250241,2025-01-28,2025-01-28,Oak Ridge Office Parks,9594.64,Standing order
INV-250242,28-Jan-25,27-Jan-25,Parma Community College,"$13,921.52",PO 42952
INV-250243,2025-01-28,2025-01-27,Parma Community College,54893.82,
INV-250244,2025-01-28,2025-01-28,Pinnacle Building Services Inc.,"$14,737.98",
INV-250245,28-Jan-25,28-Jan-25,Sandusky Marine and Supply,5930.67,
INV-250246,01/28/2025,01/27/2025,Twinsburg Industrial Park LLC,3744.59,
INV-250247,01/28/2025,01/27/2025,Twinsburg Industrial Park LLC,6969.08,
INV-250248,01/28/2025,01/27/2025,Westlake Commercial Cleaning Company,"$2,828.37",
INV-250249,2025-01-28,2025-01-28,Westlake Commercial Cleaning Company,5171.75,Standing order
INV-250250,01/29/2025,01/29/2025,Bayview Medical Center Inc.,"$5,134.16",Standing order
INV-250251,29-Jan-25,29-Jan-25,CARDINAL HOSPITALITY GROUP LLC,6379.52,
INV-250252,01/29/2025,01/29/2025,Evergreen Senior Living Inc.,4804.06,Standing order
INV-250253,29-Jan-25,28-Jan-25,Evergreen Senior Living Inc.,3147.06,PO 40721
INV-250254,29-Jan-25,28-Jan-25,Garfield Industrial Company,2186.96,Standing order
INV-250255,01/29/2025,01/29/2025,Great Lakes Logistics Inc.,"$10,090.62",
INV-250256,01/29/2025,01/29/2025,Heritage Food Services Inc.,1602.99,
INV-250257,29-Jan-25,29-Jan-25,Kent Valley Hospital,2880.91,
INV-250258,01/29/2025,01/28/2025,Lakeshore Cleaning Services Inc.,3061.97,
INV-250259,2025-01-29,2025-01-29,Lakeshore Cleaning Services Inc.,4981.00,
INV-250260,01/29/2025,01/29/2025,North Coast Restaurants LLC,14157.17,
INV-250261,01/29/2025,01/29/2025,Oak Ridge Office Parks,"$4,266.81",Standing order
INV-250262,01/29/2025,01/29/2025,Sandusky Marine and Supply,8109.70,
INV-250263,29-Jan-25,29-Jan-25,Twinsburg Industrial Park LLC,20092.47,
INV-250264,01/29/2025,01/29/2025,Twinsburg Industrial Park LLC,6321.56,Standing order
INV-250265,01/29/2025,01/29/2025,Westlake Commercial Cleaning Company,14896.12,PO 46544
INV-250266,29-Jan-25,28-Jan-25,Westlake Commercial Cleaning Company,"$2,557.85",Standing order
INV-250267,01/29/2025,01/28/2025,Youngstown Metal Works Inc.,"$3,479.79",
INV-250268,2025-01-30,2025-01-29,Allegheny Property Management LLC,12407.62,
INV-250269,2025-01-30,2025-01-30,Bayview Medical Center Inc.,"$6,475.44",Standing order
INV-250270,01/30/2025,01/30/2025,Bayview Medical Center Inc.,"$5,549.95",
INV-250271,30-Jan-25,30-Jan-25,Bayview Medical Center Inc.,"$5,308.31",
INV-250272,30-Jan-25,30-Jan-25,Cardinal Hospitality Group LLC,6375.22,
INV-250273,01/30/2025,01/30/2025,Cardinal Hospitality Group LLC,1627.21,PO 40448
INV-250274,30-Jan-25,29-Jan-25,Clearwater Janitorial Company,4859.96,
INV-250275,2025-01-30,2025-01-29,Evergreen Senior Living Inc.,5713.76,Standing order
INV-250276,2025-01-30,2025-01-30,Great Lakes Logistics Inc.  ,5039.16,
INV-250277,01/30/2025,01/30/2025,Harborview Apartments LLC,6297.80,
INV-250278,30-Jan-25,30-Jan-25,Harborview Apartments LLC,"$7,044.91",
INV-250279,01/30/2025,01/29/2025,Medina Auto Group,"$10,572.37",Standing order
INV-250280,30-Jan-25,30-Jan-25,Midwest Stadium Services Inc.,"$13,907.02",
INV-250281,01/30/2025,01/29/2025,Sandusky Marine and Supply,18646.61,
INV-250282,2025-01-30,2025-01-30,Youngstown Metal Works Inc.,14480.42,
INV-250283,2025-01-31,2025-01-30,Eastgate Office Partners,1772.94,
INV-250284,31-Jan-25,31-Jan-25,Stark County Services,10622.68,
INV-250285,31-Jan-25,31-Jan-25,University Circle Services,2180.12,Standing order
INV-250286,01/31/2025,01/31/2025,Willoughby Tech Center,"$15,184.55",PO 46051
INV-250287,31-Jan-25,30-Jan-25,Youngstown Metal Works Inc.,2630.27,
INV-250288,31-Jan-25,31-Jan-25,Youngstown Metal Works Inc.,13375.24,Standing order
,,,Subtotal - Jan 2025,"$2,857,499.68",
INV-250289,2025-02-03,2025-02-02,Bayview Medical Center Inc.,"$8,516.05",
INV-250290,2025-02-03,2025-02-03,BAYVIEW MEDICAL CENTER INC.,19988.13,
INV-250291,03-Feb-25,02-Feb-25,Delmar Janitorial Services LLC,5883.73,
INV-250292,03-Feb-25,03-Feb-25,Evergreen Senior Living Inc.,"$8,010.54",
INV-250293,02/03/2025,02/03/2025,Garfield Industrial Company,"$14,558.21",
INV-250294,02/03/2025,02/02/2025,Harborview Apartments LLC,14096.89,Standing order
INV-250295,02/03/2025,02/03/2025,Harborview Apartments LLC,5508.69,Standing order
INV-250296,03-Feb-25,02-Feb-25,Kent Valley Hospital,10689.26,Standing order
INV-250297,03-Feb-25,03-Feb-25,Midwest Stadium Services Inc.,"$8,427.52",
INV-250298,02/03/2025,02/03/2025,North Coast Restaurants LLC,11215.15,
INV-250299,2025-02-03,2025-02-02,Oak Ridge Office Parks,28177.97,PO 48140
INV-250300,02/03/2025,02/03/2025,Shaker Square Retail Partners,14918.49,Standing order
INV-250301,02/03/2025,02/03/2025,University Circle Services,39198.00,
INV-250302,02/03/2025,02/03/2025,Westlake Commercial Cleaning Co.,10662.83,Standing order
INV-250303,2025-02-03,2025-02-03,Westlake Commercial Cleaning Company,6162.87,Standing order
INV-250304,02/03/2025,02/03/2025,Westlake Commercial Cleaning Company  ,"$13,805.16",Standing order
INV-250305,02/04/2025,02/04/2025,Bayview Medical Center Inc.,"$17,514.69",
INV-250306,2025-02-04,2025-02-03,Cardinal Hospitality Group LLC,"$9,675.27",Standing order
INV-250307,02/04/2025,02/04/2025,EASTGATE OFFICE PARTNERS,17020.52,
INV-250308,04-Feb-25,04-Feb-25,Evergreen Senior Living Inc.,"$15,688.90",
INV-250309,02/04/2025,02/04/2025,Kent Valley Hospital,32504.44,Standing order
INV-250310,04-Feb-25,03-Feb-25,Parma Community College,23390.36,PO 41783
INV-250311,2025-02-04,2025-02-04,Stark County Services,11239.81,
INV-250312,04-Feb-25,04-Feb-25,Summit Healthcare Group Inc.,12870.38,Standing order
INV-250313,02/04/2025,02/04/2025,Youngstown Metal Works Inc.,"$5,274.88",
INV-250314,2025-02-05,2025-02-05,Harborview Apartments LLC,5759.32,
INV-250315,02/05/2025,02/05/2025,Harborview Apartments LLC,1645.65,
INV-250316,2025-02-05,2025-02-05,Midwest Stadium Services Inc.,"$7,672.55",Standing order
INV-250317,02/05/2025,02/04/2025,SANDUSKY MARINE AND SUPPLY,"$6,336.75",
INV-250318,2025-02-05,2025-02-05,Twinsburg Industrial Park LLC,"$17,794.76",PO 45129
INV-250319,05-Feb-25,05-Feb-25,Westlake Commercial Cleaning Company,"$2,263.67",PO 47963
INV-250320,02/05/2025,02/05/2025,Westlake Commercial Cleaning Company,7284.07,PO 46683
INV-250321,2025-02-06,2025-02-05,Bayview Medical Center Inc.,9847.46,
INV-250322,06-Feb-25,06-Feb-25,Bayview Medical Center Inc.,18729.89,Standing order
INV-250323,06-Feb-25,06-Feb-25,Bayview Medical Center Inc.,1032.24,
INV-250324,2025-02-06,2025-02-06,Evergreen Senior Living Inc.,24389.25,
INV-250325,2025-02-06,2025-02-06,Great Lakes Logistics Inc.,5866.93,
INV-250326,2025-02-06,2025-02-06,Parma Community College,27092.49,Standing order
INV-250327,02/06/2025,02/05/2025,Pinnacle Building Services Inc.,7527.77,
INV-250328,06-Feb-25,06-Feb-25,Riverside Fitness Clubs LLC  ,"$3,328.20",
INV-250329,02/06/2025,02/06/2025,University Circle Services,"$12,334.45",PO 40225
INV-250330,2025-02-06,2025-02-05,Youngstown Metal Works Inc.,52176.39,
INV-250331,2025-02-06,2025-02-05,Youngstown Metal Works Inc.,12819.79,Standing order
INV-250332,2025-02-06,2025-02-06,Youngstown Metal Works Inc.,5745.71,
INV-250333,07-Feb-25,07-Feb-25,Eastgate Office Partners,22764.64,
INV-250334,2025-02-07,2025-02-06,GARFIELD INDUSTRIAL COMPANY,20117.71,PO 48441
INV-250335,2025-02-07,2025-02-07,Garfield Industrial Company,6427.56,
INV-250336,07-Feb-25,07-Feb-25,Great Lakes Logistics Inc.,"$7,867.40",
INV-250337,07-Feb-25,07-Feb-25,Great Lakes Logistics,6583.49,
INV-250338,02/07/2025,02/07/2025,Highland Manufacturing Company,"$4,500.47",
INV-250339,2025-02-07,2025-02-06,Lorain Distribution Company,"$14,612.56",PO 45263
INV-250340,07-Feb-25,06-Feb-25,Parma Community College,1313.11,PO 40348
INV-250341,02/07/2025,02/07/2025,Sandusky Marine and Supply,4263.52,
INV-250342,02/07/2025,02/07/2025,Shaker Square Retail Partners,21467.89,
INV-250343,07-Feb-25,07-Feb-25,Tri-State Warehouse Company,"$17,812.70",
INV-250344,02/07/2025,02/07/2025,Twinsburg Industrial Park LLC,16320.78,Standing order
INV-250345,02/07/2025,02/07/2025,Willoughby Tech Center,"$8,203.10",Standing order
INV-250346,2025-02-10,2025-02-10,Delmar Janitorial Services LLC,5563.14,
INV-250347,02/10/2025,02/10/2025,Great Lakes Logistics Inc.,23726.81,
INV-250348,2025-02-10,2025-02-09,Great Lakes Logistics Inc.,"$6,774.01",
INV-250349,2025-02-10,2025-02-10,Kent Valley Hospital,3925.87,PO 43991
INV-250350,2025-02-10,2025-02-09,Oak Ridge Office Parks,"$35,818.62",
INV-250351,02/10/2025,02/10/2025,Parma Community College,"$5,387.92",
INV-250352,10-Feb-25,09-Feb-25,Sandusky Marine & Supply,"$3,366.86",PO 43084
INV-250353,02/10/2025,02/09/2025,Westlake Commercial Cleaning Co.,5190.18,
INV-250354,2025-02-10,2025-02-10,Youngstown Metal Works Inc.,12893.19,
INV-250355,2025-02-11,2025-02-10,Bayview Medical Center Inc.,"$9,319.51",PO 49945
INV-250356,2025-02-11,2025-02-11,Cedar Point Facility Services,9542.77,
INV-250357,02/11/2025,02/10/2025,Cedar Point Facility Services,"$23,564.97",
INV-250358,11-Feb-25,11-Feb-25,Clearwater Janitorial Company,6143.05,PO 45705
INV-250359,11-Feb-25,11-Feb-25,Evergreen Senior Living Inc.,15783.44,Standing order
INV-250360,02/11/2025,02/10/2025,Evergreen Senior Living Inc.,"$2,092.57",
INV-250361,02/11/2025,02/11/2025,Garfield Industrial Company,"$30,262.04",Standing order
INV-250362,02/11/2025,02/11/2025,Kent Valley Hospital,"$3,352.57",PO 40929
INV-250363,11-Feb-25,11-Feb-25,Medina Auto Group,11544.80,
INV-250364,02/11/2025,02/10/2025,Midwest Stadium Services Inc.,15027.21,
INV-250365,2025-02-11,2025-02-11,Oak Ridge Office Parks,4606.52,Standing order
INV-250366,11-Feb-25,11-Feb-25,Sandusky Marine and Supply,6544.85,
INV-250367,2025-02-11,2025-02-11,Twinsburg Industrial Park LLC,22101.39,
INV-250368,2025-02-12,2025-02-12,Bayview Medical Center Inc.,2821.73,Standing order
INV-250369,12-Feb-25,11-Feb-25,Great Lakes Logistics Inc.,5519.08,
INV-250370,12-Feb-25,11-Feb-25,Great Lakes Logistics Inc.,38033.89,
INV-250371,12-Feb-25,12-Feb-25,Highland Manufacturing Company,"$4,799.56",PO 48776
INV-250372,2025-02-12,2025-02-12,Summit Healthcare Group Inc.,6712.14,PO 42928
INV-250373,2025-02-12,2025-02-11,Twinsburg Industrial Park,"$25,204.29",
INV-250374,12-Feb-25,12-Feb-25,Youngstown Metal Works Inc.,"$10,410.20",
INV-250375,13-Feb-25,12-Feb-25,Cardinal Hospitality Group LLC,35224.75,
INV-250376,2025-02-13,2025-02-12,Cardinal Hospitality Group LLC,11101.37,Standing order
INV-250377,13-Feb-25,12-Feb-25,Cardinal Hospitality Group LLC,7673.45,Standing order
INV-250378,02/13/2025,02/13/2025,Cardinal Hospitality Group LLC,11290.20,
INV-250379,13-Feb-25,13-Feb-25,Garfield Industrial Company,"$14,630.07",
INV-250380,02/13/2025,02/13/2025,Great Lakes Logistics Inc.,"$27,219.71",Standing order
INV-250381,2025-02-13,2025-02-12,Kent Valley Hospital,7214.72,PO 45658
INV-250382,2025-02-13,2025-02-13,Maple Heights Facilities LLC,"$10,313.95",PO 49300
INV-250383,02/13/2025,02/13/2025,Summit Healthcare Group Inc.,"$6,084.38",
INV-250384,02/13/2025,02/13/2025,Twinsburg Industrial Park LLC,11972.61,
INV-250385,2025-02-13,2025-02-13,Twinsburg Industrial Park LLC,9628.05,PO 44820
INV-250386,13-Feb-25,13-Feb-25,Youngstown Metal Works Inc.,"$11,171.86",
INV-250387,02/14/2025,02/14/2025,Garfield Industrial Company,"$7,052.61",PO 46948
INV-250388,02/14/2025,02/14/2025,Medina Auto Group,"$4,306.15",
INV-250389,14-Feb-25,13-Feb-25,Medina Auto Group,10609.84,
INV-250390,14-Feb-25,14-Feb-25,Riverside Fitness Clubs,38641.46,
INV-250391,2025-02-14,2025-02-14,Sandusky Marine and Supply,"$1,284.24",
INV-250392,2025-02-14,2025-02-13,Summit Healthcare Group Inc.,23574.96,PO 42990
INV-250393,14-Feb-25,14-Feb-25,Summit Healthcare Group Inc.,6411.82,
INV-250394,02/14/2025,02/14/2025,Tri-State Warehouse Company,"$7,136.81",
INV-250395,2025-02-14,2025-02-13,Twinsburg Industrial Park,8383.41,
INV-250396,02/14/2025,02/13/2025,Westlake Commercial Cleaning Company,5748.84,Standing order
INV-250397,02/17/2025,02/17/2025,Bayview Medical Center Inc.,"$26,437.24",
INV-250398,02/17/2025,02/17/2025,Bayview Medical Center Inc.,6021.85,
INV-250399,02/17/2025,02/17/2025,Cedar Point Facility Services,5485.96,
INV-250400,02/17/2025,02/17/2025,Harborview Apartments LLC,"$4,768.69",PO 45478
INV-250401,02/17/2025,02/17/2025,Lakeshore Cleaning Services Inc.,5762.31,
INV-250402,2025-02-17,2025-02-17,Pinnacle Building Services Inc.,4838.42,PO 44490
INV-250403,2025-02-17,2025-02-17,Twinsburg Industrial Park LLC,"$3,100.99",
INV-250404,02/17/2025,02/17/2025,Youngstown Metal Works Inc.,3057.04,PO 48094
INV-250405,2025-02-18,2025-02-18,Bayview Medical Center Inc.,"$15,160.39",Standing order
INV-250406,18-Feb-25,17-Feb-25,Cedar Point Facility Services,10508.68,
INV-250407,2025-02-18,2025-02-18,Clearwater Janitorial Co.,8727.13,
INV-250408,2025-02-18,2025-02-18,Great Lakes Logistics Inc.,9550.06,Standing order
INV-250409,18-Feb-25,18-Feb-25,Hamilton County Services,6109.41,
INV-250410,2025-02-18,2025-02-17,Kent Valley Hospital,8415.03,
INV-250411,02/18/2025,02/17/2025,Medina Auto Group,29044.29,
INV-250412,02/18/2025,02/18/2025,Parma Community College,"$9,274.28",Standing order
INV-250413,2025-02-18,2025-02-18,Parma Community College,7020.01,
INV-250414,02/18/2025,02/18/2025,Parma Community College,6271.08,PO 44300
INV-250415,2025-02-18,2025-02-18,Twinsburg Industrial Park LLC,"$12,909.81",
INV-250416,2025-02-18,2025-02-18,Twinsburg Industrial Park LLC,"$8,675.34",
INV-250417,18-Feb-25,17-Feb-25,Twinsburg Industrial Park LLC,"$17,866.17",
INV-250418,02/18/2025,02/18/2025,Youngstown Metal Works Inc.,36423.57,Standing order
INV-250419,18-Feb-25,18-Feb-25,Youngstown Metal Works Inc.,9415.61,Standing order
INV-250420,2025-02-19,2025-02-19,Bayview Medical Center Inc.,8883.90,
INV-250421,2025-02-19,2025-02-18,Forest City Hotels and Resorts,5162.38,
INV-250422,19-Feb-25,19-Feb-25,Forest City Hotels and Resorts,11544.13,PO 49207
INV-250423,02/19/2025,02/18/2025,Garfield Industrial Company,"$7,214.59",
INV-250424,02/19/2025,02/18/2025,Great Lakes Logistics Inc.,2754.62,
INV-250425,19-Feb-25,18-Feb-25,Harborview Apartments LLC,11429.71,
INV-250426,2025-02-19,2025-02-19,Medina Auto Group,"$7,505.30",Standing order
INV-250427,2025-02-19,2025-02-19,Medina Auto Group,16734.43,PO 42048
INV-250428,2025-02-19,2025-02-19,Medina Auto Group,13915.85,
INV-250429,2025-02-19,2025-02-18,Midwest Stadium Services Inc.,22926.09,
INV-250430,02/19/2025,02/19/2025,Oak Ridge Office Parks,4838.19,PO 40727
INV-250431,2025-02-19,2025-02-19,Parma Community College,7388.61,
INV-250432,02/19/2025,02/19/2025,Twinsburg Industrial Park LLC,"$23,277.72",Standing order
INV-250433,02/19/2025,02/19/2025,Twinsburg Industrial Park LLC,"$5,941.96",
INV-250434,02/19/2025,02/19/2025,Westlake Commercial Cleaning Company,25451.81,
INV-250435,19-Feb-25,19-Feb-25,Westlake Commercial Cleaning Company,8317.28,
INV-250436,19-Feb-25,19-Feb-25,Youngstown Metal Works Inc.,1456.23,
INV-250437,2025-02-20,2025-02-19,Bayview Medical Center Inc.,"$13,798.22",
INV-250438,20-Feb-25,20-Feb-25,Fairlawn Public Schools,"$4,133.42",
INV-250439,2025-02-20,2025-02-19,Garfield Industrial Company,1414.20,
INV-250440,02/20/2025,02/19/2025,Great Lakes Logistics Inc.,3098.78,
INV-250441,2025-02-20,2025-02-20,Midwest Stadium Services Inc.,"$2,929.70",
INV-250442,20-Feb-25,20-Feb-25,Oak Ridge Office Parks,"$6,041.39",PO 47831
INV-250443,2025-02-20,2025-02-20,Oak Ridge Office Parks,2949.90,Standing order
INV-250444,20-Feb-25,20-Feb-25,Parma Community College,16179.50,Standing order
INV-250445,02/20/2025,02/19/2025,Twinsburg Industrial Park LLC,"$2,977.11",
INV-250446,02/20/2025,02/20/2025,University Circle Services,9541.20,Standing order
INV-250447,2025-02-20,2025-02-20,Westlake Commercial Cleaning Company,6031.23,Standing order
INV-250448,20-Feb-25,19-Feb-25,Willoughby Tech Center,4508.06,PO 42765
INV-250449,02/20/2025,02/20/2025,Youngstown Metal Works Inc.,9338.34,
INV-250450,2025-02-21,2025-02-21,Eastgate Office Partners,14665.81,PO 42192
INV-250451,2025-02-21,2025-02-21,Evergreen Senior Living Inc.,"$4,045.63",
INV-250452,21-Feb-25,20-Feb-25,Garfield Industrial Company,"$19,850.99",Standing order
INV-250453,02/21/2025,02/21/2025,Oak Ridge Office Parks,4562.85,
INV-250454,21-Feb-25,21-Feb-25,Parma Community College,"$8,975.33",Standing order
INV-250455,21-Feb-25,21-Feb-25,Pinnacle Building Services Inc.  ,"$6,942.04",
INV-250456,21-Feb-25,21-Feb-25,Stark County Services,2427.13,Standing order
INV-250457,02/21/2025,02/21/2025,Westlake Commercial Cleaning Company,4183.93,
INV-250458,2025-02-21,2025-02-20,Willoughby Tech Center,"$3,994.00",
INV-250459,02/24/2025,02/24/2025,BAYVIEW MEDICAL CENTER INC.,7543.71,PO 41846
INV-250460,24-Feb-25,24-Feb-25,Bayview Medical Center Inc.,7944.90,Standing order
INV-250461,02/24/2025,02/23/2025,Garfield Industrial Company,29609.32,
INV-250462,24-Feb-25,23-Feb-25,Harborview Apartments LLC,32058.43,
INV-250463,24-Feb-25,23-Feb-25,Medina Auto Group,"$18,003.16",PO 42459
INV-250464,02/24/2025,02/24/2025,Medina Auto Group,5441.57,PO 40795
INV-250465,02/24/2025,02/24/2025,Medina Auto Group,1736.46,
INV-250466,2025-02-24,2025-02-23,Medina Auto Group  ,"$5,713.76",
INV-250467,02/24/2025,02/24/2025,Parma Community College,29201.43,Standing order
INV-250468,2025-02-24,2025-02-24,Sandusky Marine and Supply,10735.62,
INV-250469,02/24/2025,02/24/2025,Twinsburg Industrial Park LLC,"$9,971.89",
INV-250470,2025-02-24,2025-02-24,Westlake Commercial Cleaning Company,18905.80,Standing order
INV-250471,02/24/2025,02/24/2025,Youngstown Metal Works Inc.,"$3,680.04",Standing order
INV-250472,24-Feb-25,24-Feb-25,Youngstown Metal Works Inc.,35580.57,PO 41470
INV-250473,2025-02-25,2025-02-24,Harborview Apartments LLC,2372.09,
INV-250474,02/25/2025,02/25/2025,Kent Valley Hospital,7151.71,
INV-250475,2025-02-25,2025-02-25,Midwest Stadium Services Inc.,"$45,434.72",
INV-250476,25-Feb-25,24-Feb-25,North Coast Restaurants LLC,"$95,000.00",PO 44124
INV-250477,2025-02-25,2025-02-25,Oak Ridge Office Parks,"$5,111.54",
INV-250478,25-Feb-25,25-Feb-25,Shaker Square Retail Partners,"$18,646.26",Standing order
INV-250479,02/25/2025,02/24/2025,Shaker Square Retail Partners,1634.35,
INV-250480,25-Feb-25,25-Feb-25,Twinsburg Industrial Park LLC,6145.08,PO 43071
INV-250481,2025-02-26,2025-02-26,Bayview Medical Center Inc.,"$11,364.46",
INV-250482,2025-02-26,2025-02-25,Bayview Medical Center Inc.,7150.42,
INV-250483,02/26/2025,02/26/2025,Garfield Industrial Company,"$3,792.10",
INV-250484,2025-02-26,2025-02-26,Garfield Industrial Company,"$4,005.43",
INV-250485,2025-02-26,2025-02-25,Great Lakes Logistics Inc.,"$5,426.03",
INV-250486,02/26/2025,02/26/2025,Heritage Food Services Inc.,28440.08,
INV-250487,26-Feb-25,26-Feb-25,Kent Valley Hospital,4091.91,
INV-250488,26-Feb-25,25-Feb-25,Parma Community College,"$4,898.90",
INV-250489,02/26/2025,02/25/2025,Portage Cold Storage Company,2932.86,
INV-250490,26-Feb-25,25-Feb-25,Shaker Square Retail Partners,3176.32,PO 48828
INV-250491,26-Feb-25,26-Feb-25,Twinsburg Industrial Park LLC,5399.16,
INV-250492,2025-02-26,2025-02-26,Twinsburg Industrial Park LLC,3676.42,PO 46112
INV-250493,2025-02-26,2025-02-25,Twinsburg Industrial Park LLC,"$6,370.02",
INV-250494,2025-02-26,2025-02-26,Twinsburg Industrial Park LLC,20190.30,PO 47342
INV-250495,26-Feb-25,26-Feb-25,University Circle Services,9742.05,
INV-250496,26-Feb-25,25-Feb-25,Youngstown Metal Works Inc.,1172.38,
INV-250497,2025-02-27,2025-02-27,Cedar Point Facility Services,3722.68,
INV-250498,27-Feb-25,26-Feb-25,Fairlawn Public Schools,13943.27,PO 41907
INV-250499,27-Feb-25,27-Feb-25,Forest City Hotels and Resorts,6723.07,
INV-250500,02/27/2025,02/26/2025,Great Lakes Logistics Inc.,11072.46,
INV-250501,02/27/2025,02/27/2025,Kent Valley Hospital,"$9,965.96",PO 46591
INV-250502,27-Feb-25,26-Feb-25,Midwest Stadium Services Inc.,12421.26,
INV-250503,2025-02-27,2025-02-27,Parma Community College,2398.01,PO 41087
INV-250504,27-Feb-25,26-Feb-25,Westlake Commercial Cleaning Company,"$16,018.49",Standing order
INV-250505,02/28/2025,02/28/2025,Bayview Medical Center Inc.,13834.23,PO 40832
INV-250506,2025-02-28,2025-02-27,Forest City Hotels and Resorts,10148.26,
INV-250507,2025-02-28,2025-02-28,Garfield Industrial Company,3064.31,Standing order
INV-250508,28-Feb-25,28-Feb-25,Garfield Industrial Company,"$2,395.02",
INV-250509,28-Feb-25,28-Feb-25,GARFIELD INDUSTRIAL COMPANY,"$8,553.09",PO 43810
INV-250510,2025-02-28,2025-02-28,GREAT LAKES LOGISTICS INC.,2962.89,
INV-250511,02/28/2025,02/27/2025,Medina Auto Group,27331.01,Standing order
INV-250512,2025-02-28,2025-02-27,Medina Auto Group,"$8,363.66",PO 48482
INV-250513,2025-02-28,2025-02-28,Medina Auto Group,21710.32,
INV-250514,28-Feb-25,27-Feb-25,Oak Ridge Office Parks,16714.29,
INV-250515,28-Feb-25,28-Feb-25,Parma Community College,21094.84,
INV-250516,28-Feb-25,28-Feb-25,Sandusky Marine and Supply,7943.77,Standing order
INV-250517,2025-02-28,2025-02-27,Twinsburg Industrial Park LLC,18463.54,PO 48903
INV-250518,28-Feb-25,28-Feb-25,Valley View Hotels Inc.,8865.13,
INV-250519,02/28/2025,02/28/2025,Westlake Commercial Cleaning Company,"$16,262.79",Standing order
INV-250520,02/28/2025,02/28/2025,Youngstown Metal Works Inc.,"$4,199.98",
,,,Subtotal - Feb 2025,"$2,759,407.95",
INV-250521,03-Mar-25,03-Mar-25,BAYVIEW MEDICAL CENTER INC.,"$10,579.12",
INV-250522,03/03/2025,03/03/2025,Evergreen Senior Living Inc.,12679.01,
INV-250523,03-Mar-25,02-Mar-25,Forest City Hotels and Resorts,7249.08,PO 44341
INV-250524,03-Mar-25,03-Mar-25,Great Lakes Logistics Inc.,"$18,516.76",
INV-250525,03-Mar-25,03-Mar-25,Lakeshore Cleaning Services Inc.,"$2,640.55",
INV-250526,2025-03-03,2025-03-02,Lorain Distribution Company,"$17,219.05",
INV-250527,2025-03-03,2025-03-03,Medina Auto Group,14693.96,
INV-250528,03-Mar-25,03-Mar-25,Pinnacle Building Services Inc.,"$12,939.56",PO 41856
INV-250529,03/03/2025,03/02/2025,Twinsburg Industrial Park LLC,"$3,908.29",
INV-250530,03/03/2025,03/03/2025,Westlake Commercial Cleaning Company,22199.90,
INV-250531,2025-03-03,2025-03-03,Youngstown Metal Works Inc.,8117.15,
INV-250532,03/03/2025,03/03/2025,Youngstown Metal Works Inc.,5724.42,PO 44748
INV-250533,03/03/2025,03/03/2025,Youngstown Metal Works Inc.,24331.94,
INV-250534,2025-03-04,2025-03-03,Bayview Medical Center Inc.,18234.60,Standing order
INV-250535,04-Mar-25,04-Mar-25,Evergreen Senior Living Inc.,11284.07,Standing order
INV-250536,2025-03-04,2025-03-03,Garfield Industrial Company,7471.10,
INV-250537,04-Mar-25,04-Mar-25,Heritage Food Services Inc.,19378.02,
INV-250538,2025-03-04,2025-03-04,Portage Cold Storage Company,19444.81,Standing order
INV-250539,2025-03-04,2025-03-04,Sandusky Marine and Supply,2943.36,PO 49206
INV-250540,04-Mar-25,03-Mar-25,University Circle Services,23201.53,
INV-250541,2025-03-04,2025-03-03,Youngstown Metal Works Inc.,15487.66,
INV-250542,04-Mar-25,04-Mar-25,Youngstown Metal Works Inc.,"$6,642.86",PO 48912
INV-250543,03/05/2025,03/05/2025,Bayview Medical Center Inc.,1112.79,
INV-250544,05-Mar-25,05-Mar-25,Bayview Medical Center,"$7,687.29",Standing order
INV-250545,05-Mar-25,05-Mar-25,Forest City Hotels and Resorts,4730.38,Standing order
INV-250546,03/05/2025,03/05/2025,Harborview Apartments LLC,1383.14,
INV-250547,03/05/2025,03/05/2025,Kent Valley Hospital,"$5,331.09",
INV-250548,2025-03-05,2025-03-04,North Coast Restaurants LLC,4672.24,
INV-250549,2025-03-05,2025-03-05,Youngstown Metal Works Inc.,6384.84,
INV-250550,2025-03-05,2025-03-05,Youngstown Metal Works Inc.,"$5,452.96",
INV-250551,2025-03-06,2025-03-06,Cedar Point Facility Services,5058.62,Standing order
INV-250552,03/06/2025,03/06/2025,Clearwater Janitorial Company,36876.26,Standing order
INV-250553,06-Mar-25,05-Mar-25,Great Lakes Logistics Inc.,"$5,669.94",
INV-250554,2025-03-06,2025-03-06,Harborview Apartments LLC  ,"$20,452.43",
INV-250555,06-Mar-25,06-Mar-25,Heritage Food Services Inc.,"$27,648.17",
INV-250556,2025-03-06,2025-03-06,Ironwood Property Services,13000.31,
INV-250557,03/06/2025,03/06/2025,Lorain Distribution Company,5735.33,
INV-250558,03/06/2025,03/06/2025,Lorain Distribution Company,"$1,979.36",PO 40761
INV-250559,2025-03-06,2025-03-06,Midwest Stadium Services Inc.,"$13,869.27",
INV-250560,06-Mar-25,06-Mar-25,Midwest Stadium Services Inc.,"$7,413.86",
INV-250561,06-Mar-25,05-Mar-25,Summit Healthcare Group Inc.,2075.77,
INV-250562,2025-03-06,2025-03-06,Willoughby Tech Center,"$4,299.49",
INV-250563,03/06/2025,03/06/2025,Youngstown Metal Works Inc.,12170.55,PO 42025
INV-250564,06-Mar-25,05-Mar-25,Youngstown Metal Works Inc.,14293.80,Standing order
INV-250565,06-Mar-25,06-Mar-25,Youngstown Metal Works Inc.,3853.47,Standing order
INV-250566,07-Mar-25,07-Mar-25,Cedar Point Facility Services,6249.27,PO 46632
INV-250567,03/07/2025,03/07/2025,Cedar Point Facility Svcs,"$17,115.65",
INV-250568,07-Mar-25,06-Mar-25,Evergreen Senior Living Inc.,"$16,426.84",
INV-250569,03/07/2025,03/07/2025,Garfield Industrial Company,10916.38,Standing order
INV-250570,07-Mar-25,07-Mar-25,Medina Auto Group,10831.48,
INV-250571,07-Mar-25,07-Mar-25,Midwest Stadium Services Inc.,7097.03,Standing order
INV-250572,2025-03-07,2025-03-07,Oak Ridge Office Parks,21688.02,
INV-250573,07-Mar-25,07-Mar-25,Parma Community College,8012.77,
INV-250574,2025-03-07,2025-03-07,Portage Cold Storage Company,"$6,126.53",
INV-250575,07-Mar-25,07-Mar-25,Twinsburg Industrial Park LLC,16705.12,PO 46863
INV-250576,03/07/2025,03/07/2025,Youngstown Metal Works Inc.,23759.33,PO 40190
INV-250577,2025-03-07,2025-03-06,Youngstown Metal Works Inc.,4907.68,
INV-250578,2025-03-07,2025-03-07,Youngstown Metal Works Inc.,6494.18,Standing order
INV-250579,10-Mar-25,10-Mar-25,Cedar Point Facility Services,10194.60,
INV-250580,2025-03-10,2025-03-10,Evergreen Senior Living Inc.,"$4,773.85",Standing order
INV-250581,03/10/2025,03/09/2025,Forest City Hotels and Resorts,3115.62,PO 40630
INV-250582,03/10/2025,03/10/2025,Garfield Industrial Company,1536.33,Standing order
INV-250583,10-Mar-25,09-Mar-25,Great Lakes Logistics Inc.,2898.44,PO 40993
INV-250584,2025-03-10,2025-03-09,Great Lakes Logistics Inc.,31383.71,
INV-250585,10-Mar-25,10-Mar-25,Heritage Food Services Inc.  ,13209.79,PO 44769
INV-250586,2025-03-10,2025-03-10,Highland Manufacturing Company,9552.05,
INV-250587,2025-03-10,2025-03-10,Kent Valley Hospital,4867.27,
INV-250588,2025-03-10,2025-03-10,Lakeshore Cleaning Services Inc.,4310.99,
INV-250589,10-Mar-25,09-Mar-25,Oak Ridge Office Parks,19277.83,Standing order
INV-250590,03/10/2025,03/10/2025,Portage Cold Storage Company,9438.10,
INV-250591,2025-03-10,2025-03-10,Twinsburg Industrial Park LLC,7960.46,
INV-250592,11-Mar-25,11-Mar-25,Evergreen Senior Living Inc.,11138.93,
INV-250593,2025-03-11,2025-03-10,Great Lakes Logistics Inc.,22788.56,
INV-250594,2025-03-11,2025-03-10,Highland Manufacturing Company,25438.14,
INV-250595,2025-03-11,2025-03-10,Kent Valley Hospital,1575.91,PO 47616
INV-250596,2025-03-11,2025-03-11,Kent Valley Hospital,"$23,137.68",
INV-250597,11-Mar-25,10-Mar-25,Kent Valley Hospital,"$5,651.06",
INV-250598,11-Mar-25,11-Mar-25,Oak Ridge Office Parks,3491.18,Standing order
INV-250599,11-Mar-25,11-Mar-25,Parma Community College,"$6,532.77",
INV-250600,11-Mar-25,10-Mar-25,Sandusky Marine and Supply,"$8,671.04",
INV-250601,03/11/2025,03/11/2025,Tri-State Warehouse Company,3322.15,PO 44609
INV-250602,11-Mar-25,11-Mar-25,Twinsburg Industrial Park,29898.05,Standing order
INV-250603,2025-03-11,2025-03-11,Westlake Commercial Cleaning Company,"$9,519.34",
INV-250604,2025-03-11,2025-03-11,Westlake Commercial Cleaning Company,12877.15,PO 40750
INV-250605,11-Mar-25,11-Mar-25,Westlake Commercial Cleaning Company,3787.54,PO 44942
INV-250606,03/12/2025,03/12/2025,Allegheny Property Management LLC,7478.68,
INV-250607,03/12/2025,03/12/2025,Bayview Medical Center Inc.,"$6,192.40",PO 40939
INV-250608,03/12/2025,03/12/2025,Cardinal Hospitality Group LLC,9019.13,PO 48480
INV-250609,12-Mar-25,12-Mar-25,Harborview Apartments LLC,"$2,958.35",PO 45337
INV-250610,03/12/2025,03/12/2025,Summit Healthcare Group Inc.,3864.15,PO 48091
INV-250611,2025-03-12,2025-03-12,Twinsburg Industrial Park LLC,"$14,684.68",Standing order
INV-250612,2025-03-12,2025-03-12,University Circle Services,10289.82,
INV-250613,12-Mar-25,12-Mar-25,Valley View Hotels Inc.,4773.32,Standing order
INV-250614,03/12/2025,03/12/2025,Westlake Commercial Cleaning Company,"$2,529.29",
INV-250615,12-Mar-25,12-Mar-25,Youngstown Metal Works Inc.,8281.75,
INV-250616,13-Mar-25,13-Mar-25,Clearwater Janitorial Company,7449.18,
INV-250617,13-Mar-25,13-Mar-25,Garfield Industrial Company,95000.00,
INV-250618,03/13/2025,03/13/2025,Garfield Industrial Company,"$5,481.34",
INV-250619,03/13/2025,03/12/2025,Great Lakes Logistics Inc.,8688.50,PO 48243
INV-250620,03/13/2025,03/13/2025,Heritage Food Services Inc.,"$7,825.55",PO 46808
INV-250621,2025-03-13,2025-03-13,Kent Valley Hospital,8571.85,
INV-250622,2025-03-13,2025-03-12,Kent Valley Hospital,11350.06,Standing order
INV-250623,2025-03-13,2025-03-13,Lakeshore Cleaning Services Inc.,3557.64,
INV-250624,2025-03-13,2025-03-13,Medina Auto Group,10600.38,
INV-250625,13-Mar-25,13-Mar-25,Oak Ridge Office Parks,"$2,955.42",
INV-250626,03/13/2025,03/12/2025,Parma Community College,1680.10,PO 42255
INV-250627,13-Mar-25,13-Mar-25,Parma Community College,4020.47,
INV-250628,2025-03-13,2025-03-13,Parma Community College  ,16054.71,PO 48655
INV-250629,03/13/2025,03/13/2025,Pinnacle Building Services Inc.,14832.34,
INV-250630,13-Mar-25,13-Mar-25,Stark County Services,23228.46,
INV-250631,2025-03-13,2025-03-13,Summit Healthcare Group Inc.,1309.58,
INV-250632,2025-03-13,2025-03-13,Twinsburg Industrial Park,"$31,270.65",Standing order
INV-250633,2025-03-13,2025-03-13,University Circle Services,"$18,836.00",Standing order
INV-250634,03/13/2025,03/12/2025,University Circle Services,22745.98,
INV-250635,2025-03-13,2025-03-13,University Circle Services,2227.30,
INV-250636,2025-03-13,2025-03-13,Westlake Commercial Cleaning Company,"$3,634.05",PO 41680
INV-250637,03/13/2025,03/12/2025,Westlake Commercial Cleaning Company,"$8,443.18",Standing order
INV-250638,2025-03-13,2025-03-12,Westlake Commercial Cleaning Company,16711.30,PO 45971
INV-250639,03/13/2025,03/13/2025,Youngstown Metal Works Inc.,"$8,345.23",
INV-250640,2025-03-14,2025-03-14,Bayview Medical Center Inc.,2434.60,
INV-250641,2025-03-14,2025-03-14,Bayview Medical Center Inc.,5555.04,
INV-250642,14-Mar-25,14-Mar-25,Bayview Medical Center Inc.,11311.39,
INV-250643,2025-03-14,2025-03-14,Eastgate Office Partners,2283.30,Standing order
INV-250644,03/14/2025,03/14/2025,Fairlawn Public Schools  ,"$7,218.39",
INV-250645,03/14/2025,03/13/2025,Harborview Apartments LLC,28169.16,
INV-250646,03/14/2025,03/14/2025,Oak Ridge Office Parks,"$2,825.48",
INV-250647,2025-03-14,2025-03-13,Sandusky Marine and Supply,3890.10,
INV-250648,14-Mar-25,14-Mar-25,Sandusky Marine and Supply,"$7,052.22",
INV-250649,2025-03-14,2025-03-14,Summit Healthcare Group Inc.,20722.80,
INV-250650,03/14/2025,03/14/2025,Summit Healthcare Group Inc.,"$6,826.90",
INV-250651,2025-03-14,2025-03-14,Westlake Commercial Cleaning Company,"$9,883.03",
INV-250652,14-Mar-25,13-Mar-25,Youngstown Metal Works Inc.,20758.04,Standing order
INV-250653,03/14/2025,03/14/2025,Youngstown Metal Works Inc.  ,"$14,354.81",
INV-250654,14-Mar-25,14-Mar-25,Youngstown Metal Works Inc.,"$7,457.32",
INV-250655,17-Mar-25,17-Mar-25,Bayview Medical Center Inc.,14535.99,
INV-250656,03/17/2025,03/17/2025,Bayview Medical Center Inc.,10287.89,Standing order
INV-250657,03/17/2025,03/17/2025,EVERGREEN SENIOR LIVING INC.,5460.36,
INV-250658,17-Mar-25,17-Mar-25,Evergreen Senior Living Inc.,"$1,436.61",
INV-250659,17-Mar-25,17-Mar-25,Garfield Industrial Company,5031.27,
INV-250660,17-Mar-25,17-Mar-25,Midwest Stadium Services Inc.,21786.20,
INV-250661,03/17/2025,03/16/2025,OAK RIDGE OFFICE PARKS,11457.79,
INV-250662,2025-03-17,2025-03-16,Parma Community College,"$4,543.57",Standing order
INV-250663,03/17/2025,03/16/2025,Stark County Services,6145.34,Standing order
INV-250664,17-Mar-25,17-Mar-25,Twinsburg Industrial Park LLC  ,"$12,407.80",
INV-250665,03/17/2025,03/16/2025,University Circle Services,4297.86,
INV-250666,2025-03-17,2025-03-17,University Circle Services,19031.66,PO 49540
INV-250667,2025-03-18,2025-03-17,Bayview Medical Center Inc.,3063.96,
INV-250668,2025-03-18,2025-03-18,Cardinal Hospitality Group LLC,3663.54,
INV-250669,03/18/2025,03/18/2025,Clearwater Janitorial Company,9110.17,
INV-250670,18-Mar-25,18-Mar-25,Clearwater Janitorial Company,6055.20,
INV-250671,03/18/2025,03/18/2025,Eastgate Office Partners,5172.82,PO 43631
INV-250672,18-Mar-25,18-Mar-25,Fairlawn Public Schools,16646.31,
INV-250673,2025-03-18,2025-03-18,Garfield Industrial Company,"$29,968.58",
INV-250674,18-Mar-25,18-Mar-25,HERITAGE FOOD SERVICES INC.,14891.33,
INV-250675,2025-03-18,2025-03-18,Lorain Distribution Company,3431.53,
INV-250676,2025-03-18,2025-03-18,Oak Ridge Office Parks,17906.88,Standing order
INV-250677,03/18/2025,03/17/2025,Parma Community College,37010.45,
INV-250678,18-Mar-25,18-Mar-25,Parma Community College,4584.65,
INV-250679,2025-03-18,2025-03-17,Summit Healthcare Group Inc.,11219.26,
INV-250680,2025-03-18,2025-03-18,Summit Healthcare Group Inc.,3540.11,
INV-250681,2025-03-18,2025-03-17,Tri-State Warehouse Company,"$7,892.05",Standing order
INV-250682,2025-03-18,2025-03-18,University Circle Services,7654.09,
INV-250683,2025-03-18,2025-03-18,Westlake Commercial Cleaning Company,8162.10,PO 42693
INV-250684,03/18/2025,03/18/2025,Willoughby Tech Center,5719.53,PO 47758
INV-250685,2025-03-18,2025-03-18,Youngstown Metal Works Inc.,"$14,578.89",PO 43402
INV-250686,18-Mar-25,18-Mar-25,Youngstown Metal Works Inc.,5090.15,
INV-250687,2025-03-18,2025-03-18,Youngstown Metal Works Inc.,5308.79,PO 40937
INV-250688,19-Mar-25,19-Mar-25,Cardinal Hospitality Group LLC,16549.60,Standing order
INV-250689,03/19/2025,03/19/2025,Evergreen Senior Living Inc.,4204.86,Standing order
INV-250690,19-Mar-25,18-Mar-25,Fairlawn Public Schools,"$11,246.02",PO 44601
INV-250691,03/19/2025,03/19/2025,Garfield Industrial Company,5006.56,
INV-250692,03/19/2025,03/19/2025,Medina Auto Group,3055.87,PO 44063
INV-250693,19-Mar-25,19-Mar-25,Parma Community College,"$9,968.72",
INV-250694,19-Mar-25,19-Mar-25,Parma Community College,10699.56,Standing order
INV-250695,19-Mar-25,18-Mar-25,Sandusky Marine and Supply,6731.78,PO 46584
INV-250696,03/19/2025,03/18/2025,Sandusky Marine and Supply,13843.96,Standing order
INV-250697,03/19/2025,03/18/2025,Summit Healthcare Group Inc.,6753.81,Standing order
INV-250698,19-Mar-25,19-Mar-25,Twinsburg Industrial Park LLC,"$3,983.77",
INV-250699,19-Mar-25,19-Mar-25,University Circle Services,2942.73,PO 47817
INV-250700,03/19/2025,03/19/2025,Valley View Hotels Inc.,"$21,493.15",
INV-250701,03/19/2025,03/18/2025,Westlake Commercial Cleaning Company,"$4,338.12",PO 43103
INV-250702,03/19/2025,03/19/2025,Westlake Commercial Cleaning Co.,26979.59,PO 47083
INV-250703,03/19/2025,03/19/2025,Youngstown Metal Works Inc.,2725.19,Standing order
INV-250704,03/20/2025,03/19/2025,Forest City Hotels and Resorts,4006.72,
INV-250705,20-Mar-25,19-Mar-25,Great Lakes Logistics Inc.,"$3,422.63",
INV-250706,2025-03-20,2025-03-20,Ironwood Property Services,21516.58,
INV-250707,20-Mar-25,20-Mar-25,Kent Valley Hospital,3433.66,
INV-250708,03/20/2025,03/20/2025,Oak Ridge Office Parks,11577.03,
INV-250709,2025-03-20,2025-03-20,Parma Community College,63720.27,
INV-250710,20-Mar-25,20-Mar-25,Twinsburg Industrial Park LLC,8754.91,PO 48032
INV-250711,2025-03-21,2025-03-21,Bayview Medical Center Inc.,4226.40,
INV-250712,03/21/2025,03/21/2025,BAYVIEW MEDICAL CENTER INC.,"$11,450.51",
INV-250713,2025-03-21,2025-03-21,Cedar Point Facility Services,"$8,133.60",Standing order
INV-250714,2025-03-21,2025-03-20,Cedar Point Facility Services,4752.66,PO 40448
INV-250715,21-Mar-25,21-Mar-25,Great Lakes Logistics Inc.,12861.57,
INV-250716,21-Mar-25,21-Mar-25,Midwest Stadium Services Inc.,"$3,346.05",Standing order
INV-250717,2025-03-21,2025-03-21,Summit Healthcare Group Inc.,12841.19,
INV-250718,03/21/2025,03/21/2025,Summit Healthcare Group Inc.,"$9,970.71",
INV-250719,03/21/2025,03/20/2025,WESTLAKE COMMERCIAL CLEANING COMPANY,"$2,145.45",Standing order
INV-250720,2025-03-24,2025-03-24,Bayview Medical Center Inc.,8175.39,PO 46494
INV-250721,03/24/2025,03/23/2025,Evergreen Senior Living Inc.,6159.66,Standing order
INV-250722,24-Mar-25,24-Mar-25,Forest City Hotels and Resorts,11203.89,
INV-250723,03/24/2025,03/23/2025,Garfield Industrial Company,"$7,187.07",
INV-250724,2025-03-24,2025-03-24,Highland Manufacturing Company,"$2,382.40",
INV-250725,2025-03-24,2025-03-24,North Coast Restaurants LLC,5410.51,
INV-250726,2025-03-24,2025-03-23,Oak Ridge Office Parks,"$13,120.27",PO 48856
INV-250727,2025-03-24,2025-03-24,Oak Ridge Office Parks,11063.18,PO 40751
INV-250728,24-Mar-25,24-Mar-25,Parma Community College,3579.49,PO 41314
INV-250729,03/24/2025,03/24/2025,University Circle Services,7768.10,
INV-250730,03/24/2025,03/24/2025,Westlake Commercial Cleaning Company,12058.07,PO 49505
INV-250731,25-Mar-25,25-Mar-25,Bayview Medical Center Inc.,10765.74,
INV-250732,03/25/2025,03/25/2025,Bayview Medical Center Inc.,"$21,588.45",
INV-250733,25-Mar-25,25-Mar-25,Cardinal Hospitality Group LLC,7343.90,
INV-250734,2025-03-25,2025-03-24,Cedar Point Facility Services,43594.40,PO 40719
INV-250735,2025-03-25,2025-03-25,Delmar Janitorial Services LLC,19972.68,
INV-250736,2025-03-25,2025-03-25,Harborview Apartments LLC,5101.20,PO 46898
INV-250737,25-Mar-25,25-Mar-25,Lakeshore Cleaning Services Inc.,8391.00,
INV-250738,03/25/2025,03/25/2025,Medina Auto Group,4729.96,PO 42638
INV-250739,25-Mar-25,25-Mar-25,Parma Community College,26895.76,
INV-250740,2025-03-25,2025-03-25,Pinnacle Building Services Inc.,20830.23,
INV-250741,2025-03-25,2025-03-25,Twinsburg Industrial Park LLC,49308.27,
INV-250742,25-Mar-25,25-Mar-25,Westlake Commercial Cleaning Company,"$6,950.39",PO 44177
INV-250743,2025-03-25,2025-03-24,Westlake Commercial Cleaning Company,"$3,647.27",
INV-250744,2025-03-26,2025-03-25,Bayview Medical Center Inc.,"$4,707.94",
INV-250745,03/26/2025,03/25/2025,Cardinal Hospitality Group,"$8,152.88",
INV-250746,2025-03-26,2025-03-26,Eastgate Office Partners,4226.09,
INV-250747,2025-03-26,2025-03-26,Eastgate Office Partners,"$8,033.29",
INV-250748,03/26/2025,03/25/2025,Garfield Industrial Company,"$10,161.62",
INV-250749,03/26/2025,03/25/2025,Great Lakes Logistics Inc.,9318.81,Standing order
INV-250750,03/26/2025,03/25/2025,Harborview Apartments LLC,13642.73,
INV-250751,26-Mar-25,26-Mar-25,Highland Manufacturing Company,"$2,979.02",Standing order
INV-250752,2025-03-26,2025-03-26,Highland Manufacturing Company,11244.99,
INV-250753,26-Mar-25,26-Mar-25,Highland Manufacturing Company,5414.29,
INV-250754,2025-03-26,2025-03-25,Oak Ridge Office Parks,5597.19,Standing order
INV-250755,26-Mar-25,26-Mar-25,Parma Community College,21769.75,Standing order
INV-250756,03/26/2025,03/25/2025,Portage Cold Storage Company,13230.27,
INV-250757,2025-03-26,2025-03-26,Stark County Services,"$16,475.47",
INV-250758,2025-03-26,2025-03-25,Twinsburg Industrial Park LLC,13770.51,
INV-250759,2025-03-26,2025-03-26,University Circle Services  ,"$10,320.65",
INV-250760,26-Mar-25,25-Mar-25,Westlake Commercial Cleaning Company,10344.86,
INV-250761,2025-03-26,2025-03-26,Westlake Commercial Cleaning Company,34102.18,
INV-250762,03/26/2025,03/25/2025,Youngstown Metal Works Inc.,35085.12,
INV-250763,2025-03-27,2025-03-27,Bayview Medical Center Inc.,12934.26,PO 43702
INV-250764,27-Mar-25,27-Mar-25,Bayview Medical Center Inc.,12721.45,PO 40333
INV-250765,27-Mar-25,27-Mar-25,Bayview Medical Center Inc.,9602.89,
INV-250766,03/27/2025,03/26/2025,Cedar Point Facility Services,"$23,322.95",
INV-250767,03/27/2025,03/27/2025,Cedar Point Facility Services,3565.64,Standing order
INV-250768,2025-03-27,2025-03-27,Eastgate Office Partners,2483.51,PO 40255
INV-250769,03/27/2025,03/27/2025,Forest City Hotels and Resorts,4666.75,PO 41991
INV-250770,03/27/2025,03/26/2025,Forest City Hotels and Resorts,2571.87,
INV-250771,03/27/2025,03/27/2025,Garfield Industrial Company,"$3,927.84",PO 46446
INV-250772,2025-03-27,2025-03-27,Heritage Food Services Inc.,"$9,459.97",
INV-250773,27-Mar-25,27-Mar-25,Kent Valley Hospital,6490.35,PO 44481
INV-250774,27-Mar-25,27-Mar-25,Oak Ridge Office Parks,9659.80,PO 41579
INV-250775,03/27/2025,03/27/2025,PARMA COMMUNITY COLLEGE,"$15,730.44",
INV-250776,2025-03-27,2025-03-26,Summit Healthcare Group Inc.,"$5,610.14",
INV-250777,27-Mar-25,27-Mar-25,Twinsburg Industrial Park LLC,"$9,644.68",
INV-250778,2025-03-27,2025-03-26,Valley View Hotels Inc.,7997.53,Standing order
INV-250779,2025-03-27,2025-03-27,Westlake Commercial Cleaning Company,"$44,863.65",
INV-250780,2025-03-27,2025-03-26,Westlake Commercial Cleaning Company,15306.41,Standing order
INV-250781,2025-03-28,2025-03-27,Cedar Point Facility Services,46524.17,
INV-250782,2025-03-28,2025-03-28,Forest City Hotels And Resorts,3037.88,
INV-250783,28-Mar-25,27-Mar-25,Garfield Industrial Company,2126.13,
INV-250784,2025-03-28,2025-03-28,Great Lakes Logistics Inc.,16414.38,
INV-250785,03/28/2025,03/28/2025,Harborview Apartments LLC,"$25,371.58",
INV-250786,28-Mar-25,28-Mar-25,Medina Auto Group,7282.68,
INV-250787,28-Mar-25,28-Mar-25,North Coast Restaurants LLC,24344.27,PO 46156
INV-250788,28-Mar-25,28-Mar-25,Portage Cold Storage Company,"$4,041.79",
INV-250789,28-Mar-25,28-Mar-25,University Circle Services,"$9,384.48",
INV-250790,28-Mar-25,28-Mar-25,Westlake Commercial Cleaning Company,23623.69,Standing order
INV-250791,03/28/2025,03/28/2025,Youngstown Metal Works Inc.,"$21,014.22",
INV-250792,2025-03-31,2025-03-31,Bayview Medical Center Inc.,8490.12,
INV-250793,2025-03-31,2025-03-30,Cardinal Hospitality Group LLC,9370.97,
INV-250794,31-Mar-25,31-Mar-25,Garfield Industrial Company,11260.26,PO 44669
INV-250795,03/31/2025,03/30/2025,Hamilton County Services,7685.66,
INV-250796,2025-03-31,2025-03-31,Medina Auto Group,"$5,328.22",
INV-250797,03/31/2025,03/30/2025,Oak Ridge Office Parks,4932.72,
INV-250798,31-Mar-25,31-Mar-25,Parma Community College,4091.86,
INV-250799,31-Mar-25,31-Mar-25,Pinnacle Building Services Inc.,7613.42,
INV-250800,31-Mar-25,30-Mar-25,Shaker Square Retail Partners,"$4,407.86",PO 46747
INV-250801,03/31/2025,03/30/2025,Summit Healthcare Group Inc.,5714.36,Standing order
INV-250802,2025-03-31,2025-03-30,Youngstown Metal Works Inc.,8452.45,Standing order
,,,Subtotal - Mar 2025,"$3,189,004.60",
INV-250803,01-Apr-25,01-Apr-25,Delmar Janitorial Services LLC,11672.18,
INV-250804,04/01/2025,04/01/2025,Eastgate Office Partners,20330.49,Standing order
INV-250805,01-Apr-25,01-Apr-25,Kent Valley Hospital,4762.84,Standing order
INV-250806,2025-04-01,2025-04-01,Lakeshore Cleaning Services Inc.,"$9,392.47",
INV-250807,2025-04-01,2025-03-31,Oak Ridge Office Parks,11161.49,Standing order
INV-250808,01-Apr-25,31-Mar-25,Portage Cold Storage Company,"$16,690.18",
INV-250809,01-Apr-25,01-Apr-25,Portage Cold Storage Company,3869.47,
INV-250810,2025-04-01,2025-04-01,Summit Healthcare Group Inc.,10083.17,
INV-250811,01-Apr-25,01-Apr-25,Twinsburg Industrial Park LLC,13477.32,PO 46413
INV-250812,2025-04-01,2025-03-31,Twinsburg Industrial Park LLC,18088.97,
INV-250813,2025-04-01,2025-03-31,Twinsburg Industrial Park LLC,3895.80,
INV-250814,2025-04-01,2025-04-01,University Circle Services,9785.84,
INV-250815,04/01/2025,03/31/2025,University Circle Svcs,24777.72,Standing order
INV-250816,2025-04-01,2025-04-01,Youngstown Metal Works Inc.,3049.47,Standing order
INV-250817,01-Apr-25,01-Apr-25,Youngstown Metal Works Inc.,"$67,735.81",
INV-250818,2025-04-01,2025-04-01,Youngstown Metal Works,5404.93,
INV-250819,2025-04-02,2025-04-02,Bayview Medical Center Inc.,8859.33,
INV-250820,04/02/2025,04/02/2025,Cedar Point Facility Services,"$4,383.28",
INV-250821,2025-04-02,2025-04-01,Medina Auto Group,4218.14,PO 42528
INV-250822,04/02/2025,04/02/2025,MEDINA AUTO GROUP,"$4,055.69",
INV-250823,02-Apr-25,02-Apr-25,MEDINA AUTO GROUP,12038.47,
INV-250824,04/02/2025,04/02/2025,Oak Ridge Office Parks,"$16,803.58",PO 45520
INV-250825,02-Apr-25,01-Apr-25,Parma Community College,"$2,350.95",
INV-250826,04/02/2025,04/02/2025,Parma Community College,12365.32,PO 43342
INV-250827,02-Apr-25,02-Apr-25,Parma Community College,8736.47,
INV-250828,04/02/2025,04/02/2025,Summit Healthcare Group Inc.,"$4,638.29",Standing order
INV-250829,02-Apr-25,01-Apr-25,Summit Healthcare Group Inc.,5918.55,
INV-250830,2025-04-02,2025-04-01,University Circle Services,30929.13,
INV-250831,2025-04-02,2025-04-01,Westlake Commercial Cleaning Company,"$17,389.52",PO 48723
INV-250832,2025-04-02,2025-04-02,Willoughby Tech Center,20975.86,PO 49630
INV-250833,2025-04-02,2025-04-02,Youngstown Metal Works Inc.,"$5,677.74",PO 44298
INV-250834,2025-04-02,2025-04-02,Youngstown Metal Works Inc.,"$2,246.62",
INV-250835,2025-04-02,2025-04-02,Youngstown Metal Works Inc.,13086.01,Standing order
INV-250836,02-Apr-25,02-Apr-25,Youngstown Metal Works Inc.,"$8,962.18",Standing order
INV-250837,2025-04-02,2025-04-02,Youngstown Metal Works Inc.  ,11269.91,Standing order
INV-250838,2025-04-03,2025-04-03,Clearwater Janitorial Company,"$11,333.74",
INV-250839,03-Apr-25,03-Apr-25,Clearwater Janitorial Company,"$4,722.76",
INV-250840,04/03/2025,04/03/2025,Fairlawn Public Schools,9741.50,PO 40223
INV-250841,03-Apr-25,03-Apr-25,Garfield Industrial Company,9717.65,PO 48569
INV-250842,04/03/2025,04/03/2025,Garfield Industrial Company,25120.99,Standing order
INV-250843,04/03/2025,04/03/2025,GREAT LAKES LOGISTICS INC.,"$3,556.55",
INV-250844,2025-04-03,2025-04-02,Harborview Apartments LLC,3060.06,
INV-250845,03-Apr-25,03-Apr-25,Midwest Stadium Services Inc.,10355.93,
INV-250846,2025-04-03,2025-04-03,Shaker Square Retail Partners,1424.22,
INV-250847,03-Apr-25,03-Apr-25,Twinsburg Industrial Park LLC,9713.30,
INV-250848,2025-04-03,2025-04-03,Twinsburg Industrial Park,21067.23,PO 47285
INV-250849,03-Apr-25,03-Apr-25,University Circle Services,12526.81,
INV-250850,04/03/2025,04/03/2025,Valley View Hotels Inc.,4058.65,
INV-250851,04/03/2025,04/03/2025,Westlake Commercial Cleaning Company,"$4,915.92",Standing order
INV-250852,03-Apr-25,03-Apr-25,Youngstown Metal Works Inc.,3250.68,Standing order
INV-250853,03-Apr-25,03-Apr-25,Youngstown Metal Works Inc.,8111.01,
INV-250854,04-Apr-25,04-Apr-25,Bayview Medical Center Inc.,11966.79,
INV-250855,04/04/2025,04/04/2025,Cedar Point Facility Services,4260.93,
INV-250856,04-Apr-25,04-Apr-25,Clearwater Janitorial Company,6009.96,
INV-250857,2025-04-04,2025-04-03,Evergreen Senior Living Inc.,"$3,438.72",Standing order
INV-250858,2025-04-04,2025-04-04,Garfield Industrial Company,8355.39,Standing order
INV-250859,2025-04-04,2025-04-03,GARFIELD INDUSTRIAL COMPANY,11856.44,
INV-250860,04/04/2025,04/04/2025,Great Lakes Logistics Inc.,5219.33,
INV-250861,04/04/2025,04/03/2025,Heritage Food Services Inc.,2436.90,
INV-250862,2025-04-04,2025-04-04,North Coast Restaurants LLC,"$20,939.44",Standing order
INV-250863,2025-04-04,2025-04-04,Parma Community College,"$21,727.62",Standing order
INV-250864,2025-04-04,2025-04-04,Parma Community College,"$5,859.89",PO 43508
INV-250865,2025-04-04,2025-04-04,Parma Community College,4645.52,
INV-250866,04-Apr-25,03-Apr-25,Sandusky Marine and Supply,7560.36,Standing order
INV-250867,2025-04-04,2025-04-03,Sandusky Marine & Supply,4167.70,
INV-250868,04/04/2025,04/04/2025,Sandusky Marine & Supply,3398.22,
INV-250869,04/04/2025,04/04/2025,Summit Healthcare Group Inc.,"$21,664.05",PO 48598
INV-250870,04/04/2025,04/04/2025,Tri-State Warehouse Company,4457.35,
INV-250871,2025-04-04,2025-04-04,Tri-State Warehouse Company,4731.96,
INV-250872,04/04/2025,04/04/2025,Twinsburg Industrial Park LLC,"$3,905.74",PO 48318
INV-250873,2025-04-04,2025-04-03,University Circle Services,6757.52,Standing order
INV-250874,2025-04-07,2025-04-07,Allegheny Property Management LLC,12444.73,Standing order
INV-250875,07-Apr-25,07-Apr-25,Cedar Point Facility Services,10291.05,PO 46567
INV-250876,2025-04-07,2025-04-07,Cedar Point Facility Services,5047.92,Standing order
INV-250877,2025-04-07,2025-04-07,Forest City Hotels and Resorts,2337.14,
INV-250878,04/07/2025,04/07/2025,Heritage Food Services Inc.,6663.33,PO 48047
INV-250879,04/07/2025,04/07/2025,Kent Valley Hospital,9818.32,
INV-250880,04/07/2025,04/07/2025,Oak Ridge Office Parks,"$17,249.62",
INV-250881,04/07/2025,04/07/2025,Sandusky Marine and Supply,"$9,067.52",
INV-250882,04/07/2025,04/06/2025,University Circle Services,"$11,798.53",Standing order
INV-250883,2025-04-07,2025-04-07,Westlake Commercial Cleaning Company,"$2,839.98",
INV-250884,04/07/2025,04/06/2025,Westlake Commercial Cleaning Company,14616.40,
INV-250885,2025-04-07,2025-04-07,Westlake Commercial Cleaning Company,14211.47,
INV-250886,04/08/2025,04/08/2025,Allegheny Property Management LLC,"$9,031.03",PO 48372
INV-250887,2025-04-08,2025-04-08,Bayview Medical Center Inc.,"$5,598.90",PO 46573
INV-250888,08-Apr-25,08-Apr-25,Bayview Medical Center Inc.  ,23492.14,
INV-250889,2025-04-08,2025-04-07,Bayview Medical Center Inc.,5524.73,
INV-250890,2025-04-08,2025-04-08,Evergreen Senior Living Inc.,"$7,411.43",
INV-250891,04/08/2025,04/07/2025,Forest City Hotels and Resorts  ,2458.07,PO 43242
INV-250892,08-Apr-25,08-Apr-25,Garfield Industrial Company,"$22,051.13",Standing order
INV-250893,04/08/2025,04/07/2025,Kent Valley Hospital,13307.40,
INV-250894,2025-04-08,2025-04-08,Oak Ridge Office Parks  ,"$5,131.37",
INV-250895,04/08/2025,04/08/2025,Oak Ridge Office Parks,2311.64,
INV-250896,04/08/2025,04/08/2025,Parma Community College,6340.35,
INV-250897,08-Apr-25,07-Apr-25,Tri-State Warehouse Company,14885.85,
INV-250898,2025-04-08,2025-04-07,Twinsburg Industrial Park LLC,2909.51,
INV-250899,08-Apr-25,08-Apr-25,Twinsburg Industrial Park LLC,"$8,616.05",
INV-250900,04/08/2025,04/08/2025,University Circle Services,11682.35,
INV-250901,04/08/2025,04/08/2025,UNIVERSITY CIRCLE SERVICES,5399.64,
INV-250902,08-Apr-25,08-Apr-25,Westlake Commercial Cleaning Company,"$15,911.67",
INV-250903,2025-04-08,2025-04-08,Westlake Commercial Cleaning Company,"$7,211.39",
INV-250904,2025-04-09,2025-04-08,Great Lakes Logistics Inc.,8316.80,Standing order
INV-250905,2025-04-09,2025-04-08,Harborview Apartments LLC,7403.45,PO 48911
INV-250906,04/09/2025,04/09/2025,Oak Ridge Office Parks,4429.68,Standing order
INV-250907,04/09/2025,04/09/2025,Parma Community College,"$10,082.53",
INV-250908,09-Apr-25,09-Apr-25,University Circle Services,"$16,935.17",PO 43422
INV-250909,04/10/2025,04/09/2025,Bayview Medical Center Inc.,14763.58,Standing order
INV-250910,10-Apr-25,09-Apr-25,Cardinal Hospitality Group LLC,3184.83,
INV-250911,04/10/2025,04/09/2025,Eastgate Office Partners,"$5,240.11",Standing order
INV-250912,10-Apr-25,10-Apr-25,Evergreen Senior Living Inc.,4002.98,
INV-250913,04/10/2025,04/10/2025,Evergreen Senior Living Inc.,13950.58,Standing order
INV-250914,04/10/2025,04/09/2025,Garfield Industrial Company,"$22,327.78",PO 45796
INV-250915,10-Apr-25,10-Apr-25,Great Lakes Logistics Inc.,6742.92,Standing order
INV-250916,2025-04-10,2025-04-10,Kent Valley Hospital,"$6,576.69",Standing order
INV-250917,10-Apr-25,10-Apr-25,Medina Auto Group,7983.66,Standing order
INV-250918,10-Apr-25,10-Apr-25,Midwest Stadium Svcs Inc.,"$2,101.18",
INV-250919,10-Apr-25,09-Apr-25,North Coast Restaurants LLC,11677.07,PO 46887
INV-250920,04/10/2025,04/10/2025,Oak Ridge Office Parks,2853.68,Standing order
INV-250921,2025-04-10,2025-04-10,Oak Ridge Office Parks,"$17,578.70",
INV-250922,04/10/2025,04/10/2025,Oak Ridge Office Parks  ,8362.88,
INV-250923,04/10/2025,04/10/2025,Parma Community College,2286.06,Standing order
INV-250924,10-Apr-25,09-Apr-25,Pinnacle Building Services Inc.,5465.38,
INV-250925,04/10/2025,04/10/2025,Riverside Fitness Clubs LLC,"$7,582.04",
INV-250926,10-Apr-25,10-Apr-25,Sandusky Marine and Supply,"$12,192.73",PO 46493
INV-250927,04/10/2025,04/10/2025,Summit Healthcare Group Inc.,"$3,656.32",Standing order
INV-250928,2025-04-10,2025-04-09,Summit Healthcare Group Inc.,"$26,143.72",
INV-250929,2025-04-10,2025-04-10,Westlake Commercial Cleaning Company,"$3,841.69",
INV-250930,04/11/2025,04/11/2025,Bayview Medical Center Inc.,10613.52,PO 42052
INV-250931,2025-04-11,2025-04-11,Forest City Hotels and Resorts,3594.24,
INV-250932,2025-04-11,2025-04-11,Great Lakes Logistics Inc.,8750.80,
INV-250933,04/11/2025,04/11/2025,Harborview Apartments LLC,6164.31,
INV-250934,2025-04-11,2025-04-11,Portage Cold Storage Company,"$4,397.01",PO 42831
INV-250935,04/11/2025,04/11/2025,Portage Cold Storage Company,"$4,136.41",
INV-250936,11-Apr-25,10-Apr-25,PORTAGE COLD STORAGE COMPANY,3180.13,
INV-250937,2025-04-11,2025-04-11,Valley View Hotels Inc.,"$6,590.96",
INV-250938,2025-04-11,2025-04-11,Youngstown Metal Works Inc.,6148.56,
INV-250939,04/11/2025,04/11/2025,Youngstown Metal Works Inc.,3422.92,
INV-250940,2025-04-14,2025-04-14,Cedar Point Facility Services,12207.56,Standing order
INV-250941,04/14/2025,04/14/2025,Garfield Industrial Company,3642.98,
INV-250942,14-Apr-25,14-Apr-25,Great Lakes Logistics Inc.,"$9,173.49",
INV-250943,14-Apr-25,14-Apr-25,Hamilton County Services,19901.26,
INV-250944,2025-04-14,2025-04-14,Heritage Food Services Inc.,4896.38,
INV-250945,04/14/2025,04/14/2025,Midwest Stadium Services Inc.,5199.82,
INV-250946,2025-04-14,2025-04-14,MIDWEST STADIUM SERVICES INC.,7671.81,
INV-250947,04/14/2025,04/13/2025,Oak Ridge Office Parks,10059.18,Standing order
INV-250948,04/14/2025,04/14/2025,Parma Community College,"$6,632.16",
INV-250949,2025-04-14,2025-04-13,Parma Community College,23878.83,Standing order
INV-250950,14-Apr-25,13-Apr-25,Portage Cold Storage Company,3537.70,PO 45471
INV-250951,04/14/2025,04/14/2025,Summit Healthcare Group Inc.,33283.38,
INV-250952,04/14/2025,04/14/2025,Summit Healthcare Group Inc.,"$5,492.77",
INV-250953,04/14/2025,04/14/2025,Twinsburg Industrial Park LLC,26098.34,PO 48299
INV-250954,04/14/2025,04/14/2025,TWINSBURG INDUSTRIAL PARK LLC,"$7,265.18",
INV-250955,2025-04-14,2025-04-13,University Circle Services,6503.29,
INV-250956,14-Apr-25,13-Apr-25,University Circle Services,12220.01,PO 49188
INV-250957,2025-04-14,2025-04-13,Youngstown Metal Works Inc.,7925.67,
INV-250958,2025-04-15,2025-04-15,Clearwater Janitorial Company,"$7,861.15",
INV-250959,04/15/2025,04/15/2025,Great Lakes Logistics Inc.,2677.99,
INV-250960,04/15/2025,04/15/2025,Lakeshore Cleaning Services Inc.,"$34,051.68",
INV-250961,15-Apr-25,14-Apr-25,Medina Auto Group,11072.44,
INV-250962,2025-04-15,2025-04-15,Midwest Stadium Services Inc.,"$11,931.04",
INV-250963,04/15/2025,04/14/2025,Pinnacle Building Services,5137.47,Standing order
INV-250964,15-Apr-25,15-Apr-25,Westlake Commercial Cleaning Company,11397.70,
INV-250965,2025-04-15,2025-04-14,Westlake Commercial Cleaning Company,10925.07,Standing order
INV-250966,2025-04-15,2025-04-15,Westlake Commercial Cleaning Company,2578.40,
INV-250967,2025-04-15,2025-04-15,Youngstown Metal Works Inc.,5725.60,PO 41962
INV-250968,15-Apr-25,15-Apr-25,Youngstown Metal Works Inc.,2721.72,
INV-250969,04/15/2025,04/14/2025,Youngstown Metal Works Inc.,"$8,829.33",Standing order
INV-250970,16-Apr-25,16-Apr-25,Clearwater Janitorial Company,12253.96,
INV-250971,2025-04-16,2025-04-16,Garfield Industrial Company,"$8,130.67",
INV-250972,04/16/2025,04/16/2025,Great Lakes Logistics Inc.,11154.49,PO 41405
INV-250973,04/16/2025,04/16/2025,Heritage Food Services Inc.,"$27,582.02",
INV-250974,2025-04-16,2025-04-16,Heritage Food Services Inc.  ,"$2,618.51",PO 49633
INV-250975,04/16/2025,04/16/2025,Medina Auto Group,16556.31,
INV-250976,04/16/2025,04/15/2025,Midwest Stadium Services Inc.,6919.63,PO 40354
INV-250977,04/16/2025,04/15/2025,Parma Community College,8459.13,
INV-250978,16-Apr-25,16-Apr-25,Twinsburg Industrial Park LLC,"$11,984.37",
INV-250979,16-Apr-25,16-Apr-25,Twinsburg Industrial Park LLC,11249.39,PO 44743
INV-250980,04/16/2025,04/15/2025,Westlake Commercial Cleaning Company,13301.24,
INV-250981,16-Apr-25,16-Apr-25,Westlake Commercial Cleaning Company,6500.68,PO 47948
INV-250982,04/16/2025,04/16/2025,Westlake Commercial Cleaning Company,7180.51,
INV-250983,04/16/2025,04/16/2025,Youngstown Metal Works Inc.,"$10,104.80",
INV-250984,17-Apr-25,16-Apr-25,Bayview Medical Center Inc.,4283.95,
INV-250985,17-Apr-25,17-Apr-25,Garfield Industrial Company,7499.62,
INV-250986,04/17/2025,04/16/2025,Great Lakes Logistics Inc.  ,"$11,184.32",
INV-250987,17-Apr-25,16-Apr-25,Medina Auto Group,"$7,426.33",PO 40832
INV-250988,17-Apr-25,17-Apr-25,Medina Auto Group,3647.90,
INV-250989,17-Apr-25,16-Apr-25,Summit Healthcare Group Inc.,"$13,888.31",
INV-250990,04/17/2025,04/17/2025,Summit Healthcare Group Inc.,7678.98,PO 49849
INV-250991,2025-04-17,2025-04-17,Twinsburg Industrial Park LLC,26541.24,PO 41505
INV-250992,2025-04-18,2025-04-18,Eastgate Office Partners,"$9,048.30",
INV-250993,18-Apr-25,17-Apr-25,Garfield Industrial Company,8033.93,
INV-250994,18-Apr-25,18-Apr-25,Midwest Stadium Services Inc.  ,"$3,078.13",
INV-250995,04/18/2025,04/18/2025,Midwest Stadium Services Inc.,7200.35,
INV-250996,2025-04-18,2025-04-18,Oak Ridge Office Parks,3712.93,
INV-250997,2025-04-18,2025-04-18,Parma Community College,"$4,231.94",Standing order
INV-250998,04/18/2025,04/18/2025,Summit Healthcare Group Inc.,"$17,853.30",
INV-250999,04/18/2025,04/18/2025,Twinsburg Industrial Park LLC,11157.58,
INV-251000,18-Apr-25,18-Apr-25,University Circle Svcs,13168.76,
INV-251001,04/18/2025,04/17/2025,Westlake Commercial Cleaning Company,5871.49,
INV-251002,2025-04-18,2025-04-18,Willoughby Tech Center,3407.83,
INV-251003,04/18/2025,04/17/2025,Youngstown Metal Works Inc.,9921.38,PO 46521
INV-251004,04/21/2025,04/21/2025,Eastgate Office Partners,5419.77,
INV-251005,04/21/2025,04/21/2025,Forest City Hotels and Resorts,6519.27,
INV-251006,04/21/2025,04/21/2025,Forest City Hotels and Resorts,3446.88,
INV-251007,2025-04-21,2025-04-20,Maple Heights Facilities LLC,3631.84,
INV-251008,21-Apr-25,20-Apr-25,North Coast Restaurants LLC,"$3,129.94",PO 43631
INV-251009,04/21/2025,04/20/2025,Portage Cold Storage Company,"$6,983.09",
INV-251010,04/21/2025,04/21/2025,Twinsburg Industrial Park LLC,"$4,360.71",Standing order
INV-251011,21-Apr-25,21-Apr-25,University Circle Services,7798.85,Standing order
INV-251012,04/21/2025,04/21/2025,UNIVERSITY CIRCLE SERVICES,4513.43,
INV-251013,21-Apr-25,21-Apr-25,Westlake Commercial Cleaning Company  ,"$43,080.27",
INV-251014,21-Apr-25,21-Apr-25,Youngstown Metal Works Inc.,"$2,018.70",Standing order
INV-251015,04/21/2025,04/21/2025,Youngstown Metal Works Inc.,11104.45,Standing order
INV-251016,21-Apr-25,21-Apr-25,Youngstown Metal Works Inc.,"$1,568.25",
INV-251017,2025-04-22,2025-04-22,Delmar Janitorial Services LLC,"$9,530.35",Standing order
INV-251018,04/22/2025,04/22/2025,Hamilton County Services,10263.21,
INV-251019,2025-04-22,2025-04-21,Heritage Food Services Inc.,6070.70,
INV-251020,2025-04-22,2025-04-22,Kent Valley Hospital,14479.29,PO 40445
INV-251021,2025-04-22,2025-04-22,Parma Community College,"$9,237.04",Standing order
INV-251022,22-Apr-25,22-Apr-25,Parma Community College,5711.85,
INV-251023,2025-04-22,2025-04-22,Parma Community College,3647.32,Standing order
INV-251024,2025-04-22,2025-04-22,Riverside Fitness Clubs LLC,61736.15,
INV-251025,2025-04-22,2025-04-21,Sandusky Marine and Supply,37409.97,Standing order
INV-251026,2025-04-22,2025-04-22,Sandusky Marine and Supply,6762.27,
INV-251027,22-Apr-25,21-Apr-25,Summit Healthcare Group Inc.,36203.22,Standing order
INV-251028,04/22/2025,04/22/2025,Twinsburg Industrial Park LLC,"$8,903.71",Standing order
INV-251029,04/22/2025,04/22/2025,Twinsburg Industrial Park LLC,"$7,939.59",PO 47940
INV-251030,22-Apr-25,22-Apr-25,University Circle Services,17979.87,
INV-251031,04/22/2025,04/22/2025,University Circle Services,7107.25,PO 42290
INV-251032,04/22/2025,04/21/2025,University Circle Services,12024.08,PO 49689
INV-251033,2025-04-22,2025-04-22,Valley View Hotels Inc.,15277.95,Standing order
INV-251034,22-Apr-25,22-Apr-25,Westlake Commercial Cleaning Company,"$4,440.60",
INV-251035,04/22/2025,04/21/2025,Westlake Commercial Cleaning Company,7845.29,Standing order
INV-251036,2025-04-23,2025-04-22,Bayview Medical Center Inc.,5507.14,
INV-251037,04/23/2025,04/23/2025,Bayview Medical Center Inc.,6531.11,PO 44187
INV-251038,04/23/2025,04/23/2025,Clearwater Janitorial Company,2554.26,
INV-251039,2025-04-23,2025-04-23,Garfield Industrial Company,19294.13,Standing order
INV-251040,23-Apr-25,23-Apr-25,Garfield Industrial Company,"$11,953.74",
INV-251041,2025-04-23,2025-04-23,Harborview Apartments LLC,17403.62,
INV-251042,04/23/2025,04/23/2025,Parma Community College,"$11,745.70",
INV-251043,23-Apr-25,22-Apr-25,Parma Community College,"$3,534.85",Standing order
INV-251044,04/23/2025,04/23/2025,Summit Healthcare Group Inc.,9462.00,
INV-251045,04/23/2025,04/22/2025,Twinsburg Industrial Park LLC,2714.99,
INV-251046,04/23/2025,04/23/2025,University Circle Services,3682.50,Standing order
INV-251047,2025-04-23,2025-04-22,Westlake Commercial Cleaning Company,7957.33,Standing order
INV-251048,2025-04-24,2025-04-24,Bayview Medical Center Inc.,"$9,663.17",
INV-251049,04/24/2025,04/24/2025,Clearwater Janitorial Company,3127.07,PO 48425
INV-251050,04/24/2025,04/24/2025,GARFIELD INDUSTRIAL COMPANY,"$3,225.69",
INV-251051,24-Apr-25,24-Apr-25,Garfield Industrial Company,8020.99,
INV-251052,24-Apr-25,23-Apr-25,Hamilton County Services,12390.72,PO 43395
INV-251053,2025-04-24,2025-04-23,Harborview Apartments LLC,"$15,308.33",
INV-251054,2025-04-24,2025-04-23,Heritage Food Services Inc.,3564.34,
INV-251055,2025-04-24,2025-04-23,Lorain Distribution Company,9860.62,PO 40690
INV-251056,04/24/2025,04/23/2025,Maple Heights Facilities LLC,"$4,601.86",
INV-251057,04/24/2025,04/24/2025,Maple Heights Facilities LLC  ,"$10,395.94",Standing order
INV-251058,2025-04-24,2025-04-24,PARMA COMMUNITY COLLEGE,4087.82,
INV-251059,04/24/2025,04/23/2025,Riverside Fitness Clubs LLC,"$4,830.22",
INV-251060,2025-04-24,2025-04-24,Summit Healthcare Group Inc.,32241.57,
INV-251061,24-Apr-25,23-Apr-25,University Circle Services,4618.18,Standing order
INV-251062,2025-04-24,2025-04-24,Westlake Commercial Cleaning Company,"$12,701.24",
INV-251063,04/24/2025,04/24/2025,Youngstown Metal Works Inc.,2891.34,
INV-251064,24-Apr-25,24-Apr-25,Youngstown Metal Works Inc.,"$12,991.56",
INV-251065,25-Apr-25,25-Apr-25,Bayview Medical Center Inc.,"$12,688.27",
INV-251066,2025-04-25,2025-04-24,CARDINAL HOSPITALITY GROUP LLC,2708.77,Standing order
INV-251067,25-Apr-25,24-Apr-25,Cedar Point Facility Services,30019.03,PO 46261
INV-251068,04/25/2025,04/25/2025,Forest City Hotels and Resorts,1670.85,PO 40543
INV-251069,25-Apr-25,25-Apr-25,Harborview Apartments LLC,"$5,753.60",
INV-251070,25-Apr-25,25-Apr-25,Heritage Food Services Inc.,8380.90,Standing order
INV-251071,25-Apr-25,24-Apr-25,Kent Valley Hospital,"$5,083.65",
INV-251072,2025-04-25,2025-04-25,Parma Community College,7018.85,
INV-251073,25-Apr-25,24-Apr-25,Riverside Fitness Clubs LLC,"$6,270.28",Standing order
INV-251074,04/25/2025,04/25/2025,WESTLAKE COMMERCIAL CLEANING COMPANY,10408.04,
INV-251075,2025-04-25,2025-04-25,Youngstown Metal Works Inc.,"$17,010.34",
INV-251076,2025-04-28,2025-04-28,Bayview Medical Center Inc.,6437.45,
INV-251077,2025-04-28,2025-04-28,Cardinal Hospitality Group LLC,7702.04,Standing order
INV-251078,04/28/2025,04/28/2025,Delmar Janitorial Services LLC,"$19,534.77",
INV-251079,28-Apr-25,28-Apr-25,Garfield Industrial Co.,16480.64,Standing order
INV-251080,04/28/2025,04/28/2025,Great Lakes Logistics Inc.,11357.82,PO 44744
INV-251081,04/28/2025,04/27/2025,Great Lakes Logistics Inc.,"$10,229.52",Standing order
INV-251082,2025-04-28,2025-04-28,Medina Auto Group,13341.82,
INV-251083,04/28/2025,04/28/2025,Parma Community College,"$6,222.36",PO 44978
INV-251084,2025-04-28,2025-04-28,Parma Community College,7230.45,
INV-251085,28-Apr-25,28-Apr-25,Parma Community College,4584.57,PO 47098
INV-251086,2025-04-28,2025-04-28,Parma Community College,9493.26,
INV-251087,2025-04-28,2025-04-28,Portage Cold Storage Company,6957.80,
INV-251088,28-Apr-25,28-Apr-25,Twinsburg Industrial Park LLC,"$55,724.90",PO 40603
INV-251089,04/29/2025,04/29/2025,Bayview Medical Center Inc.,4462.46,Standing order
INV-251090,04/29/2025,04/29/2025,Clearwater Janitorial Co.,"$11,278.55",Standing order
INV-251091,2025-04-29,2025-04-29,Eastgate Office Partners,8125.04,PO 42419
INV-251092,29-Apr-25,29-Apr-25,Evergreen Senior Living Inc.,31523.62,Standing order
INV-251093,2025-04-29,2025-04-29,Forest City Hotels and Resorts,6839.75,
INV-251094,29-Apr-25,28-Apr-25,Garfield Industrial Company,"$6,155.48",
INV-251095,2025-04-29,2025-04-28,Garfield Industrial Company,4083.62,PO 42258
INV-251096,29-Apr-25,29-Apr-25,Medina Auto Group,11935.48,
INV-251097,29-Apr-25,29-Apr-25,Oak Ridge Office Parks,7567.84,
INV-251098,29-Apr-25,29-Apr-25,Parma Community College,4442.90,
INV-251099,04/29/2025,04/29/2025,Twinsburg Industrial Park LLC,"$2,127.98",
INV-251100,2025-04-29,2025-04-29,Westlake Commercial Cleaning Company,7645.44,
INV-251101,2025-04-29,2025-04-28,YOUNGSTOWN METAL WORKS INC.,5033.47,
INV-251102,04/29/2025,04/29/2025,Youngstown Metal Works Inc.,4494.72,
INV-251103,2025-04-29,2025-04-29,Youngstown Metal Works Inc.,17128.53,
INV-251104,04/30/2025,04/30/2025,Bayview Medical Center Inc.,16827.83,
INV-251105,30-Apr-25,30-Apr-25,Clearwater Janitorial Company,2265.80,Standing order
INV-251106,30-Apr-25,30-Apr-25,Forest City Hotels and Resorts,8849.50,
INV-251107,04/30/2025,04/30/2025,Great Lakes Logistics Inc.,"$9,482.68",
INV-251108,04/30/2025,04/30/2025,Medina Auto Group,15127.98,PO 49170
INV-251109,30-Apr-25,30-Apr-25,Midwest Stadium Services Inc.  ,"$7,027.77",
INV-251110,30-Apr-25,29-Apr-25,Parma Community College,16912.55,
INV-251111,04/30/2025,04/29/2025,Parma Community College,"$4,327.11",PO 47691
INV-251112,04/30/2025,04/30/2025,Shaker Square Retail Partners,"$12,783.99",Standing order
INV-251113,30-Apr-25,30-Apr-25,Twinsburg Industrial Park LLC,13373.39,
INV-251114,2025-04-30,2025-04-30,University Circle Services,3802.73,
INV-251115,04/30/2025,04/30/2025,YOUNGSTOWN METAL WORKS INC.,8228.60,
INV-251116,30-Apr-25,30-Apr-25,Youngstown Metal Works,5383.90,
INV-251117,2025-04-30,2025-04-29,Youngstown Metal Works Inc.,8576.98,Standing order
INV-251118,30-Apr-25,30-Apr-25,Youngstown Metal Works Inc.,17051.32,
,,,Subtotal - Apr 2025,"$3,174,977.61",
INV-251119,05/01/2025,05/01/2025,Eastgate Office Partners,"$32,534.20",PO 41118
INV-251120,01-May-25,30-Apr-25,Great Lakes Logistics Inc.,"$4,918.76",Standing order
INV-251121,2025-05-01,2025-05-01,Great Lakes Logistics Inc.,8697.75,
INV-251122,01-May-25,01-May-25,Great Lakes Logistics,5901.75,Standing order
INV-251123,01-May-25,01-May-25,Medina Auto Group,"$25,752.02",Standing order
INV-251124,2025-05-01,2025-05-01,Midwest Stadium Services Inc.,12190.43,Standing order
INV-251125,01-May-25,01-May-25,Oak Ridge Office Parks,20043.84,PO 42146
INV-251126,2025-05-01,2025-05-01,Oak Ridge Office Parks,"$9,158.09",Standing order
INV-251127,05/01/2025,05/01/2025,Summit Healthcare Group Inc.,20421.54,
INV-251128,01-May-25,01-May-25,University Circle Services,6227.16,Standing order
INV-251129,05/01/2025,05/01/2025,University Circle Services,9902.36,PO 46374
INV-251130,05/01/2025,04/30/2025,Willoughby Tech Center,8034.78,
INV-251131,01-May-25,01-May-25,Youngstown Metal Works Inc.,4536.51,
INV-251132,01-May-25,01-May-25,Youngstown Metal Works Inc.,"$6,484.25",PO 47477
INV-251133,2025-05-02,2025-05-02,Eastgate Office Partners,"$12,179.74",PO 48827
INV-251134,2025-05-02,2025-05-01,Evergreen Senior Living Inc.,6046.50,
INV-251135,2025-05-02,2025-05-02,HERITAGE FOOD SERVICES INC.,"$11,706.39",
INV-251136,02-May-25,02-May-25,Medina Auto Group  ,"$3,456.63",PO 48199
INV-251137,05/02/2025,05/01/2025,Medina Auto Group,2642.84,
INV-251138,05/02/2025,05/02/2025,Parma Community College,4813.60,
INV-251139,05/02/2025,05/02/2025,Riverside Fitness Clubs LLC,15838.48,
INV-251140,05/02/2025,05/02/2025,Twinsburg Industrial Park LLC,6801.15,PO 47890
INV-251141,2025-05-05,2025-05-05,Allegheny Property Management LLC,"$26,747.49",
INV-251142,05-May-25,05-May-25,Bayview Medical Center Inc.,16179.30,
INV-251143,2025-05-05,2025-05-05,Cardinal Hospitality Group LLC,25872.36,
INV-251144,2025-05-05,2025-05-05,Cardinal Hospitality Group LLC,"$5,401.58",
INV-251145,05/05/2025,05/05/2025,Delmar Janitorial Services LLC,13242.14,
INV-251146,05-May-25,05-May-25,Evergreen Senior Living Inc.,15709.87,
INV-251147,2025-05-05,2025-05-05,Forest City Hotels and Resorts,13814.84,
INV-251148,2025-05-05,2025-05-04,Harborview Apartments LLC,3061.87,
INV-251149,05-May-25,05-May-25,Kent Valley Hospital,4620.25,
INV-251150,05/05/2025,05/05/2025,Midwest Stadium Services Inc.,3497.46,PO 48549
INV-251151,2025-05-05,2025-05-04,Oak Ridge Office Parks,13473.44,
INV-251152,05/05/2025,05/05/2025,Summit Healthcare Group Inc.,24753.74,PO 45490
INV-251153,05-May-25,05-May-25,Valley View Hotels Inc.,24801.28,Standing order
INV-251154,2025-05-05,2025-05-05,Westlake Commercial Cleaning Company  ,"$12,789.38",
INV-251155,05/05/2025,05/05/2025,Westlake Commercial Cleaning Company,"$13,586.51",PO 48446
INV-251156,2025-05-06,2025-05-06,Delmar Janitorial Services LLC,1346.62,
INV-251157,05/06/2025,05/05/2025,Delmar Janitorial Services LLC,3775.93,
INV-251158,2025-05-06,2025-05-05,Forest City Hotels and Resorts,"$7,265.81",
INV-251159,05/06/2025,05/06/2025,Ironwood Property Services,"$14,216.60",
INV-251160,06-May-25,06-May-25,Ironwood Property Services,8187.22,PO 43568
INV-251161,2025-05-06,2025-05-06,Medina Auto Group  ,"$23,075.93",
INV-251162,06-May-25,06-May-25,Oak Ridge Office Parks,20473.70,
INV-251163,05/06/2025,05/05/2025,Pinnacle Building Services Inc.,8859.68,
INV-251164,2025-05-06,2025-05-06,Summit Healthcare Group Inc.,"$4,382.79",
INV-251165,05/06/2025,05/05/2025,TRI-STATE WAREHOUSE COMPANY,13071.59,PO 42791
INV-251166,06-May-25,06-May-25,University Circle Services,"$5,164.77",
INV-251167,2025-05-06,2025-05-06,University Circle Services,27791.89,
INV-251168,2025-05-06,2025-05-05,Westlake Commercial Cleaning Company,"$15,135.56",
INV-251169,05/06/2025,05/06/2025,Westlake Commercial Cleaning Company,4687.29,Standing order
INV-251170,2025-05-06,2025-05-05,Youngstown Metal Works Inc.,38046.34,
INV-251171,2025-05-07,2025-05-07,Evergreen Senior Living Inc.,13105.42,
INV-251172,05/07/2025,05/07/2025,Garfield Industrial Company,32022.02,
INV-251173,07-May-25,07-May-25,Great Lakes Logistics Inc.,4469.85,
INV-251174,2025-05-07,2025-05-07,Great Lakes Logistics Inc.,4694.55,
INV-251175,05/07/2025,05/06/2025,Kent Valley Hospital,3889.33,
INV-251176,05/07/2025,05/07/2025,Kent Valley Hospital,14123.73,
INV-251177,07-May-25,07-May-25,Lakeshore Cleaning Services Inc.,17880.18,Standing order
INV-251178,2025-05-07,2025-05-07,Lorain Distribution Company,20002.08,PO 47141
INV-251179,2025-05-07,2025-05-06,Medina Auto Group,5122.03,Standing order
INV-251180,2025-05-07,2025-05-07,University Circle Svcs,14790.27,
INV-251181,07-May-25,06-May-25,Youngstown Metal Works Inc.,"$8,383.39",
INV-251182,07-May-25,07-May-25,Youngstown Metal Works Inc.,9089.47,Standing order
INV-251183,08-May-25,07-May-25,BAYVIEW MEDICAL CENTER INC.,15362.63,PO 48080
INV-251184,2025-05-08,2025-05-08,Evergreen Senior Living Inc.,"$14,104.93",
INV-251185,05/08/2025,05/08/2025,Heritage Food Services,2185.87,
INV-251186,2025-05-08,2025-05-08,Lakeshore Cleaning Services Inc.,29361.24,Standing order
INV-251187,05/08/2025,05/08/2025,North Coast Restaurants LLC,"$6,249.02",
INV-251188,08-May-25,07-May-25,Parma Community College,8895.68,
INV-251189,08-May-25,08-May-25,Pinnacle Building Services Inc.,13688.07,Standing order
INV-251190,08-May-25,08-May-25,Riverside Fitness Clubs LLC,"$16,263.17",Standing order
INV-251191,2025-05-08,2025-05-07,Summit Healthcare Group Inc.,9828.80,Standing order
INV-251192,2025-05-08,2025-05-07,Summit Healthcare Group Inc.,6169.98,
INV-251193,2025-05-08,2025-05-08,Westlake Commercial Cleaning Company,"$9,640.20",
INV-251194,08-May-25,08-May-25,Westlake Commercial Cleaning Company,"$6,161.31",Standing order
INV-251195,08-May-25,07-May-25,Willoughby Tech Center,"$3,437.43",
INV-251196,08-May-25,08-May-25,Youngstown Metal Works Inc.,"$22,426.85",Standing order
INV-251197,05/08/2025,05/07/2025,YOUNGSTOWN METAL WORKS INC.,"$4,432.49",
INV-251198,05/08/2025,05/08/2025,Youngstown Metal Works Inc.,6378.92,PO 40025
INV-251199,09-May-25,09-May-25,Bayview Medical Center Inc.,9351.35,
INV-251200,09-May-25,09-May-25,Cardinal Hospitality Group LLC,19958.48,
INV-251201,05/09/2025,05/08/2025,Delmar Janitorial Services LLC,7520.81,Standing order
INV-251202,05/09/2025,05/09/2025,Harborview Apartments LLC,15522.60,
INV-251203,2025-05-09,2025-05-09,Ironwood Property Services,14160.66,PO 44809
INV-251204,05/09/2025,05/09/2025,Maple Heights Facilities LLC,13877.86,
INV-251205,05/09/2025,05/09/2025,Medina Auto Group,$941.96,
INV-251206,09-May-25,08-May-25,Portage Cold Storage Company,"$11,880.57",Standing order
INV-251207,09-May-25,09-May-25,Riverside Fitness Clubs LLC,17690.85,
INV-251208,09-May-25,09-May-25,Riverside Fitness Clubs LLC,7496.07,
INV-251209,05/09/2025,05/09/2025,Westlake Commercial Cleaning Company  ,15060.70,PO 43032
INV-251210,05/09/2025,05/09/2025,Youngstown Metal Works Inc.,5599.26,
INV-251211,12-May-25,11-May-25,Bayview Medical Center Inc.,37538.13,
INV-251212,2025-05-12,2025-05-12,Great Lakes Logistics Inc.,14236.27,
INV-251213,12-May-25,11-May-25,Harborview Apartments LLC,15096.67,
INV-251214,12-May-25,12-May-25,Heritage Food Services Inc.,6365.63,PO 45233
INV-251215,05/12/2025,05/12/2025,Kent Valley Hospital,"$20,434.33",
INV-251216,2025-05-12,2025-05-11,Kent Valley Hospital,6353.89,PO 42558
INV-251217,05/12/2025,05/12/2025,Kent Valley Hospital,"$18,100.84",Standing order
INV-251218,05/12/2025,05/12/2025,Lorain Distribution Company,7111.30,
INV-251219,05/12/2025,05/12/2025,NORTH COAST RESTAURANTS LLC,5978.93,
INV-251220,05/12/2025,05/12/2025,Pinnacle Building Services Inc.,3505.17,
INV-251221,12-May-25,12-May-25,Sandusky Marine and Supply,"$21,418.57",
INV-251222,12-May-25,12-May-25,Stark County Services,1153.51,
INV-251223,2025-05-12,2025-05-12,Tri-State Warehouse Company,"$6,226.11",
INV-251224,05/12/2025,05/11/2025,Twinsburg Industrial Park LLC,"$11,971.50",Standing order
INV-251225,05/12/2025,05/12/2025,University Circle Services,"$5,033.43",
INV-251226,12-May-25,11-May-25,Westlake Commercial Cleaning Company,11542.78,
INV-251227,2025-05-12,2025-05-12,Youngstown Metal Works Inc.,"$32,318.67",Standing order
INV-251228,05/13/2025,05/13/2025,Bayview Medical Center Inc.,1654.65,
INV-251229,05/13/2025,05/13/2025,Bayview Medical Center Inc.,8625.98,
INV-251230,05/13/2025,05/13/2025,Bayview Medical Center Inc.,"$39,525.15",PO 42259
INV-251231,2025-05-13,2025-05-12,Cardinal Hospitality Group LLC,3040.94,PO 47897
INV-251232,13-May-25,12-May-25,Delmar Janitorial Services LLC,"$22,773.12",PO 49731
INV-251233,13-May-25,12-May-25,Garfield Industrial Company,13869.88,Standing order
INV-251234,05/13/2025,05/13/2025,Harborview Apartments LLC,"$17,768.96",
INV-251235,05/13/2025,05/12/2025,Ironwood Property Services,"$4,814.19",Standing order
INV-251236,13-May-25,13-May-25,Midwest Stadium Services Inc.,4308.85,Standing order
INV-251237,2025-05-13,2025-05-13,Parma Community College,20897.74,
INV-251238,2025-05-13,2025-05-12,Riverside Fitness Clubs LLC,13447.43,PO 43405
INV-251239,05/13/2025,05/13/2025,Summit Healthcare Group Inc.,"$5,496.02",PO 49869
INV-251240,2025-05-13,2025-05-13,TRI-STATE WAREHOUSE COMPANY,30298.86,
INV-251241,13-May-25,13-May-25,Youngstown Metal Works Inc.,24098.28,PO 45970
INV-251242,05/14/2025,05/14/2025,Bayview Medical Center Inc.,"$8,682.47",
INV-251243,2025-05-14,2025-05-13,Bayview Medical Center Inc.,71977.94,
INV-251244,14-May-25,14-May-25,Garfield Industrial Company,14877.30,
INV-251245,14-May-25,14-May-25,Harborview Apartments LLC,3770.51,Standing order
INV-251246,2025-05-14,2025-05-14,Lorain Distribution Company,"$12,444.19",
INV-251247,05/14/2025,05/13/2025,Medina Auto Group,5141.24,
INV-251248,2025-05-14,2025-05-14,Parma Community College,"$6,675.97",PO 41952
INV-251249,2025-05-14,2025-05-14,Sandusky Marine and Supply,"$4,884.79",
INV-251250,14-May-25,14-May-25,Summit Healthcare Group Inc.,"$13,423.30",PO 49726
INV-251251,05/14/2025,05/13/2025,University Circle Services,"$4,477.54",
INV-251252,05/14/2025,05/14/2025,Youngstown Metal Works Inc.,4475.12,
INV-251253,2025-05-15,2025-05-15,Allegheny Property Management LLC,35061.17,
INV-251254,05/15/2025,05/15/2025,Bayview Medical Center Inc.,6576.64,
INV-251255,05/15/2025,05/15/2025,Cardinal Hospitality Group LLC,40431.31,
INV-251256,05/15/2025,05/14/2025,Delmar Janitorial Services LLC,10362.92,
INV-251257,15-May-25,14-May-25,Eastgate Office Partners,4977.34,
INV-251258,15-May-25,15-May-25,Forest City Hotels and Resorts,"$6,214.13",
INV-251259,05/15/2025,05/15/2025,Forest City Hotels and Resorts,8576.53,PO 48823
INV-251260,15-May-25,15-May-25,North Coast Restaurants LLC,"$9,823.60",
INV-251261,05/15/2025,05/15/2025,Oak Ridge Office Parks,"$14,683.20",PO 43825
INV-251262,15-May-25,15-May-25,Summit Healthcare Group Inc.,"$2,882.65",Standing order
INV-251263,15-May-25,14-May-25,Twinsburg Industrial Park LLC,10565.27,PO 40707
INV-251264,15-May-25,15-May-25,Twinsburg Industrial Park LLC,"$5,480.37",Standing order
INV-251265,2025-05-15,2025-05-14,Westlake Commercial Cleaning Company,6413.65,
INV-251266,16-May-25,16-May-25,Bayview Medical Center Inc.,"$18,991.97",PO 41818
INV-251267,05/16/2025,05/16/2025,Bayview Medical Center Inc.,7249.69,
INV-251268,2025-05-16,2025-05-15,Clearwater Janitorial Company,10398.42,PO 44590
INV-251269,05/16/2025,05/16/2025,Eastgate Office Partners,12729.54,
INV-251270,2025-05-16,2025-05-15,Lorain Distribution Company,"$5,590.51",
INV-251271,05/16/2025,05/15/2025,Medina Auto Group,"$7,219.03",
INV-251272,16-May-25,16-May-25,Midwest Stadium Services Inc.,2412.29,Standing order
INV-251273,16-May-25,16-May-25,Portage Cold Storage Company,12107.71,PO 40461
INV-251274,05/16/2025,05/15/2025,Twinsburg Industrial Park LLC,7709.68,PO 48571
INV-251275,05/16/2025,05/16/2025,Youngstown Metal Works Inc.,"$14,283.86",Standing order
INV-251276,05/19/2025,05/19/2025,Bayview Medical Center Inc.,3881.32,Standing order
INV-251277,2025-05-19,2025-05-19,Bayview Medical Center Inc.,"$8,214.32",
INV-251278,05/19/2025,05/19/2025,Eastgate Office Partners,23590.65,
INV-251279,19-May-25,19-May-25,Fairlawn Public Schools,5990.18,
INV-251280,19-May-25,19-May-25,FAIRLAWN PUBLIC SCHOOLS,"$7,079.77",
INV-251281,2025-05-19,2025-05-19,Garfield Industrial Company,"$22,499.77",
INV-251282,19-May-25,19-May-25,Kent Valley Hospital,"$2,140.08",
INV-251283,05/19/2025,05/19/2025,Summit Healthcare Group Inc.,"$7,500.90",PO 48537
INV-251284,05/19/2025,05/19/2025,Twinsburg Industrial Park LLC,15800.99,
INV-251285,2025-05-19,2025-05-19,Westlake Commercial Cleaning Company,5888.83,Standing order
INV-251286,05/19/2025,05/19/2025,Westlake Commercial Cleaning Company,"$10,813.60",
INV-251287,05/19/2025,05/19/2025,Youngstown Metal Works Inc.,"$4,723.95",
INV-251288,19-May-25,18-May-25,Youngstown Metal Works Inc.,"$14,137.64",
INV-251289,2025-05-20,2025-05-20,Great Lakes Logistics Inc.,"$5,140.57",
INV-251290,2025-05-20,2025-05-20,Heritage Food Services Inc.,1590.10,
INV-251291,2025-05-20,2025-05-20,Kent Valley Hospital,9733.74,PO 47691
INV-251292,2025-05-20,2025-05-19,Sandusky Marine and Supply,"$22,556.01",PO 49330
INV-251293,05/20/2025,05/20/2025,Twinsburg Industrial Park LLC,"$6,167.44",
INV-251294,20-May-25,20-May-25,Twinsburg Industrial Park LLC,"$7,197.65",Standing order
INV-251295,20-May-25,20-May-25,Westlake Commercial Cleaning Company,25401.78,PO 48001
INV-251296,05/20/2025,05/19/2025,Youngstown Metal Works Inc.,"$36,343.44",
INV-251297,05/20/2025,05/20/2025,Youngstown Metal Works Inc.,"$15,374.95",PO 44012
INV-251298,2025-05-20,2025-05-19,Youngstown Metal Works Inc.,24277.97,
INV-251299,21-May-25,21-May-25,Cardinal Hospitality Group LLC,"$3,267.98",
INV-251300,21-May-25,21-May-25,Garfield Industrial Company,"$3,148.98",
INV-251301,2025-05-21,2025-05-21,Garfield Industrial Company,"$4,456.18",PO 44902
INV-251302,2025-05-21,2025-05-20,Great Lakes Logistics Inc.,9397.29,
INV-251303,05/21/2025,05/21/2025,Hamilton County Services,5727.77,PO 40438
INV-251304,2025-05-21,2025-05-21,Midwest Stadium Services Inc.,8277.02,
INV-251305,21-May-25,21-May-25,Oak Ridge Office Parks,17519.92,
INV-251306,05/21/2025,05/21/2025,Parma Community College  ,10923.21,
INV-251307,2025-05-21,2025-05-21,Parma Community College,32880.25,
INV-251308,21-May-25,21-May-25,Portage Cold Storage Company,"$18,316.95",
INV-251309,05/21/2025,05/21/2025,Westlake Commercial Cleaning Company,"$4,027.76",PO 40201
INV-251310,05/21/2025,05/21/2025,Westlake Commercial Cleaning Company,"$11,288.05",
INV-251311,05/21/2025,05/20/2025,Youngstown Metal Works Inc.,"$4,731.24",PO 42151
INV-251312,05/22/2025,05/22/2025,Clearwater Janitorial Company,9103.09,PO 49609
INV-251313,05/22/2025,05/22/2025,Great Lakes Logistics Inc.,7366.38,
INV-251314,22-May-25,21-May-25,Great Lakes Logistics Inc.,19539.04,Standing order
INV-251315,05/22/2025,05/22/2025,Midwest Stadium Svcs Inc.,"$14,145.96",
INV-251316,05/22/2025,05/22/2025,Oak Ridge Office Parks,"$9,314.88",Standing order
INV-251317,22-May-25,22-May-25,Oak Ridge Office Parks,"$35,306.46",Standing order
INV-251318,22-May-25,22-May-25,Youngstown Metal Works Inc.,"$8,364.89",Standing order
INV-251319,22-May-25,22-May-25,Youngstown Metal Works Inc.,5452.52,
INV-251320,2025-05-23,2025-05-23,Bayview Medical Center Inc.,"$8,703.83",
INV-251321,05/23/2025,05/22/2025,Bayview Medical Center Inc.,4744.03,Standing order
INV-251322,23-May-25,23-May-25,Garfield Industrial Company,6930.45,
INV-251323,2025-05-23,2025-05-23,Garfield Industrial Company,"$9,265.05",PO 49335
INV-251324,23-May-25,23-May-25,Harborview Apartments,6841.74,
INV-251325,2025-05-23,2025-05-22,Harborview Apartments LLC,21186.93,PO 49272
INV-251326,23-May-25,22-May-25,Medina Auto Group,2524.29,PO 40317
INV-251327,05/23/2025,05/23/2025,Medina Auto Group,"$4,176.92",
INV-251328,23-May-25,23-May-25,Oak Ridge Office Parks,"$2,252.55",PO 40719
INV-251329,05/23/2025,05/22/2025,Parma Community College,4453.36,
INV-251330,23-May-25,23-May-25,Portage Cold Storage Company,"$18,332.85",PO 49822
INV-251331,05/23/2025,05/23/2025,Portage Cold Storage Company,4880.25,PO 49804
INV-251332,23-May-25,23-May-25,Stark County Services,1229.33,
INV-251333,05/26/2025,05/26/2025,Cardinal Hospitality Group LLC  ,"$7,287.21",Standing order
INV-251334,26-May-25,26-May-25,Heritage Food Services Inc.  ,1925.71,Standing order
INV-251335,26-May-25,26-May-25,Heritage Food Services Inc.,21566.50,Standing order
INV-251336,2025-05-26,2025-05-25,Maple Heights Facilities LLC,"$3,637.07",
INV-251337,05/26/2025,05/26/2025,Midwest Stadium Services Inc.,7150.39,
INV-251338,05/26/2025,05/26/2025,PARMA COMMUNITY COLLEGE,11308.12,Standing order
INV-251339,2025-05-26,2025-05-26,Twinsburg Industrial Park,"$2,010.10",
INV-251340,05/26/2025,05/26/2025,Westlake Commercial Cleaning Company,"$17,602.69",
INV-251341,2025-05-26,2025-05-26,Westlake Commercial Cleaning Company,"$3,867.91",
INV-251342,26-May-25,26-May-25,Westlake Commercial Cleaning Company,2202.94,
INV-251343,2025-05-26,2025-05-26,Youngstown Metal Works Inc.  ,"$23,956.38",
INV-251344,05/26/2025,05/26/2025,Youngstown Metal Works Inc.,11815.12,
INV-251345,2025-05-27,2025-05-27,Delmar Janitorial Services LLC,15765.39,
INV-251346,05/27/2025,05/26/2025,Eastgate Office Partners,"$2,105.96",
INV-251347,2025-05-27,2025-05-27,Garfield Industrial Company,"$12,823.32",PO 43427
INV-251348,05/27/2025,05/27/2025,Medina Auto Group,4490.17,Standing order
INV-251349,2025-05-27,2025-05-27,Midwest Stadium Svcs Inc.,1323.38,
INV-251350,2025-05-27,2025-05-27,Midwest Stadium Services Inc.,3677.92,
INV-251351,2025-05-27,2025-05-27,Oak Ridge Office Parks,"$4,071.96",
INV-251352,05/27/2025,05/26/2025,Oak Ridge Office Parks,4690.17,
INV-251353,27-May-25,27-May-25,Sandusky Marine and Supply,2553.51,PO 46576
INV-251354,27-May-25,27-May-25,Valley View Hotels Inc.,25372.35,PO 43862
INV-251355,05/27/2025,05/27/2025,Westlake Commercial Cleaning Company,21447.41,Standing order
INV-251356,05/27/2025,05/26/2025,Willoughby Tech Center,"$5,344.30",
INV-251357,27-May-25,27-May-25,Youngstown Metal Works,11720.18,
INV-251358,05/28/2025,05/28/2025,Allegheny Property Management LLC,7255.62,
INV-251359,2025-05-28,2025-05-27,Bayview Medical Center Inc.,4295.25,Standing order
INV-251360,2025-05-28,2025-05-27,Bayview Medical Center Inc.,"$12,200.79",
INV-251361,28-May-25,27-May-25,Bayview Medical Center Inc.,10399.57,
INV-251362,28-May-25,27-May-25,Forest City Hotels and Resorts,12810.27,Standing order
INV-251363,05/28/2025,05/28/2025,Midwest Stadium Services Inc.,8263.62,PO 42086
INV-251364,05/28/2025,05/28/2025,Parma Community College,5752.22,
INV-251365,05/28/2025,05/28/2025,Parma Community College,12218.21,Standing order
INV-251366,2025-05-28,2025-05-28,Summit Healthcare Group Inc.,4928.57,
INV-251367,2025-05-28,2025-05-28,Summit Healthcare Group Inc.,18144.88,Standing order
INV-251368,2025-05-28,2025-05-27,Westlake Commercial Cleaning Company,6851.70,Standing order
INV-251369,05/28/2025,05/28/2025,Westlake Commercial Cleaning Company,"$2,857.08",
INV-251370,2025-05-28,2025-05-27,Westlake Commercial Cleaning Company,"$10,021.75",
INV-251371,05/29/2025,05/28/2025,Eastgate Office Partners,"$15,905.04",PO 43736
INV-251372,2025-05-29,2025-05-29,Garfield Industrial Co.,8490.73,
INV-251373,2025-05-29,2025-05-29,Great Lakes Logistics Inc.,"$16,026.50",Standing order
INV-251374,29-May-25,29-May-25,Great Lakes Logistics Inc.,"$10,284.04",
INV-251375,2025-05-29,2025-05-28,Great Lakes Logistics Inc.,"$27,250.44",
INV-251376,05/29/2025,05/29/2025,GREAT LAKES LOGISTICS INC.,25001.71,Standing order
INV-251377,2025-05-29,2025-05-29,Heritage Food Services Inc.,10423.52,PO 40462
INV-251378,2025-05-29,2025-05-29,LORAIN DISTRIBUTION COMPANY,7868.99,PO 49007
INV-251379,29-May-25,28-May-25,Medina Auto Group,9048.45,
INV-251380,2025-05-29,2025-05-28,Medina Auto Group,2924.86,
INV-251381,29-May-25,29-May-25,Oak Ridge Office Parks,"$8,249.82",
INV-251382,05/29/2025,05/29/2025,Stark County Services,18115.61,Standing order
INV-251383,2025-05-29,2025-05-29,Twinsburg Industrial Park,2903.55,Standing order
INV-251384,29-May-25,29-May-25,Twinsburg Industrial Park LLC,5251.83,
INV-251385,05/29/2025,05/28/2025,University Circle Services,"$57,916.72",
INV-251386,05/29/2025,05/29/2025,Youngstown Metal Works Inc.,6098.94,
INV-251387,05/29/2025,05/29/2025,Youngstown Metal Works Inc.,8805.14,
INV-251388,2025-05-30,2025-05-30,Cardinal Hospitality Group LLC  ,"$15,163.79",
INV-251389,2025-05-30,2025-05-30,Delmar Janitorial Services LLC,"$8,473.57",Standing order
INV-251390,30-May-25,30-May-25,Fairlawn Public Schools,12963.84,
INV-251391,30-May-25,30-May-25,Heritage Food Services Inc.,3952.34,
INV-251392,05/30/2025,05/30/2025,Midwest Stadium Services Inc.,"$34,659.99",
INV-251393,05/30/2025,05/30/2025,Midwest Stadium Services Inc.,38269.40,Standing order
INV-251394,2025-05-30,2025-05-30,OAK RIDGE OFFICE PARKS,29006.96,
INV-251395,05/30/2025,05/30/2025,Parma Community College,"$7,484.56",
INV-251396,05/30/2025,05/30/2025,Parma Community College,"$3,548.16",
INV-251397,30-May-25,30-May-25,Sandusky Marine and Supply,"$69,854.77",
INV-251398,05/30/2025,05/30/2025,Twinsburg Industrial Park LLC,13031.39,PO 42360
INV-251399,05/30/2025,05/30/2025,Westlake Commercial Cleaning Company,16729.38,
INV-251400,2025-05-30,2025-05-30,Westlake Commercial Cleaning Company,"$4,527.20",Standing order
INV-251401,30-May-25,30-May-25,Youngstown Metal Works Inc.,9742.93,
,,,Subtotal - May 2025,"$3,436,932.62",
INV-251402,06/02/2025,06/02/2025,Garfield Industrial Company,"$11,404.41",
INV-251403,06/02/2025,06/02/2025,Garfield Industrial Co.,"$8,270.36",PO 42861
INV-251404,2025-06-02,2025-06-02,Parma Community College,"$11,736.66",Standing order
INV-251405,2025-06-02,2025-06-01,Parma Community College,30405.67,
INV-251406,02-Jun-25,02-Jun-25,Summit Healthcare Group Inc.,6557.99,
INV-251407,2025-06-02,2025-06-02,Tri-State Warehouse Company,14638.19,Standing order
INV-251408,2025-06-02,2025-06-01,University Circle Services,3009.76,PO 45006
INV-251409,02-Jun-25,02-Jun-25,Westlake Commercial Cleaning Company,29712.59,
INV-251410,02-Jun-25,02-Jun-25,Westlake Commercial Cleaning Company,9722.10,PO 49191
INV-251411,02-Jun-25,01-Jun-25,Youngstown Metal Works Inc.,13759.89,
INV-251412,2025-06-02,2025-06-02,Youngstown Metal Works Inc.,11218.58,
INV-251413,06/02/2025,06/02/2025,Youngstown Metal Works Inc.,7742.05,
INV-251414,06/02/2025,06/02/2025,Youngstown Metal Works Inc.,"$2,873.47",
INV-251415,06/03/2025,06/03/2025,Bayview Medical Center Inc.,"$5,931.91",
INV-251416,06/03/2025,06/03/2025,Bayview Medical Center Inc.,"$7,411.76",PO 47273
INV-251417,03-Jun-25,03-Jun-25,BAYVIEW MEDICAL CENTER INC.,13442.12,Standing order
INV-251418,06/03/2025,06/03/2025,Garfield Industrial Company,5159.02,
INV-251419,03-Jun-25,03-Jun-25,Garfield Industrial Company,6502.44,
INV-251420,06/03/2025,06/02/2025,Highland Manufacturing Company,23940.57,
INV-251421,2025-06-03,2025-06-03,IRONWOOD PROPERTY SERVICES,"$9,990.50",
INV-251422,06/03/2025,06/03/2025,Kent Valley Hospital,10890.66,Standing order
INV-251423,06/03/2025,06/02/2025,Lorain Distribution Company,"$4,249.22",Standing order
INV-251424,06/03/2025,06/02/2025,Oak Ridge Office Parks,7841.58,
INV-251425,2025-06-03,2025-06-02,Summit Healthcare Group Inc.,14552.43,
INV-251426,03-Jun-25,03-Jun-25,Twinsburg Industrial Park LLC,4711.86,PO 48634
INV-251427,03-Jun-25,03-Jun-25,Youngstown Metal Works Inc.,"$15,042.94",
INV-251428,06/04/2025,06/04/2025,Bayview Medical Center Inc.,"$12,359.62",
INV-251429,06/04/2025,06/04/2025,Bayview Medical Center Inc.,"$34,488.88",
INV-251430,06/04/2025,06/04/2025,Eastgate Office Partners,16573.45,
INV-251431,04-Jun-25,03-Jun-25,Forest City Hotels and Resorts,3608.24,
INV-251432,04-Jun-25,04-Jun-25,Forest City Hotels & Resorts,31238.14,
INV-251433,06/04/2025,06/04/2025,Harborview Apartments LLC,4056.35,
INV-251434,04-Jun-25,04-Jun-25,Kent Valley Hospital,6563.77,PO 43903
INV-251435,2025-06-04,2025-06-04,Kent Valley Hospital,8144.47,PO 40922
INV-251436,2025-06-04,2025-06-04,Medina Auto Group,11868.13,
INV-251437,06/04/2025,06/03/2025,North Coast Restaurants LLC,"$5,857.90",Standing order
INV-251438,04-Jun-25,04-Jun-25,North Coast Restaurants LLC,"$12,781.80",
INV-251439,06/04/2025,06/04/2025,Oak Ridge Office Parks,"$9,559.57",Standing order
INV-251440,04-Jun-25,04-Jun-25,Oak Ridge Office Parks,"$8,458.51",
INV-251441,06/04/2025,06/04/2025,Summit Healthcare Group Inc.  ,23809.81,Standing order
INV-251442,2025-06-04,2025-06-04,Twinsburg Industrial Park LLC,58094.70,
INV-251443,2025-06-04,2025-06-04,Twinsburg Industrial Park LLC,"$10,410.34",PO 47582
INV-251444,2025-06-04,2025-06-04,Westlake Commercial Cleaning Company,"$9,562.34",PO 49079
INV-251445,06/04/2025,06/04/2025,Youngstown Metal Works Inc.,20156.34,Standing order
INV-251446,2025-06-05,2025-06-04,Bayview Medical Center Inc.,5624.45,PO 41643
INV-251447,06/05/2025,06/05/2025,Clearwater Janitorial Company,7062.88,
INV-251448,2025-06-05,2025-06-05,Highland Manufacturing Company,50953.10,
INV-251449,2025-06-05,2025-06-05,Ironwood Property Services,5038.85,
INV-251450,2025-06-05,2025-06-05,Kent Valley Hospital,"$10,164.83",Standing order
INV-251451,05-Jun-25,04-Jun-25,Kent Valley Hospital,10860.20,
INV-251452,06/05/2025,06/04/2025,Medina Auto Group,2280.07,
INV-251453,05-Jun-25,05-Jun-25,Portage Cold Storage Company,5357.98,Standing order
INV-251454,05-Jun-25,05-Jun-25,Riverside Fitness Clubs LLC,26082.95,
INV-251455,06/05/2025,06/04/2025,Twinsburg Industrial Park LLC,3574.67,PO 40272
INV-251456,2025-06-05,2025-06-04,Twinsburg Industrial Park LLC,14964.57,
INV-251457,06/05/2025,06/05/2025,University Circle Services,"$9,615.27",
INV-251458,05-Jun-25,05-Jun-25,Westlake Commercial Cleaning Company,11504.19,PO 48587
INV-251459,05-Jun-25,05-Jun-25,Westlake Commercial Cleaning Co.,"$9,086.80",
INV-251460,2025-06-05,2025-06-04,Westlake Commercial Cleaning Company,6732.61,Standing order
INV-251461,06-Jun-25,06-Jun-25,Bayview Medical Center Inc.,"$6,134.05",Standing order
INV-251462,06-Jun-25,06-Jun-25,Eastgate Office Partners,"$4,708.74",Standing order
INV-251463,06-Jun-25,06-Jun-25,Medina Auto Group,"$22,974.31",
INV-251464,2025-06-06,2025-06-05,Parma Community College,8974.83,
INV-251465,06/06/2025,06/05/2025,Pinnacle Building Services Inc.,"$4,822.38",PO 42101
INV-251466,2025-06-06,2025-06-06,Stark County Services,"$12,471.27",
INV-251467,06/06/2025,06/06/2025,Stark County Services,"$4,727.93",
INV-251468,2025-06-06,2025-06-06,Twinsburg Industrial Park LLC,"$8,548.06",
INV-251469,06/06/2025,06/06/2025,Twinsburg Industrial Park LLC,23615.38,
INV-251470,06/06/2025,06/06/2025,Westlake Commercial Cleaning Company,22591.29,
INV-251471,2025-06-09,2025-06-08,Allegheny Property Management LLC,11301.71,
INV-251472,2025-06-09,2025-06-09,Bayview Medical Center Inc.,1501.77,Standing order
INV-251473,09-Jun-25,08-Jun-25,Garfield Industrial Company,12616.44,PO 45638
INV-251474,2025-06-09,2025-06-09,Heritage Food Services Inc.,9029.75,
INV-251475,09-Jun-25,08-Jun-25,Medina Auto Group,14917.85,Standing order
INV-251476,06/09/2025,06/09/2025,Medina Auto Group,8051.25,
INV-251477,2025-06-09,2025-06-09,Oak Ridge Office Parks,"$16,812.76",
INV-251478,09-Jun-25,08-Jun-25,Parma Community College,"$11,332.09",Standing order
INV-251479,09-Jun-25,09-Jun-25,Parma Community College,"$27,100.45",
INV-251480,06/09/2025,06/09/2025,Parma Community College,30398.07,
INV-251481,06/09/2025,06/09/2025,Pinnacle Building Services Inc.,"$3,934.56",
INV-251482,09-Jun-25,09-Jun-25,Summit Healthcare Group Inc.,1705.98,
INV-251483,2025-06-09,2025-06-09,Tri-State Warehouse Company,17999.22,PO 40479
INV-251484,09-Jun-25,09-Jun-25,University Circle Services,"$5,386.34",
INV-251485,09-Jun-25,09-Jun-25,University Circle Services,"$1,518.76",Standing order
INV-251486,06/09/2025,06/09/2025,Willoughby Tech Center,13909.58,Standing order
INV-251487,06/09/2025,06/09/2025,Youngstown Metal Works Inc.,"$31,314.91",PO 41057
INV-251488,2025-06-09,2025-06-09,Youngstown Metal Works Inc.,16590.75,
INV-251489,09-Jun-25,09-Jun-25,YOUNGSTOWN METAL WORKS INC.,"$5,634.91",
INV-251490,06/09/2025,06/08/2025,Youngstown Metal Works Inc.,16122.25,
INV-251491,10-Jun-25,09-Jun-25,Bayview Medical Center Inc.,4471.21,
INV-251492,10-Jun-25,10-Jun-25,Cedar Point Facility Services,34953.88,
INV-251493,2025-06-10,2025-06-10,Eastgate Office Partners,"$5,135.99",
INV-251494,06/10/2025,06/10/2025,Great Lakes Logistics Inc.,6664.95,
INV-251495,10-Jun-25,10-Jun-25,Lorain Distribution Company,10985.10,
INV-251496,2025-06-10,2025-06-10,Oak Ridge Office Parks,7232.71,
INV-251497,2025-06-10,2025-06-10,Oak Ridge Office Parks,"$7,445.90",
INV-251498,06/10/2025,06/10/2025,Parma Community College,11444.43,
INV-251499,06/10/2025,06/10/2025,Twinsburg Industrial Park LLC,"$6,911.65",
INV-251500,2025-06-10,2025-06-10,Westlake Commercial Cleaning Company,2405.73,Standing order
INV-251501,06/10/2025,06/10/2025,Youngstown Metal Works Inc.,"$12,563.35",
INV-251502,2025-06-10,2025-06-10,YOUNGSTOWN METAL WORKS INC.,"$30,773.90",
INV-251503,10-Jun-25,09-Jun-25,Youngstown Metal Works Inc.,"$7,654.50",PO 40863
INV-251504,06/11/2025,06/11/2025,Cardinal Hospitality Group LLC,6743.00,
INV-251505,2025-06-11,2025-06-11,Cedar Point Facility Services,13733.78,
INV-251506,06/11/2025,06/10/2025,Clearwater Janitorial Company,"$9,376.34",
INV-251507,2025-06-11,2025-06-10,Eastgate Office Partners,4671.97,Standing order
INV-251508,11-Jun-25,11-Jun-25,Eastgate Office Partners,15032.03,
INV-251509,2025-06-11,2025-06-11,Evergreen Senior Living Inc.,6184.93,
INV-251510,06/11/2025,06/11/2025,Harborview Apartments LLC,"$5,193.85",
INV-251511,2025-06-11,2025-06-11,Lorain Distribution Company,"$4,184.51",
INV-251512,11-Jun-25,11-Jun-25,Medina Auto Group,6736.53,
INV-251513,06/11/2025,06/11/2025,Oak Ridge Office Parks,23447.42,Standing order
INV-251514,2025-06-11,2025-06-11,Parma Community College,9851.56,
INV-251515,11-Jun-25,10-Jun-25,Portage Cold Storage Company,33164.32,PO 49140
INV-251516,11-Jun-25,11-Jun-25,Portage Cold Storage Company,"$2,882.52",
INV-251517,11-Jun-25,11-Jun-25,Summit Healthcare Group Inc.,"$15,811.75",
INV-251518,2025-06-11,2025-06-11,University Circle Services,3822.02,
INV-251519,12-Jun-25,12-Jun-25,Bayview Medical Center Inc.,"$2,012.57",
INV-251520,12-Jun-25,12-Jun-25,Clearwater Janitorial Company,5991.18,
INV-251521,06/12/2025,06/11/2025,Evergreen Senior Living Inc.,12202.79,
INV-251522,06/12/2025,06/11/2025,Hamilton County Services,"$5,716.05",
INV-251523,06/12/2025,06/12/2025,Maple Heights Facilities LLC,"$25,019.09",PO 45731
INV-251524,12-Jun-25,11-Jun-25,Parma Community College,"$3,011.83",
INV-251525,06/12/2025,06/11/2025,Pinnacle Building Services Inc.,4690.97,
INV-251526,06/12/2025,06/12/2025,Stark County Services,28780.57,
INV-251527,06/12/2025,06/12/2025,Stark County Services,14436.52,PO 40779
INV-251528,06/12/2025,06/12/2025,Summit Healthcare Group Inc.,14317.59,
INV-251529,12-Jun-25,12-Jun-25,Twinsburg Industrial Park LLC,7875.82,Standing order
INV-251530,2025-06-12,2025-06-11,Valley View Hotels Inc.,6249.38,
INV-251531,06/12/2025,06/12/2025,Westlake Commercial Cleaning Company,15623.79,
INV-251532,12-Jun-25,12-Jun-25,Westlake Commercial Cleaning Company,14219.26,
INV-251533,06/12/2025,06/11/2025,Youngstown Metal Works Inc.,"$6,046.58",PO 46448
INV-251534,2025-06-12,2025-06-12,Youngstown Metal Works Inc.,16877.42,
INV-251535,2025-06-12,2025-06-12,Youngstown Metal Works Inc.,23347.00,
INV-251536,2025-06-13,2025-06-13,Cardinal Hospitality Group LLC,"$13,324.36",Standing order
INV-251537,2025-06-13,2025-06-13,Cardinal Hospitality Group LLC,"$8,018.11",
INV-251538,2025-06-13,2025-06-13,Eastgate Office Partners,17248.05,
INV-251539,06/13/2025,06/12/2025,Lorain Distribution Company,6085.48,
INV-251540,2025-06-13,2025-06-12,Maple Heights Facilities LLC,5077.75,
INV-251541,13-Jun-25,13-Jun-25,North Coast Restaurants LLC,"$5,831.83",
INV-251542,2025-06-13,2025-06-12,Oak Ridge Office Parks  ,"$20,821.17",PO 40749
INV-251543,13-Jun-25,13-Jun-25,Parma Community College,"$4,197.17",Standing order
INV-251544,13-Jun-25,13-Jun-25,Parma Community College,5882.44,
INV-251545,13-Jun-25,13-Jun-25,Twinsburg Industrial Park LLC,17210.34,
INV-251546,13-Jun-25,13-Jun-25,Valley View Hotels Inc.,"$8,368.33",Standing order
INV-251547,06/13/2025,06/13/2025,Youngstown Metal Works Inc.,30662.82,
INV-251548,06/16/2025,06/16/2025,Bayview Medical Center Inc.,6080.29,
INV-251549,06/16/2025,06/15/2025,Bayview Medical Center Inc.  ,8956.52,
INV-251550,16-Jun-25,16-Jun-25,Clearwater Janitorial Company,"$12,830.65",
INV-251551,2025-06-16,2025-06-15,Heritage Food Services Inc.,48520.79,
INV-251552,16-Jun-25,16-Jun-25,HIGHLAND MANUFACTURING COMPANY,4106.55,
INV-251553,06/16/2025,06/16/2025,Kent Valley Hospital,"$23,907.73",Standing order
INV-251554,2025-06-16,2025-06-16,Maple Heights Facilities LLC,2508.36,Standing order
INV-251555,06/16/2025,06/16/2025,Midwest Stadium Services Inc.,5416.51,
INV-251556,06/16/2025,06/16/2025,NORTH COAST RESTAURANTS LLC,"$1,559.28",PO 41114
INV-251557,2025-06-16,2025-06-16,Parma Community College,24798.30,Standing order
INV-251558,2025-06-16,2025-06-16,Westlake Commercial Cleaning Co.,10175.59,PO 42430
INV-251559,2025-06-17,2025-06-17,Bayview Medical Center Inc.,1846.61,PO 46691
INV-251560,06/17/2025,06/17/2025,Bayview Medical Center Inc.,13865.65,PO 46526
INV-251561,06/17/2025,06/17/2025,Bayview Medical Center Inc.,10202.36,PO 40208
INV-251562,2025-06-17,2025-06-16,Evergreen Senior Living Inc.,7154.76,
INV-251563,17-Jun-25,17-Jun-25,Garfield Industrial Company,"$4,008.67",
INV-251564,06/17/2025,06/17/2025,Garfield Industrial Company,14894.97,
INV-251565,17-Jun-25,17-Jun-25,Great Lakes Logistics Inc.,4659.83,PO 48570
INV-251566,2025-06-17,2025-06-17,Harborview Apartments LLC,"$7,773.01",
INV-251567,06/17/2025,06/17/2025,Highland Manufacturing Company,"$6,849.91",
INV-251568,17-Jun-25,16-Jun-25,Kent Valley Hospital,4052.99,
INV-251569,2025-06-17,2025-06-17,Kent Valley Hospital,3353.27,PO 41130
INV-251570,06/17/2025,06/16/2025,Midwest Stadium Services Inc.,10024.56,Standing order
INV-251571,2025-06-17,2025-06-17,Midwest Stadium Services Inc.,"$8,125.95",PO 44402
INV-251572,06/17/2025,06/17/2025,Oak Ridge Office Parks,3003.12,
INV-251573,17-Jun-25,17-Jun-25,Oak Ridge Office Parks,"$3,990.43",PO 43505
INV-251574,06/17/2025,06/17/2025,Oak Ridge Office Parks,"$6,658.04",
INV-251575,06/17/2025,06/17/2025,Parma Community College,5713.09,
INV-251576,2025-06-17,2025-06-17,Parma Community College,"$9,327.62",
INV-251577,17-Jun-25,17-Jun-25,Parma Community College,7590.68,
INV-251578,2025-06-17,2025-06-17,Riverside Fitness Clubs LLC,"$5,731.55",
INV-251579,06/17/2025,06/17/2025,Twinsburg Industrial Park LLC,16502.35,Standing order
INV-251580,06/17/2025,06/17/2025,University Circle Services,"$50,123.37",
INV-251581,2025-06-17,2025-06-17,Youngstown Metal Works Inc.,11989.79,
INV-251582,18-Jun-25,18-Jun-25,Bayview Medical Center Inc.,2191.14,PO 48536
INV-251583,18-Jun-25,18-Jun-25,Clearwater Janitorial Company,8020.78,
INV-251584,06/18/2025,06/18/2025,Evergreen Senior Living Inc.,4287.29,
INV-251585,18-Jun-25,18-Jun-25,Fairlawn Public Schools,18482.31,
INV-251586,06/18/2025,06/18/2025,Garfield Industrial Company,18432.10,
INV-251587,2025-06-18,2025-06-18,Great Lakes Logistics Inc.,"$6,351.46",
INV-251588,18-Jun-25,18-Jun-25,Hamilton County Services,"$3,508.87",
INV-251589,18-Jun-25,18-Jun-25,Heritage Food Services Inc.,18719.16,PO 42414
INV-251590,18-Jun-25,18-Jun-25,Midwest Stadium Services Inc.,3513.20,
INV-251591,18-Jun-25,18-Jun-25,Midwest Stadium Services Inc.,15413.12,
INV-251592,18-Jun-25,17-Jun-25,Parma Community College,6095.93,
INV-251593,18-Jun-25,18-Jun-25,Parma Community College,"$7,011.27",
INV-251594,18-Jun-25,18-Jun-25,Parma Community College,6159.82,
INV-251595,18-Jun-25,18-Jun-25,Riverside Fitness Clubs LLC,"$4,929.43",PO 46321
INV-251596,18-Jun-25,18-Jun-25,TRI-STATE WAREHOUSE COMPANY,9212.76,
INV-251597,06/18/2025,06/18/2025,Twinsburg Industrial Park LLC,6370.02,Standing order
INV-251598,18-Jun-25,17-Jun-25,Youngstown Metal Works Inc.,"$2,431.19",
INV-251599,06/19/2025,06/19/2025,Cardinal Hospitality Group LLC,8095.33,
INV-251600,2025-06-19,2025-06-18,Evergreen Senior Living Inc.,18804.50,
INV-251601,2025-06-19,2025-06-19,Forest City Hotels and Resorts  ,11730.24,
INV-251602,19-Jun-25,19-Jun-25,Garfield Industrial Company,"$13,200.40",Standing order
INV-251603,19-Jun-25,19-Jun-25,Harborview Apartments LLC,"$24,452.28",
INV-251604,2025-06-19,2025-06-19,Ironwood Property Services,12568.30,
INV-251605,06/19/2025,06/19/2025,Kent Valley Hospital,8052.41,
INV-251606,19-Jun-25,19-Jun-25,Oak Ridge Office Parks,2252.04,
INV-251607,2025-06-19,2025-06-19,Oak Ridge Office Parks,7974.11,
INV-251608,2025-06-19,2025-06-19,Oak Ridge Office Parks,"$5,574.23",
INV-251609,2025-06-19,2025-06-19,Pinnacle Building Services Inc.,"$3,057.33",PO 44508
INV-251610,2025-06-19,2025-06-19,Sandusky Marine and Supply,"$13,419.90",PO 44576
INV-251611,2025-06-19,2025-06-19,Sandusky Marine and Supply,9344.68,
INV-251612,2025-06-19,2025-06-19,Twinsburg Industrial Park LLC,"$15,685.41",Standing order
INV-251613,19-Jun-25,19-Jun-25,Twinsburg Industrial Park LLC,"$8,627.48",PO 46338
INV-251614,2025-06-19,2025-06-19,Westlake Commercial Cleaning Company  ,7274.24,
INV-251615,19-Jun-25,19-Jun-25,Willoughby Tech Center,8775.16,
INV-251616,06/19/2025,06/18/2025,Willoughby Tech Center,"$2,620.49",PO 49600
INV-251617,2025-06-19,2025-06-19,Youngstown Metal Works Inc.,13400.35,PO 49994
INV-251618,20-Jun-25,20-Jun-25,Bayview Medical Center Inc.,9625.47,PO 48238
INV-251619,20-Jun-25,20-Jun-25,Cardinal Hospitality Group LLC,18644.92,
INV-251620,2025-06-20,2025-06-20,Eastgate Office Partners,"$10,909.41",
INV-251621,20-Jun-25,19-Jun-25,Forest City Hotels and Resorts,57247.31,
INV-251622,06/20/2025,06/19/2025,Garfield Industrial Company,"$6,425.65",Standing order
INV-251623,2025-06-20,2025-06-20,Hamilton County Services,"$10,390.84",
INV-251624,2025-06-20,2025-06-20,Heritage Food Services Inc.,"$2,721.33",PO 41115
INV-251625,2025-06-20,2025-06-20,Kent Valley Hospital,"$9,763.40",
INV-251626,20-Jun-25,19-Jun-25,Kent Valley Hospital,4366.70,PO 48415
INV-251627,2025-06-20,2025-06-20,North Coast Restaurants LLC,"$6,735.25",Standing order
INV-251628,2025-06-20,2025-06-20,Oak Ridge Office Parks,"$95,000.00",
INV-251629,20-Jun-25,20-Jun-25,Parma Community College,7981.38,
INV-251630,06/20/2025,06/20/2025,Sandusky Marine and Supply,10299.41,Standing order
INV-251631,06/20/2025,06/20/2025,Sandusky Marine and Supply,"$39,663.36",
INV-251632,20-Jun-25,20-Jun-25,Stark County Services,10357.27,
INV-251633,2025-06-20,2025-06-20,Summit Healthcare Group Inc.,22086.88,PO 45291
INV-251634,20-Jun-25,19-Jun-25,Twinsburg Industrial Park,3277.03,PO 49147
INV-251635,20-Jun-25,20-Jun-25,Youngstown Metal Works Inc.,"$4,491.85",Standing order
INV-251636,06/23/2025,06/22/2025,Eastgate Office Partners,"$8,444.22",
INV-251637,06/23/2025,06/23/2025,Medina Auto Group,6562.64,PO 45499
INV-251638,06/23/2025,06/22/2025,Parma Community College,23359.69,
INV-251639,2025-06-23,2025-06-23,Pinnacle Building Services Inc.,"$2,758.55",
INV-251640,2025-06-23,2025-06-23,Pinnacle Building Services Inc.,9301.72,
INV-251641,23-Jun-25,22-Jun-25,Stark County Services,"$3,553.54",
INV-251642,06/23/2025,06/23/2025,Twinsburg Industrial Park LLC,7043.24,Standing order
INV-251643,06/23/2025,06/23/2025,Westlake Commercial Cleaning Company,"$13,426.79",
INV-251644,2025-06-23,2025-06-23,Youngstown Metal Works Inc.,9851.80,PO 47039
INV-251645,2025-06-24,2025-06-23,Bayview Medical Center Inc.,9348.05,
INV-251646,06/24/2025,06/24/2025,Cardinal Hospitality Group LLC  ,9520.24,Standing order
INV-251647,2025-06-24,2025-06-24,Evergreen Senior Living Inc.,"$3,395.67",
INV-251648,24-Jun-25,23-Jun-25,FAIRLAWN PUBLIC SCHOOLS,4762.43,
INV-251649,24-Jun-25,24-Jun-25,Garfield Industrial Company,10286.36,Standing order
INV-251650,24-Jun-25,24-Jun-25,Garfield Industrial Company,7064.84,
INV-251651,2025-06-24,2025-06-23,Great Lakes Logistics Inc.,15227.18,
INV-251652,2025-06-24,2025-06-24,Hamilton County Services,"$2,829.14",
INV-251653,24-Jun-25,24-Jun-25,Medina Auto Group,"$1,980.10",
INV-251654,24-Jun-25,24-Jun-25,Medina Auto Group,11744.24,
INV-251655,2025-06-24,2025-06-23,Oak Ridge Office Parks,4596.49,
INV-251656,2025-06-24,2025-06-24,Parma Community College,"$6,672.83",PO 48716
INV-251657,24-Jun-25,24-Jun-25,Shaker Square Retail Partners,2367.39,
INV-251658,2025-06-24,2025-06-24,University Circle Services,11951.58,
INV-251659,06/24/2025,06/24/2025,University Circle Services,3278.12,
INV-251660,24-Jun-25,24-Jun-25,Westlake Commercial Cleaning Company,"$7,518.76",
INV-251661,2025-06-24,2025-06-24,Willoughby Tech Center,9560.11,
INV-251662,2025-06-24,2025-06-23,Youngstown Metal Works Inc.,21721.74,
INV-251663,2025-06-25,2025-06-24,Allegheny Property Management LLC,4793.48,
INV-251664,06/25/2025,06/25/2025,Bayview Medical Center Inc.,4273.78,
INV-251665,2025-06-25,2025-06-25,Cedar Point Facility Services,17081.18,
INV-251666,25-Jun-25,24-Jun-25,Delmar Janitorial Services LLC,"$11,048.93",Standing order
INV-251667,06/25/2025,06/25/2025,Great Lakes Logistics Inc.,19202.88,Standing order
INV-251668,25-Jun-25,25-Jun-25,Harborview Apartments LLC,3961.55,
INV-251669,2025-06-25,2025-06-25,Parma Community College,4125.15,
INV-251670,06/25/2025,06/25/2025,Shaker Square Retail Partners,16091.59,
INV-251671,06/25/2025,06/25/2025,University Circle Svcs,"$3,550.14",
INV-251672,2025-06-25,2025-06-24,Westlake Commercial Cleaning Company,5522.13,Standing order
INV-251673,2025-06-25,2025-06-25,Westlake Commercial Cleaning Company,5743.65,
INV-251674,2025-06-25,2025-06-25,Youngstown Metal Works Inc.,"$3,518.56",
INV-251675,06/25/2025,06/25/2025,Youngstown Metal Works Inc.,"$3,648.70",
INV-251676,06/26/2025,06/26/2025,Cedar Point Facility Services,"$2,227.69",
INV-251677,06/26/2025,06/26/2025,Evergreen Senior Living Inc.,"$12,276.14",PO 40383
INV-251678,06/26/2025,06/26/2025,Forest City Hotels and Resorts,3852.04,
INV-251679,26-Jun-25,26-Jun-25,Midwest Stadium Services Inc.,50818.95,PO 48562
INV-251680,06/26/2025,06/26/2025,Sandusky Marine and Supply,9937.72,
INV-251681,2025-06-26,2025-06-26,Sandusky Marine and Supply,5763.70,
INV-251682,06/26/2025,06/26/2025,Shaker Square Retail Partners,19198.28,
INV-251683,06/26/2025,06/26/2025,Summit Healthcare Group Inc.,19220.49,PO 40943
INV-251684,2025-06-26,2025-06-26,Twinsburg Industrial Park LLC,8154.48,
INV-251685,2025-06-26,2025-06-26,Westlake Commercial Cleaning Company,22331.74,PO 43873
INV-251686,2025-06-27,2025-06-26,Bayview Medical Center Inc.,10011.35,Standing order
INV-251687,2025-06-27,2025-06-27,Cardinal Hospitality Group LLC,"$7,961.25",PO 41710
INV-251688,06/27/2025,06/27/2025,Forest City Hotels and Resorts,"$8,678.63",
INV-251689,06/27/2025,06/27/2025,Great Lakes Logistics Inc.,2884.04,
INV-251690,2025-06-27,2025-06-26,Harborview Apartments LLC  ,12118.81,
INV-251691,06/27/2025,06/26/2025,Medina Auto Group,19780.80,PO 47806
INV-251692,27-Jun-25,27-Jun-25,PARMA COMMUNITY COLLEGE,"$4,986.19",
INV-251693,06/27/2025,06/27/2025,Westlake Commercial Cleaning Company,"$14,468.90",
INV-251694,27-Jun-25,27-Jun-25,Youngstown Metal Works,7026.11,Standing order
INV-251695,27-Jun-25,27-Jun-25,Youngstown Metal Works Inc.,4037.59,
INV-251696,06/30/2025,06/30/2025,Bayview Medical Center Inc.,3785.47,
INV-251697,30-Jun-25,30-Jun-25,Forest City Hotels And Resorts,"$13,446.75",Standing order
INV-251698,06/30/2025,06/30/2025,Garfield Industrial Company,"$3,083.34",Standing order
INV-251699,06/30/2025,06/30/2025,Great Lakes Logistics Inc.,"$13,623.21",Standing order
INV-251700,2025-06-30,2025-06-30,Heritage Food Services Inc.,10650.34,PO 45744
INV-251701,30-Jun-25,30-Jun-25,Heritage Food Services Inc.,2850.22,
INV-251702,2025-06-30,2025-06-29,Oak Ridge Office Parks,"$2,568.22",
INV-251703,06/30/2025,06/30/2025,Parma Community College,16468.78,
INV-251704,2025-06-30,2025-06-30,Stark County Services,3038.09,
INV-251705,30-Jun-25,30-Jun-25,Summit Healthcare Group Inc.,12567.51,Standing order
INV-251706,30-Jun-25,29-Jun-25,Summit Healthcare Group Inc.,1939.42,
INV-251707,2025-06-30,2025-06-29,Twinsburg Industrial Park LLC,2037.17,Standing order
INV-251708,30-Jun-25,30-Jun-25,Westlake Commercial Cleaning Company,"$17,454.25",
,,,Subtotal - Jun 2025,"$3,504,854.43",
INV-251709,07/01/2025,07/01/2025,Bayview Medical Center Inc.,18939.53,
INV-251710,01-Jul-25,01-Jul-25,Bayview Medical Center Inc.,"$30,111.88",
INV-251711,07/01/2025,07/01/2025,Bayview Medical Center Inc.,6321.71,
INV-251712,07/01/2025,07/01/2025,Bayview Medical Center Inc.,5102.61,
INV-251713,07/01/2025,07/01/2025,Clearwater Janitorial Company,2412.59,
INV-251714,07/01/2025,07/01/2025,Delmar Janitorial Services LLC,"$11,783.95",
INV-251715,2025-07-01,2025-07-01,Garfield Industrial Company,4436.37,
INV-251716,07/01/2025,06/30/2025,Great Lakes Logistics Inc.,"$6,963.62",
INV-251717,07/01/2025,07/01/2025,Great Lakes Logistics,7445.42,PO 47355
INV-251718,01-Jul-25,01-Jul-25,Great Lakes Logistics Inc.,"$17,509.78",
INV-251719,01-Jul-25,01-Jul-25,Heritage Food Services Inc.,10161.38,
INV-251720,07/01/2025,07/01/2025,Kent Valley Hospital,"$5,166.95",Standing order
INV-251721,07/01/2025,06/30/2025,Oak Ridge Office Parks,4424.44,PO 40337
INV-251722,07/01/2025,07/01/2025,Oak Ridge Office Parks,17137.88,
INV-251723,01-Jul-25,01-Jul-25,Riverside Fitness Clubs LLC,"$2,976.37",Standing order
INV-251724,2025-07-01,2025-07-01,Summit Healthcare Group Inc.,5888.33,
INV-251725,01-Jul-25,01-Jul-25,Summit Healthcare Group Inc.,4082.42,PO 42848
INV-251726,07/01/2025,07/01/2025,Youngstown Metal Works Inc.,"$5,624.94",PO 40243
INV-251727,07/02/2025,07/02/2025,Cardinal Hospitality Group LLC,"$13,914.74",Standing order
INV-251728,02-Jul-25,02-Jul-25,FOREST CITY HOTELS AND RESORTS,23709.35,
INV-251729,07/02/2025,07/02/2025,Heritage Food Services Inc.,8992.48,
INV-251730,2025-07-02,2025-07-02,Midwest Stadium Services Inc.,10344.47,
INV-251731,02-Jul-25,01-Jul-25,Parma Community College,"$18,250.79",
INV-251732,02-Jul-25,02-Jul-25,Pinnacle Building Services Inc.,"$5,841.88",
INV-251733,07/02/2025,07/02/2025,Pinnacle Building Services Inc.,7407.68,
INV-251734,02-Jul-25,02-Jul-25,Pinnacle Building Services Inc.,6793.48,
INV-251735,07/02/2025,07/02/2025,Portage Cold Storage Company,17950.53,PO 48503
INV-251736,07/02/2025,07/01/2025,Summit Healthcare Group Inc.,"$15,022.63",
INV-251737,02-Jul-25,02-Jul-25,Summit Healthcare Group Inc.,25099.54,
INV-251738,07/02/2025,07/01/2025,Twinsburg Industrial Park LLC,15859.19,
INV-251739,02-Jul-25,02-Jul-25,University Circle Services,"$8,362.73",
INV-251740,07/02/2025,07/02/2025,Youngstown Metal Works Inc.,3677.55,
INV-251741,07/03/2025,07/02/2025,Allegheny Property Management LLC,"$6,433.76",PO 42676
INV-251742,07/03/2025,07/03/2025,Bayview Medical Center Inc.,"$7,761.72",
INV-251743,07/03/2025,07/02/2025,Cardinal Hospitality Group LLC,6446.29,
INV-251744,2025-07-03,2025-07-03,Cedar Point Facility Services,10534.11,
INV-251745,03-Jul-25,02-Jul-25,Clearwater Janitorial Company,"$16,014.39",
INV-251746,2025-07-03,2025-07-03,Evergreen Senior Living Inc.,17782.18,PO 42460
INV-251747,07/03/2025,07/02/2025,North Coast Restaurants LLC,3251.34,
INV-251748,2025-07-03,2025-07-02,Oak Ridge Office Parks,"$9,010.17",
INV-251749,03-Jul-25,03-Jul-25,Parma Community College,"$5,550.80",PO 47393
INV-251750,07/03/2025,07/03/2025,Portage Cold Storage Company,4852.85,
INV-251751,03-Jul-25,03-Jul-25,Portage Cold Storage Company,22324.42,
INV-251752,07/03/2025,07/03/2025,Sandusky Marine and Supply,"$15,366.51",
INV-251753,2025-07-03,2025-07-03,Shaker Square Retail Partners,2275.07,
INV-251754,2025-07-03,2025-07-02,University Circle Services,17201.71,Standing order
INV-251755,03-Jul-25,02-Jul-25,Westlake Commercial Cleaning Company,"$5,153.03",
INV-251756,07/03/2025,07/02/2025,Willoughby Tech Center,4738.67,Standing order
INV-251757,04-Jul-25,04-Jul-25,Cedar Point Facility Services,"$8,321.93",
INV-251758,07/04/2025,07/04/2025,DELMAR JANITORIAL SERVICES LLC,"$10,941.44",
INV-251759,07/04/2025,07/04/2025,Garfield Industrial Company,5401.70,
INV-251760,2025-07-04,2025-07-04,Lorain Distribution Company,"$12,554.57",PO 41321
INV-251761,07/04/2025,07/04/2025,Midwest Stadium Services Inc.,"$6,553.57",
INV-251762,2025-07-04,2025-07-04,North Coast Restaurants LLC,9006.94,
INV-251763,07/04/2025,07/04/2025,Parma Community College,"$7,827.01",PO 41557
INV-251764,04-Jul-25,04-Jul-25,Parma Community College,15350.14,
INV-251765,04-Jul-25,04-Jul-25,Parma Community College,6267.47,PO 40604
INV-251766,04-Jul-25,04-Jul-25,Portage Cold Storage Company,11562.58,
INV-251767,04-Jul-25,04-Jul-25,Sandusky Marine and Supply,5237.20,Standing order
INV-251768,2025-07-04,2025-07-04,Twinsburg Industrial Park LLC,"$11,767.41",
INV-251769,04-Jul-25,04-Jul-25,Twinsburg Industrial Park LLC,4724.75,
INV-251770,04-Jul-25,04-Jul-25,Twinsburg Industrial Park LLC,15542.52,
INV-251771,2025-07-04,2025-07-04,Twinsburg Industrial Park LLC,5293.69,Standing order
INV-251772,07/04/2025,07/03/2025,Westlake Commercial Cleaning Company,3654.32,
INV-251773,2025-07-04,2025-07-04,Westlake Commercial Cleaning Company,"$4,588.10",
INV-251774,2025-07-04,2025-07-04,Youngstown Metal Works Inc.,1930.39,
INV-251775,2025-07-07,2025-07-07,Delmar Janitorial Services LLC,20044.90,
INV-251776,07/07/2025,07/07/2025,Evergreen Senior Living Inc.,"$11,349.59",
INV-251777,07/07/2025,07/06/2025,Garfield Industrial Company,15600.48,Standing order
INV-251778,07-Jul-25,07-Jul-25,Heritage Food Services Inc.,"$30,405.96",PO 47746
INV-251779,07/07/2025,07/07/2025,Kent Valley Hospital,"$4,923.97",Standing order
INV-251780,07/07/2025,07/07/2025,Medina Auto Group,"$6,513.00",PO 46702
INV-251781,07/07/2025,07/07/2025,Twinsburg Industrial Park LLC,16622.60,
INV-251782,07/07/2025,07/06/2025,Twinsburg Industrial Park LLC,18013.21,Standing order
INV-251783,07-Jul-25,07-Jul-25,Westlake Commercial Cleaning Company,"$8,679.98",PO 41977
INV-251784,2025-07-07,2025-07-07,Youngstown Metal Works Inc.,8372.65,Standing order
INV-251785,2025-07-08,2025-07-07,Bayview Medical Center Inc.,1676.91,
INV-251786,07/08/2025,07/08/2025,CLEARWATER JANITORIAL COMPANY,20519.04,Standing order
INV-251787,08-Jul-25,08-Jul-25,Eastgate Office Partners,5936.12,
INV-251788,07/08/2025,07/08/2025,Great Lakes Logistics Inc.,"$34,071.49",
INV-251789,08-Jul-25,08-Jul-25,Great Lakes Logistics Inc.,19041.93,
INV-251790,07/08/2025,07/07/2025,Medina Auto Group,6069.31,PO 47321
INV-251791,08-Jul-25,07-Jul-25,Medina Auto Group,"$4,707.39",Standing order
INV-251792,07/08/2025,07/08/2025,North Coast Restaurants LLC,3364.86,Standing order
INV-251793,07/08/2025,07/08/2025,Portage Cold Storage Company,12637.37,
INV-251794,07/08/2025,07/08/2025,Willoughby Tech Center,5500.16,Standing order
INV-251795,2025-07-09,2025-07-08,Eastgate Office Partners,7740.83,PO 41705
INV-251796,09-Jul-25,09-Jul-25,Forest City Hotels and Resorts,5909.60,PO 40288
INV-251797,09-Jul-25,09-Jul-25,Garfield Industrial Company,6034.55,PO 47332
INV-251798,2025-07-09,2025-07-09,Great Lakes Logistics,7395.66,PO 46834
INV-251799,07/09/2025,07/09/2025,Great Lakes Logistics Inc.,"$4,720.97",
INV-251800,09-Jul-25,09-Jul-25,Lorain Distribution Company,11739.77,
INV-251801,09-Jul-25,08-Jul-25,Portage Cold Storage Company,17613.04,
INV-251802,2025-07-09,2025-07-08,Summit Healthcare Group Inc.,7288.28,
INV-251803,2025-07-09,2025-07-09,Twinsburg Industrial Park,6247.46,
INV-251804,07/09/2025,07/09/2025,Youngstown Metal Works Inc.,6493.46,
INV-251805,09-Jul-25,09-Jul-25,Youngstown Metal Works Inc.,"$9,481.97",Standing order
INV-251806,07/10/2025,07/10/2025,Bayview Medical Center Inc.,"$11,113.46",
INV-251807,07/10/2025,07/10/2025,Garfield Industrial Company  ,6771.83,
INV-251808,2025-07-10,2025-07-10,Great Lakes Logistics,"$13,898.19",
INV-251809,2025-07-10,2025-07-10,Great Lakes Logistics Inc.,45482.17,
INV-251810,10-Jul-25,10-Jul-25,Kent Valley Hospital,"$2,777.84",
INV-251811,07/10/2025,07/09/2025,Medina Auto Group,5806.22,
INV-251812,2025-07-10,2025-07-10,Midwest Stadium Services Inc.,10392.44,
INV-251813,10-Jul-25,10-Jul-25,Portage Cold Storage Company,"$1,991.62",
INV-251814,07/10/2025,07/10/2025,Sandusky Marine and Supply,6734.02,PO 47033
INV-251815,07/10/2025,07/10/2025,Twinsburg Industrial Park LLC,4114.17,
INV-251816,07/10/2025,07/10/2025,Twinsburg Industrial Park LLC,31572.76,
INV-251817,07/10/2025,07/09/2025,Twinsburg Industrial Park LLC,9006.30,Standing order
INV-251818,2025-07-10,2025-07-10,Willoughby Tech Center,"$1,552.10",PO 42012
INV-251819,2025-07-11,2025-07-10,Bayview Medical Center Inc.,6771.92,
INV-251820,07/11/2025,07/10/2025,Bayview Medical Center Inc.,"$5,287.32",
INV-251821,07/11/2025,07/11/2025,Delmar Janitorial Services,"$16,234.35",
INV-251822,07/11/2025,07/10/2025,Eastgate Office Partners,"$9,041.38",
INV-251823,2025-07-11,2025-07-11,Garfield Industrial Company,36569.32,PO 43714
INV-251824,11-Jul-25,11-Jul-25,Great Lakes Logistics Inc.,6698.99,PO 41317
INV-251825,2025-07-11,2025-07-11,Great Lakes Logistics Inc.,12667.94,PO 41930
INV-251826,2025-07-11,2025-07-10,Great Lakes Logistics Inc.,9931.86,
INV-251827,07/11/2025,07/11/2025,Harborview Apartments LLC,18839.41,Standing order
INV-251828,2025-07-11,2025-07-10,Lorain Distribution Company,"$8,141.81",Standing order
INV-251829,11-Jul-25,11-Jul-25,Medina Auto Group,4750.73,PO 48181
INV-251830,07/11/2025,07/11/2025,Parma Community College,4120.75,Standing order
INV-251831,07/11/2025,07/11/2025,Parma Community College,6391.60,
INV-251832,07/11/2025,07/10/2025,Parma Community College,"$14,738.24",PO 47560
INV-251833,2025-07-11,2025-07-11,Riverside Fitness Clubs LLC,8004.51,Standing order
INV-251834,11-Jul-25,11-Jul-25,Shaker Square Retail Partners,2323.75,Standing order
INV-251835,11-Jul-25,11-Jul-25,Twinsburg Industrial Park LLC,"$19,034.98",Standing order
INV-251836,07/11/2025,07/11/2025,Twinsburg Industrial Park LLC,"$6,373.58",
INV-251837,07/11/2025,07/10/2025,Westlake Commercial Cleaning Company,"$4,982.63",PO 46849
INV-251838,07/11/2025,07/10/2025,Westlake Commercial Cleaning Company,17760.04,Standing order
INV-251839,11-Jul-25,11-Jul-25,Westlake Commercial Cleaning Company,"$9,801.25",PO 44716
INV-251840,11-Jul-25,11-Jul-25,Westlake Commercial Cleaning Company,"$1,133.75",PO 40687
INV-251841,2025-07-11,2025-07-10,Westlake Commercial Cleaning Company,7783.53,
INV-251842,07/11/2025,07/10/2025,Westlake Commercial Cleaning Company,12319.59,PO 47056
INV-251843,07/14/2025,07/13/2025,Highland Manufacturing Company,8908.98,
INV-251844,14-Jul-25,13-Jul-25,Parma Community College,6553.06,Standing order
INV-251845,07/14/2025,07/14/2025,Summit Healthcare Group Inc.,15885.19,
INV-251846,07/14/2025,07/13/2025,Summit Healthcare Group Inc.,1842.59,
INV-251847,2025-07-14,2025-07-14,UNIVERSITY CIRCLE SERVICES,8802.94,
INV-251848,14-Jul-25,13-Jul-25,University Circle Services,21500.64,
INV-251849,14-Jul-25,14-Jul-25,University Circle Services,21148.22,
INV-251850,07/14/2025,07/13/2025,Youngstown Metal Works Inc.,12177.82,Standing order
INV-251851,2025-07-15,2025-07-15,Bayview Medical Center Inc.,"$3,909.05",Standing order
INV-251852,07/15/2025,07/15/2025,Bayview Medical Center Inc.,"$5,141.21",
INV-251853,07/15/2025,07/15/2025,Clearwater Janitorial Company  ,8510.80,
INV-251854,07/15/2025,07/14/2025,Delmar Janitorial Services LLC,"$9,895.58",
INV-251855,15-Jul-25,15-Jul-25,Evergreen Senior Living Inc.,"$5,372.52",
INV-251856,2025-07-15,2025-07-15,Evergreen Senior Living,8256.22,
INV-251857,07/15/2025,07/15/2025,Garfield Industrial Company,5217.77,
INV-251858,15-Jul-25,15-Jul-25,Great Lakes Logistics Inc.,26866.62,
INV-251859,2025-07-15,2025-07-15,Great Lakes Logistics Inc.,"$6,442.58",
INV-251860,07/15/2025,07/15/2025,Great Lakes Logistics Inc.,"$12,377.37",
INV-251861,15-Jul-25,15-Jul-25,Heritage Food Services Inc.,6678.40,
INV-251862,15-Jul-25,15-Jul-25,Heritage Food Services Inc.,7371.93,Standing order
INV-251863,15-Jul-25,15-Jul-25,Portage Cold Storage Company,5724.69,
INV-251864,2025-07-15,2025-07-14,Riverside Fitness Clubs LLC,21192.70,
INV-251865,15-Jul-25,15-Jul-25,Sandusky Marine and Supply,7741.78,
INV-251866,07/15/2025,07/14/2025,Sandusky Marine and Supply,6516.99,PO 44181
INV-251867,2025-07-15,2025-07-15,SUMMIT HEALTHCARE GROUP INC.,"$3,686.92",PO 44081
INV-251868,2025-07-15,2025-07-14,University Circle Services,5199.18,
INV-251869,16-Jul-25,16-Jul-25,Evergreen Senior Living,32838.02,Standing order
INV-251870,16-Jul-25,16-Jul-25,Forest City Hotels and Resorts,7501.45,PO 40203
INV-251871,2025-07-16,2025-07-16,Forest City Hotels and Resorts,"$7,299.65",
INV-251872,16-Jul-25,16-Jul-25,Kent Valley Hospital,"$8,929.74",
INV-251873,16-Jul-25,16-Jul-25,Kent Valley Hospital,10887.65,
INV-251874,16-Jul-25,16-Jul-25,Medina Auto Group,"$9,684.93",
INV-251875,2025-07-16,2025-07-16,Parma Community College,4796.32,PO 40121
INV-251876,2025-07-16,2025-07-16,Parma Community College,15294.75,
INV-251877,07/16/2025,07/16/2025,Riverside Fitness Clubs LLC,13749.43,PO 42743
INV-251878,07/16/2025,07/15/2025,Sandusky Marine and Supply,2860.29,Standing order
INV-251879,07/16/2025,07/15/2025,Summit Healthcare Group Inc.  ,10407.92,Standing order
INV-251880,2025-07-16,2025-07-16,Twinsburg Industrial Park LLC,22530.71,
INV-251881,16-Jul-25,16-Jul-25,Twinsburg Industrial Park LLC,3695.38,
INV-251882,16-Jul-25,16-Jul-25,Youngstown Metal Works Inc.,16290.34,Standing order
INV-251883,07/17/2025,07/16/2025,Bayview Medical Center Inc.,"$12,274.60",
INV-251884,07/17/2025,07/17/2025,Garfield Industrial Company,10629.55,
INV-251885,07/17/2025,07/17/2025,Ironwood Property Services,18126.52,
INV-251886,07/17/2025,07/17/2025,Medina Auto Group,"$7,099.88",
INV-251887,07/17/2025,07/17/2025,Oak Ridge Office Parks,"$7,311.71",
INV-251888,07/17/2025,07/17/2025,Oak Ridge Office Parks,"$8,235.63",
INV-251889,2025-07-17,2025-07-17,Parma Community College,11494.44,
INV-251890,2025-07-17,2025-07-17,Parma Community College,"$2,320.83",
INV-251891,07/17/2025,07/17/2025,University Circle Services,"$14,026.68",
INV-251892,07/17/2025,07/17/2025,Westlake Commercial Cleaning Company  ,"$8,316.43",PO 42861
INV-251893,07/17/2025,07/17/2025,Youngstown Metal Works Inc.,10129.11,
INV-251894,07/18/2025,07/17/2025,Cedar Point Facility Services,"$6,041.40",PO 49978
INV-251895,18-Jul-25,18-Jul-25,Cedar Point Facility Services,23250.47,
INV-251896,18-Jul-25,18-Jul-25,Garfield Industrial Company,"$8,118.11",PO 43690
INV-251897,07/18/2025,07/18/2025,Highland Manufacturing Company,20244.67,
INV-251898,2025-07-18,2025-07-18,Kent Valley Hospital,"$7,239.56",
INV-251899,07/18/2025,07/18/2025,Portage Cold Storage Company,"$8,950.06",
INV-251900,18-Jul-25,18-Jul-25,Shaker Square Retail Partners,15157.97,
INV-251901,18-Jul-25,18-Jul-25,Twinsburg Industrial Park LLC,8335.34,PO 49245
INV-251902,2025-07-18,2025-07-18,Youngstown Metal Works Inc.,"$11,711.88",
INV-251903,18-Jul-25,18-Jul-25,Youngstown Metal Works Inc.,5103.92,
INV-251904,2025-07-21,2025-07-20,Garfield Industrial Company,68071.77,
INV-251905,2025-07-21,2025-07-20,Kent Valley Hospital,3951.91,PO 41376
INV-251906,21-Jul-25,21-Jul-25,Parma Community College,"$3,721.61",
INV-251907,07/21/2025,07/21/2025,Portage Cold Storage Company,"$15,611.48",Standing order
INV-251908,21-Jul-25,21-Jul-25,Twinsburg Industrial Park LLC,12538.26,
INV-251909,21-Jul-25,21-Jul-25,Twinsburg Industrial Park LLC,13663.82,
INV-251910,21-Jul-25,21-Jul-25,University Circle Services,11589.66,
INV-251911,2025-07-21,2025-07-20,Westlake Commercial Cleaning Company,8022.20,
INV-251912,21-Jul-25,21-Jul-25,Westlake Commercial Cleaning Company,3404.30,Standing order
INV-251913,21-Jul-25,20-Jul-25,Youngstown Metal Works Inc.  ,6674.80,
INV-251914,07/22/2025,07/22/2025,Evergreen Senior Living Inc.,7111.89,
INV-251915,2025-07-22,2025-07-21,Forest City Hotels and Resorts,2347.83,PO 47725
INV-251916,22-Jul-25,22-Jul-25,Forest City Hotels and Resorts,"$13,627.87",PO 46856
INV-251917,2025-07-22,2025-07-21,Great Lakes Logistics Inc.,14879.78,
INV-251918,2025-07-22,2025-07-22,Great Lakes Logistics Inc.,4518.84,
INV-251919,22-Jul-25,21-Jul-25,Kent Valley Hospital  ,14053.91,
INV-251920,2025-07-22,2025-07-22,Midwest Stadium Services Inc.  ,7145.73,
INV-251921,07/22/2025,07/21/2025,Oak Ridge Office Parks,"$25,251.64",
INV-251922,2025-07-22,2025-07-22,Parma Community College,5280.84,
INV-251923,22-Jul-25,22-Jul-25,Parma Community College,"$14,149.27",
INV-251924,22-Jul-25,21-Jul-25,Parma Community College  ,5786.49,Standing order
INV-251925,22-Jul-25,21-Jul-25,Parma Community College  ,"$20,972.71",
INV-251926,2025-07-22,2025-07-22,University Circle Services,3416.07,PO 42362
INV-251927,22-Jul-25,21-Jul-25,University Circle Services,13333.40,
INV-251928,22-Jul-25,22-Jul-25,Westlake Commercial Cleaning Co.,6849.18,PO 43677
INV-251929,2025-07-22,2025-07-22,Westlake Commercial Cleaning Company,"$14,584.17",Standing order
INV-251930,22-Jul-25,22-Jul-25,Youngstown Metal Works Inc.,8417.85,
INV-251931,07/23/2025,07/23/2025,Bayview Medical Center Inc.,"$21,671.96",
INV-251932,2025-07-23,2025-07-23,Clearwater Janitorial Company,15698.58,
INV-251933,23-Jul-25,23-Jul-25,Garfield Industrial Co.,7962.91,
INV-251934,2025-07-23,2025-07-22,Heritage Food Services Inc.,4892.69,
INV-251935,23-Jul-25,23-Jul-25,Sandusky Marine and Supply,16467.55,Standing order
INV-251936,2025-07-23,2025-07-23,Summit Healthcare Group Inc.,"$7,244.02",PO 45785
INV-251937,24-Jul-25,23-Jul-25,Bayview Medical Center Inc.,5988.06,
INV-251938,07/24/2025,07/23/2025,Cedar Point Facility Svcs,"$8,212.26",Standing order
INV-251939,07/24/2025,07/23/2025,Delmar Janitorial Services LLC,14355.01,
INV-251940,07/24/2025,07/24/2025,Great Lakes Logistics Inc.,829.27,
INV-251941,2025-07-24,2025-07-24,Hamilton County Services,6466.37,
INV-251942,2025-07-24,2025-07-24,Harborview Apartments LLC,14373.18,PO 42489
INV-251943,07/24/2025,07/24/2025,Heritage Food Services Inc.,42195.22,
INV-251944,2025-07-24,2025-07-24,Ironwood Property Services,"$7,902.30",Standing order
INV-251945,07/24/2025,07/24/2025,North Coast Restaurants LLC,20878.87,Standing order
INV-251946,2025-07-24,2025-07-24,Oak Ridge Office Parks,6138.24,
INV-251947,2025-07-24,2025-07-23,Stark County Services  ,3616.35,
INV-251948,24-Jul-25,24-Jul-25,Twinsburg Industrial Park LLC,13216.69,
INV-251949,07/24/2025,07/24/2025,Twinsburg Industrial Park LLC,2596.61,
INV-251950,24-Jul-25,24-Jul-25,University Circle Services,11352.35,Standing order
INV-251951,24-Jul-25,23-Jul-25,University Circle Services,"$4,979.23",Standing order
INV-251952,24-Jul-25,24-Jul-25,University Circle Services,6084.87,
INV-251953,07/24/2025,07/24/2025,Westlake Commercial Cleaning Company,"$14,576.17",Standing order
INV-251954,24-Jul-25,23-Jul-25,Westlake Commercial Cleaning Company,5697.35,Standing order
INV-251955,07/24/2025,07/24/2025,Youngstown Metal Works Inc.,5254.23,
INV-251956,2025-07-25,2025-07-25,Garfield Industrial Company  ,2435.19,Standing order
INV-251957,2025-07-25,2025-07-25,Heritage Food Services Inc.,26615.27,
INV-251958,2025-07-25,2025-07-25,Midwest Stadium Services Inc.,4591.24,Standing order
INV-251959,2025-07-25,2025-07-24,Midwest Stadium Services Inc.,"$7,124.92",
INV-251960,25-Jul-25,25-Jul-25,Midwest Stadium Services Inc.,"$5,756.02",
INV-251961,25-Jul-25,24-Jul-25,Pinnacle Building Services Inc.,"$1,408.79",PO 41659
INV-251962,25-Jul-25,24-Jul-25,Summit Healthcare Group Inc.,"$13,346.42",
INV-251963,07/25/2025,07/25/2025,Twinsburg Industrial Park LLC,"$1,284.15",
INV-251964,28-Jul-25,27-Jul-25,Bayview Medical Center Inc.,"$29,840.91",Standing order
INV-251965,07/28/2025,07/27/2025,Bayview Medical Center Inc.,7845.93,PO 44670
INV-251966,2025-07-28,2025-07-28,Bayview Medical Center Inc.  ,6782.42,
INV-251967,28-Jul-25,28-Jul-25,Cardinal Hospitality Group LLC,36425.05,
INV-251968,07/28/2025,07/28/2025,Cedar Point Facility Services,8423.61,Standing order
INV-251969,2025-07-28,2025-07-27,Garfield Industrial Company,14218.27,
INV-251970,2025-07-28,2025-07-27,Hamilton County Services,13528.96,
INV-251971,28-Jul-25,28-Jul-25,Harborview Apartments LLC,18699.81,PO 45834
INV-251972,28-Jul-25,28-Jul-25,Heritage Food Services Inc.,22758.77,
INV-251973,2025-07-28,2025-07-28,Lakeshore Cleaning Services Inc.,7128.00,Standing order
INV-251974,07/28/2025,07/28/2025,Midwest Stadium Services Inc.,4872.48,Standing order
INV-251975,2025-07-28,2025-07-27,Oak Ridge Office Parks,14654.76,PO 46934
INV-251976,28-Jul-25,27-Jul-25,Parma Community College,"$9,863.76",
INV-251977,2025-07-28,2025-07-28,Twinsburg Industrial Park LLC,"$17,695.68",
INV-251978,29-Jul-25,29-Jul-25,Bayview Medical Center,14647.82,
INV-251979,2025-07-29,2025-07-29,Bayview Medical Center Inc.,18421.75,
INV-251980,07/29/2025,07/28/2025,Delmar Janitorial Services LLC,"$19,586.54",
INV-251981,29-Jul-25,29-Jul-25,Eastgate Office Partners,9992.08,
INV-251982,07/29/2025,07/29/2025,Evergreen Senior Living Inc.,"$5,320.57",PO 47750
INV-251983,2025-07-29,2025-07-28,Forest City Hotels and Resorts,9752.80,Standing order
INV-251984,07/29/2025,07/29/2025,Garfield Industrial Company,"$12,232.00",
INV-251985,29-Jul-25,29-Jul-25,Parma Community College,8777.32,Standing order
INV-251986,2025-07-29,2025-07-29,Parma Community College,4323.60,
INV-251987,2025-07-29,2025-07-29,Youngstown Metal Works Inc.,12644.42,
INV-251988,07/30/2025,07/30/2025,Bayview Medical Center Inc.,22220.48,Standing order
INV-251989,30-Jul-25,30-Jul-25,Clearwater Janitorial Company,25939.13,
INV-251990,07/30/2025,07/29/2025,Delmar Janitorial Services LLC,19782.33,
INV-251991,07/30/2025,07/30/2025,Garfield Industrial Company,3754.70,
INV-251992,2025-07-30,2025-07-30,Heritage Food Services Inc.,"$4,938.17",
INV-251993,07/30/2025,07/30/2025,Lorain Distribution Company,8119.18,Standing order
INV-251994,07/30/2025,07/30/2025,Oak Ridge Office Parks,"$12,617.53",
INV-251995,2025-07-30,2025-07-30,Sandusky Marine and Supply,"$20,090.65",
INV-251996,07/30/2025,07/30/2025,Summit Healthcare Group Inc.,14093.47,
INV-251997,07/30/2025,07/30/2025,Willoughby Tech Center,14051.85,
INV-251998,07/31/2025,07/31/2025,Great Lakes Logistics Inc.,"$9,469.61",
INV-251999,07/31/2025,07/31/2025,Highland Manufacturing Company,24776.95,Standing order
INV-252000,2025-07-31,2025-07-31,Medina Auto Group  ,5857.43,Standing order
INV-252001,31-Jul-25,30-Jul-25,Oak Ridge Office Parks,1218.93,
INV-252002,31-Jul-25,30-Jul-25,Sandusky Marine and Supply  ,5442.79,
INV-252003,2025-07-31,2025-07-30,Twinsburg Industrial Park LLC,17811.34,Standing order
INV-252004,07/31/2025,07/31/2025,Twinsburg Industrial Park LLC,3724.72,PO 41726
INV-252005,2025-07-31,2025-07-31,University Circle Services,12227.66,PO 45305
INV-252006,31-Jul-25,31-Jul-25,Youngstown Metal Works Inc.,5180.65,Standing order
INV-252007,2025-07-31,2025-07-30,Youngstown Metal Works Inc.,3896.18,PO 41665
,,,Subtotal - Jul 2025,"$3,262,220.59",
INV-252008,2025-08-01,2025-08-01,Allegheny Property Management LLC,"$17,265.94",Standing order
INV-252009,08/01/2025,07/31/2025,Bayview Medical Center Inc.,"$10,143.71",
INV-252010,2025-08-01,2025-08-01,Evergreen Senior Living Inc.  ,"$6,247.79",Standing order
INV-252011,01-Aug-25,01-Aug-25,Fairlawn Public Schools,8770.13,
INV-252012,08/01/2025,08/01/2025,FOREST CITY HOTELS AND RESORTS,2938.98,
INV-252013,2025-08-01,2025-08-01,Garfield Industrial Company,"$22,840.78",PO 47108
INV-252014,01-Aug-25,01-Aug-25,Garfield Industrial Company,19702.86,PO 48308
INV-252015,2025-08-01,2025-08-01,Great Lakes Logistics Inc.,"$8,346.36",PO 48638
INV-252016,2025-08-01,2025-07-31,Great Lakes Logistics Inc.,"$8,606.75",PO 48711
INV-252017,2025-08-01,2025-08-01,Heritage Food Services Inc.,"$2,489.97",
INV-252018,01-Aug-25,31-Jul-25,Heritage Food Services Inc.  ,"$3,552.52",Standing order
INV-252019,01-Aug-25,01-Aug-25,Kent Valley Hospital,9913.85,
INV-252020,08/01/2025,08/01/2025,Lorain Distribution Company,3107.54,
INV-252021,08/01/2025,08/01/2025,Medina Auto Group,"$8,221.45",
INV-252022,2025-08-01,2025-08-01,Medina Auto Group,"$6,455.83",PO 46337
INV-252023,2025-08-01,2025-08-01,Medina Auto Group,10568.59,
INV-252024,08/01/2025,08/01/2025,Midwest Stadium Services Inc.,"$20,924.93",
INV-252025,08/01/2025,07/31/2025,North Coast Restaurants LLC,5719.95,
INV-252026,08/01/2025,07/31/2025,Parma Community College,10073.18,Standing order
INV-252027,01-Aug-25,01-Aug-25,Summit Healthcare Group Inc.,3211.31,
INV-252028,2025-08-01,2025-08-01,Westlake Commercial Cleaning Company,2818.34,PO 48370
INV-252029,08/01/2025,08/01/2025,Westlake Commercial Cleaning Company,"$4,393.56",PO 43501
INV-252030,01-Aug-25,01-Aug-25,Westlake Commercial Cleaning Company,4803.88,
INV-252031,01-Aug-25,01-Aug-25,Youngstown Metal Works Inc.,7706.30,
INV-252032,04-Aug-25,04-Aug-25,Bayview Medical Center Inc.,1978.79,Standing order
INV-252033,04-Aug-25,04-Aug-25,Cardinal Hospitality Group LLC,"$17,783.68",
INV-252034,08/04/2025,08/03/2025,Cedar Point Facility Services,8609.16,
INV-252035,2025-08-04,2025-08-04,Delmar Janitorial Services LLC,"$20,456.14",
INV-252036,08/04/2025,08/04/2025,Garfield Industrial Company,6298.95,
INV-252037,08/04/2025,08/04/2025,Garfield Industrial Company,7912.35,PO 47621
INV-252038,04-Aug-25,03-Aug-25,Harborview Apartments LLC,10007.77,Standing order
INV-252039,08/04/2025,08/03/2025,Kent Valley Hospital,8316.00,PO 48594
INV-252040,04-Aug-25,04-Aug-25,Lakeshore Cleaning Services Inc.,"$3,023.42",PO 47246
INV-252041,04-Aug-25,03-Aug-25,Midwest Stadium Services Inc.,"$6,660.52",
INV-252042,04-Aug-25,04-Aug-25,Oak Ridge Office Parks,7733.36,
INV-252043,2025-08-04,2025-08-04,Pinnacle Building Services Inc.,4002.26,Standing order
INV-252044,04-Aug-25,04-Aug-25,University Circle Services,2101.90,Standing order
INV-252045,08/04/2025,08/03/2025,Valley View Hotels Inc.,"$11,910.21",
INV-252046,04-Aug-25,04-Aug-25,Westlake Commercial Cleaning Company,"$16,861.58",
INV-252047,2025-08-04,2025-08-04,Westlake Commercial Cleaning Company,"$44,738.78",PO 41341
INV-252048,2025-08-04,2025-08-04,Youngstown Metal Works Inc.,15512.85,
INV-252049,04-Aug-25,04-Aug-25,Youngstown Metal Works Inc.,4662.06,Standing order
INV-252050,2025-08-05,2025-08-05,Hamilton County Services,9267.79,Standing order
INV-252051,2025-08-05,2025-08-05,Lakeshore Cleaning Services Inc.,"$13,135.51",
INV-252052,08/05/2025,08/05/2025,Lorain Distribution Company,8347.91,
INV-252053,08/05/2025,08/04/2025,Midwest Stadium Services Inc.,"$6,153.72",Standing order
INV-252054,05-Aug-25,05-Aug-25,Parma Community College,"$5,339.44",PO 49133
INV-252055,08/05/2025,08/04/2025,Parma Community College,"$2,498.66",PO 42876
INV-252056,05-Aug-25,05-Aug-25,Portage Cold Storage Company,34889.13,
INV-252057,2025-08-05,2025-08-05,Sandusky Marine and Supply,"$7,107.07",
INV-252058,05-Aug-25,04-Aug-25,Summit Healthcare Group Inc.,6653.68,
INV-252059,05-Aug-25,05-Aug-25,Twinsburg Industrial Park LLC,2125.39,
INV-252060,08/05/2025,08/05/2025,Twinsburg Industrial Park LLC,15274.05,PO 40016
INV-252061,08/06/2025,08/05/2025,Cedar Point Facility Services,"$35,315.58",
INV-252062,06-Aug-25,06-Aug-25,Forest City Hotels and Resorts,"$5,834.03",
INV-252063,06-Aug-25,06-Aug-25,Garfield Industrial Company,"$8,303.69",
INV-252064,2025-08-06,2025-08-05,Great Lakes Logistics Inc.,5199.40,
INV-252065,08/06/2025,08/06/2025,Harborview Apartments LLC,6433.23,
INV-252066,08/06/2025,08/06/2025,Heritage Food Services Inc.,22094.20,Standing order
INV-252067,08/06/2025,08/05/2025,Kent Valley Hospital,11027.16,
INV-252068,2025-08-06,2025-08-06,Portage Cold Storage Company,9535.05,
INV-252069,08/06/2025,08/06/2025,Summit Healthcare Group Inc.,1954.87,
INV-252070,06-Aug-25,06-Aug-25,Twinsburg Industrial Park LLC,23789.38,
INV-252071,2025-08-06,2025-08-06,Twinsburg Industrial Park LLC,6674.75,Standing order
INV-252072,08/06/2025,08/06/2025,University Circle Services,3600.59,PO 45846
INV-252073,2025-08-06,2025-08-06,University Circle Services,"$6,710.86",
INV-252074,08/06/2025,08/06/2025,Valley View Hotels Inc.,8294.62,Standing order
INV-252075,08/06/2025,08/06/2025,Westlake Commercial Cleaning Company,7499.09,
INV-252076,07-Aug-25,07-Aug-25,Bayview Medical Center Inc.,3098.54,
INV-252077,08/07/2025,08/07/2025,Cardinal Hospitality Group LLC,"$3,609.04",
INV-252078,2025-08-07,2025-08-07,Cedar Point Facility Services,"$2,807.24",Standing order
INV-252079,08/07/2025,08/07/2025,Cedar Point Facility Services,5944.16,
INV-252080,07-Aug-25,07-Aug-25,Evergreen Senior Living Inc.,"$8,721.75",
INV-252081,07-Aug-25,06-Aug-25,Garfield Industrial Company,8603.84,
INV-252082,07-Aug-25,07-Aug-25,Oak Ridge Office Parks,8968.88,
INV-252083,08/07/2025,08/07/2025,Oak Ridge Office Parks,4723.45,Standing order
INV-252084,2025-08-07,2025-08-07,Parma Community College  ,4949.45,PO 49191
INV-252085,08/07/2025,08/06/2025,Pinnacle Building Services Inc.,"$5,145.39",PO 48295
INV-252086,07-Aug-25,07-Aug-25,Summit Healthcare Group Inc.,"$10,304.26",
INV-252087,08/07/2025,08/07/2025,Twinsburg Industrial Park LLC,7645.16,
INV-252088,08/07/2025,08/07/2025,Twinsburg Industrial Park LLC,11104.06,Standing order
INV-252089,08/07/2025,08/07/2025,Westlake Commercial Cleaning Company,7194.16,PO 44322
INV-252090,07-Aug-25,07-Aug-25,Westlake Commercial Cleaning Company,"$6,181.58",
INV-252091,2025-08-08,2025-08-08,Cedar Point Facility Services,10002.71,Standing order
INV-252092,2025-08-08,2025-08-08,Clearwater Janitorial Company,21767.22,
INV-252093,08-Aug-25,08-Aug-25,Forest City Hotels and Resorts,5714.76,
INV-252094,08/08/2025,08/08/2025,Great Lakes Logistics Inc.,22211.61,
INV-252095,08-Aug-25,08-Aug-25,Hamilton County Services,6417.42,
INV-252096,2025-08-08,2025-08-07,Kent Valley Hospital,5256.04,Standing order
INV-252097,2025-08-08,2025-08-08,Medina Auto Group,22848.43,Standing order
INV-252098,2025-08-08,2025-08-08,MIDWEST STADIUM SERVICES INC.,18347.32,
INV-252099,2025-08-08,2025-08-08,Midwest Stadium Services Inc.,4598.38,PO 40878
INV-252100,08/08/2025,08/08/2025,Parma Community College,"$2,372.06",Standing order
INV-252101,08-Aug-25,08-Aug-25,Pinnacle Building Services Inc.,5753.01,
INV-252102,08/08/2025,08/07/2025,Summit Healthcare Group Inc.,"$12,253.32",PO 45198
INV-252103,2025-08-08,2025-08-08,Twinsburg Industrial Park LLC,"$9,961.41",
INV-252104,08-Aug-25,08-Aug-25,Twinsburg Industrial Park LLC,6981.10,
INV-252105,08/08/2025,08/08/2025,University Circle Services,"$4,992.34",Standing order
INV-252106,2025-08-08,2025-08-08,WESTLAKE COMMERCIAL CLEANING COMPANY,4499.94,PO 43010
INV-252107,08-Aug-25,08-Aug-25,Westlake Commercial Cleaning Company,9693.64,Standing order
INV-252108,2025-08-08,2025-08-08,WILLOUGHBY TECH CENTER,3652.24,
INV-252109,11-Aug-25,11-Aug-25,Evergreen Senior Living Inc.,"$6,803.36",
INV-252110,11-Aug-25,11-Aug-25,EVERGREEN SENIOR LIVING INC.,10212.24,
INV-252111,11-Aug-25,10-Aug-25,Evergreen Senior Living Inc.,10250.87,Standing order
INV-252112,08/11/2025,08/11/2025,Garfield Industrial Company,8548.85,
INV-252113,2025-08-11,2025-08-11,Garfield Industrial Company,3827.78,
INV-252114,11-Aug-25,11-Aug-25,Heritage Food Services Inc.,"$17,718.50",PO 47506
INV-252115,2025-08-11,2025-08-11,HIGHLAND MANUFACTURING COMPANY,"$9,655.34",Standing order
INV-252116,2025-08-11,2025-08-11,Kent Valley Hospital,2848.33,
INV-252117,2025-08-11,2025-08-11,Midwest Stadium Services,"$5,987.84",PO 42528
INV-252118,11-Aug-25,11-Aug-25,Parma Community College,22694.49,PO 45989
INV-252119,08/11/2025,08/11/2025,Summit Healthcare Group Inc.,9733.93,
INV-252120,2025-08-11,2025-08-11,Westlake Commercial Cleaning Company,"$4,945.90",PO 48921
INV-252121,11-Aug-25,11-Aug-25,Westlake Commercial Cleaning Company,"$2,773.42",Standing order
INV-252122,2025-08-11,2025-08-11,Youngstown Metal Works Inc.,"$11,284.83",
INV-252123,2025-08-12,2025-08-12,Bayview Medical Center Inc.,8691.39,
INV-252124,12-Aug-25,11-Aug-25,Bayview Medical Center Inc.,14407.98,PO 49832
INV-252125,12-Aug-25,11-Aug-25,Bayview Medical Center Inc.,3806.67,Standing order
INV-252126,08/12/2025,08/11/2025,Delmar Janitorial Services LLC,"$11,433.81",
INV-252127,12-Aug-25,12-Aug-25,Great Lakes Logistics Inc.,"$8,856.17",PO 42298
INV-252128,12-Aug-25,12-Aug-25,Great Lakes Logistics Inc.,37988.74,
INV-252129,2025-08-12,2025-08-11,Harborview Apartments LLC,9538.47,
INV-252130,08/12/2025,08/12/2025,Ironwood Property Services,6995.33,
INV-252131,08/12/2025,08/12/2025,Medina Auto Group,2596.53,PO 41085
INV-252132,12-Aug-25,12-Aug-25,Oak Ridge Office Parks,10508.72,
INV-252133,2025-08-12,2025-08-11,Twinsburg Industrial Park LLC,"$21,689.18",
INV-252134,12-Aug-25,11-Aug-25,University Circle Services,7844.03,
INV-252135,08/12/2025,08/12/2025,Westlake Commercial Cleaning Company,4019.46,Standing order
INV-252136,2025-08-12,2025-08-11,Youngstown Metal Works Inc.,"$5,574.12",
INV-252137,2025-08-12,2025-08-11,YOUNGSTOWN METAL WORKS INC.,"$5,394.68",
INV-252138,08/12/2025,08/11/2025,Youngstown Metal Works Inc.,7207.43,PO 49512
INV-252139,13-Aug-25,12-Aug-25,Bayview Medical Center Inc.,"$31,362.36",PO 41740
INV-252140,13-Aug-25,13-Aug-25,Clearwater Janitorial Company,4662.84,Standing order
INV-252141,08/13/2025,08/13/2025,Garfield Industrial Company,5598.86,
INV-252142,2025-08-13,2025-08-13,Great Lakes Logistics Inc.,4292.90,
INV-252143,08/13/2025,08/13/2025,Harborview Apartments LLC,18351.00,
INV-252144,2025-08-13,2025-08-13,Medina Auto Group,11938.67,Standing order
INV-252145,2025-08-13,2025-08-12,North Coast Restaurants LLC,"$12,630.33",Standing order
INV-252146,13-Aug-25,13-Aug-25,Parma Community College,"$23,688.32",PO 48243
INV-252147,08/13/2025,08/13/2025,Parma Community College,"$8,724.21",
INV-252148,08/13/2025,08/13/2025,Parma Community College,8888.05,Standing order
INV-252149,13-Aug-25,13-Aug-25,Parma Community College  ,"$10,210.63",Standing order
INV-252150,13-Aug-25,13-Aug-25,Shaker Square Retail Partners,16918.03,PO 48674
INV-252151,08/13/2025,08/12/2025,Westlake Commercial Cleaning Company,6429.10,PO 48569
INV-252152,13-Aug-25,13-Aug-25,Youngstown Metal Works Inc.,"$8,383.94",
INV-252153,2025-08-13,2025-08-13,Youngstown Metal Works,7477.29,
INV-252154,2025-08-14,2025-08-14,Bayview Medical Center Inc.,6356.22,
INV-252155,2025-08-14,2025-08-13,Bayview Medical Center Inc.,3605.12,
INV-252156,14-Aug-25,13-Aug-25,Cardinal Hospitality Group LLC,"$23,234.35",
INV-252157,08/14/2025,08/14/2025,Cedar Point Facility Services,"$14,013.60",PO 47201
INV-252158,2025-08-14,2025-08-14,Evergreen Senior Living Inc.,3051.41,
INV-252159,2025-08-14,2025-08-14,Evergreen Senior Living Inc.,"$4,119.39",
INV-252160,14-Aug-25,13-Aug-25,Garfield Industrial Company  ,6828.38,
INV-252161,08/14/2025,08/14/2025,Great Lakes Logistics Inc.,3335.85,
INV-252162,14-Aug-25,14-Aug-25,Great Lakes Logistics Inc.,17004.46,Standing order
INV-252163,2025-08-14,2025-08-14,Kent Valley Hospital,"$6,907.82",Standing order
INV-252164,2025-08-14,2025-08-14,Oak Ridge Office Parks,5775.74,
INV-252165,14-Aug-25,13-Aug-25,Parma Community College,"$6,461.47",Standing order
INV-252166,2025-08-14,2025-08-14,Riverside Fitness Clubs,10677.37,
INV-252167,2025-08-14,2025-08-14,University Circle Services  ,12885.46,
INV-252168,08/14/2025,08/13/2025,University Circle Services,27436.72,
INV-252169,2025-08-14,2025-08-14,University Circle Services,10537.53,
INV-252170,08/15/2025,08/15/2025,Allegheny Property Management LLC,5824.90,
INV-252171,08/15/2025,08/15/2025,Bayview Medical Center Inc.,21622.13,Standing order
INV-252172,08/15/2025,08/15/2025,Cedar Point Facility Services,3929.89,
INV-252173,2025-08-15,2025-08-15,Evergreen Senior Living Inc.,"$12,251.82",
INV-252174,2025-08-15,2025-08-14,Evergreen Senior Living Inc.,6955.09,PO 42357
INV-252175,08/15/2025,08/15/2025,Garfield Industrial Company,"$1,546.16",
INV-252176,2025-08-15,2025-08-15,Heritage Food Services Inc.,4603.68,PO 48910
INV-252177,08/15/2025,08/15/2025,Lorain Distribution Company,3590.37,
INV-252178,2025-08-15,2025-08-15,Oak Ridge Office Parks,"$9,430.88",
INV-252179,15-Aug-25,15-Aug-25,Parma Community College,5770.66,PO 43696
INV-252180,15-Aug-25,15-Aug-25,Pinnacle Building Services Inc.,26708.81,
INV-252181,2025-08-15,2025-08-14,Pinnacle Building Services Inc.  ,18916.03,PO 45565
INV-252182,2025-08-15,2025-08-14,Sandusky Marine and Supply,"$16,418.23",PO 42753
INV-252183,08/15/2025,08/15/2025,Sandusky Marine and Supply,"$7,120.55",
INV-252184,15-Aug-25,14-Aug-25,Sandusky Marine and Supply  ,4042.64,Standing order
INV-252185,2025-08-15,2025-08-15,Shaker Square Retail Partners,"$7,381.76",
INV-252186,15-Aug-25,15-Aug-25,Summit Healthcare Group Inc.,"$14,155.72",
INV-252187,2025-08-15,2025-08-14,Twinsburg Industrial Park LLC,"$6,352.47",Standing order
INV-252188,2025-08-15,2025-08-15,Twinsburg Industrial Park LLC,3351.18,PO 42116
INV-252189,08/15/2025,08/14/2025,Twinsburg Industrial Park LLC  ,9756.01,
INV-252190,2025-08-15,2025-08-14,Twinsburg Industrial Park LLC,8891.78,
INV-252191,2025-08-15,2025-08-15,University Circle Services,"$1,847.48",PO 45991
INV-252192,15-Aug-25,15-Aug-25,Westlake Commercial Cleaning Co.,8554.17,
INV-252193,2025-08-15,2025-08-15,Westlake Commercial Cleaning Company,"$3,427.91",PO 43763
INV-252194,08/15/2025,08/15/2025,Westlake Commercial Cleaning Company,4231.51,PO 48556
INV-252195,2025-08-15,2025-08-15,Youngstown Metal Works Inc.,"$22,019.18",Standing order
INV-252196,2025-08-15,2025-08-14,Youngstown Metal Works Inc.,7478.18,Standing order
INV-252197,18-Aug-25,18-Aug-25,Bayview Medical Center Inc.,11529.37,
INV-252198,18-Aug-25,18-Aug-25,Cedar Point Facility Services,"$2,868.80",Standing order
INV-252199,18-Aug-25,18-Aug-25,Eastgate Office Partners,8959.59,Standing order
INV-252200,08/18/2025,08/18/2025,Evergreen Senior Living Inc.,1905.65,PO 45843
INV-252201,18-Aug-25,18-Aug-25,Great Lakes Logistics,"$7,337.79",Standing order
INV-252202,2025-08-18,2025-08-18,Heritage Food Services Inc.,4555.53,Standing order
INV-252203,2025-08-18,2025-08-18,Ironwood Property Services,"$24,200.20",
INV-252204,2025-08-18,2025-08-18,Kent Valley Hospital,"$4,453.67",PO 47180
INV-252205,18-Aug-25,17-Aug-25,Kent Valley Hospital,"$47,754.18",
INV-252206,08/18/2025,08/17/2025,Medina Auto Group,"$10,242.58",
INV-252207,18-Aug-25,17-Aug-25,Oak Ridge Office Parks,8139.79,
INV-252208,18-Aug-25,18-Aug-25,Oak Ridge Office Parks,5930.63,Standing order
INV-252209,2025-08-18,2025-08-18,Parma Community College,"$8,164.75",
INV-252210,2025-08-18,2025-08-18,Parma Community College,6735.43,
INV-252211,2025-08-18,2025-08-18,Riverside Fitness Clubs LLC,4097.58,Standing order
INV-252212,18-Aug-25,18-Aug-25,Sandusky Marine and Supply  ,17867.14,
INV-252213,2025-08-18,2025-08-18,Sandusky Marine and Supply  ,20746.15,
INV-252214,08/18/2025,08/18/2025,Twinsburg Industrial Park LLC,"$1,599.95",
INV-252215,18-Aug-25,18-Aug-25,Twinsburg Industrial Park LLC  ,19934.66,
INV-252216,08/18/2025,08/18/2025,Twinsburg Industrial Park LLC,"$3,640.18",
INV-252217,08/18/2025,08/18/2025,University Circle Services  ,2410.15,PO 49701
INV-252218,08/18/2025,08/18/2025,Youngstown Metal Works Inc.,3705.96,Standing order
INV-252219,2025-08-18,2025-08-18,Youngstown Metal Works Inc.,16681.94,
INV-252220,2025-08-18,2025-08-18,Youngstown Metal Works,5537.57,
INV-252221,2025-08-19,2025-08-19,BAYVIEW MEDICAL CENTER INC.,2242.37,PO 45389
INV-252222,19-Aug-25,18-Aug-25,Clearwater Janitorial Company,"$9,067.23",Standing order
INV-252223,2025-08-19,2025-08-19,EVERGREEN SENIOR LIVING INC.,"$9,653.37",PO 46723
INV-252224,08/19/2025,08/19/2025,Fairlawn Public Schools,4049.49,
INV-252225,2025-08-19,2025-08-19,Great Lakes Logistics Inc.,2044.31,
INV-252226,2025-08-19,2025-08-19,Harborview Apartments LLC,"$10,416.06",Standing order
INV-252227,19-Aug-25,19-Aug-25,Harborview Apartments LLC,10900.29,
INV-252228,08/19/2025,08/19/2025,Medina Auto Group,2118.25,
INV-252229,08/19/2025,08/19/2025,Midwest Stadium Services Inc.,1860.21,
INV-252230,08/19/2025,08/19/2025,Pinnacle Building Services Inc.,11139.30,
INV-252231,2025-08-19,2025-08-18,Portage Cold Storage Company,"$10,552.43",
INV-252232,2025-08-19,2025-08-19,Twinsburg Industrial Park LLC,4152.64,Standing order
INV-252233,2025-08-19,2025-08-19,Twinsburg Industrial Park LLC,"$2,304.03",PO 44231
INV-252234,08/19/2025,08/19/2025,University Circle Services,5643.55,
INV-252235,2025-08-19,2025-08-19,University Circle Services,"$44,525.33",Standing order
INV-252236,2025-08-19,2025-08-19,Youngstown Metal Works Inc.,"$25,987.26",
INV-252237,20-Aug-25,19-Aug-25,Bayview Medical Center,9789.73,
INV-252238,08/20/2025,08/20/2025,Eastgate Office Partners,"$2,214.89",Standing order
INV-252239,08/20/2025,08/20/2025,Evergreen Senior Living Inc.,"$5,751.08",PO 43787
INV-252240,08/20/2025,08/20/2025,Garfield Industrial Company,10736.55,
INV-252241,2025-08-20,2025-08-19,HERITAGE FOOD SERVICES INC.,"$4,715.76",
INV-252242,20-Aug-25,19-Aug-25,Lorain Distribution Company,14660.01,
INV-252243,2025-08-20,2025-08-20,Sandusky Marine and Supply,9042.97,Standing order
INV-252244,08/20/2025,08/19/2025,Twinsburg Industrial Park LLC,9914.78,
INV-252245,2025-08-20,2025-08-19,Twinsburg Industrial Park LLC,7055.99,
INV-252246,08/20/2025,08/20/2025,Westlake Commercial Cleaning Company,11917.29,Standing order
INV-252247,08/20/2025,08/20/2025,WESTLAKE COMMERCIAL CLEANING COMPANY,6877.01,PO 41919
INV-252248,20-Aug-25,20-Aug-25,Youngstown Metal Works Inc.,11482.42,Standing order
INV-252249,08/21/2025,08/21/2025,Bayview Medical Center Inc.,11313.89,Standing order
INV-252250,21-Aug-25,21-Aug-25,Cardinal Hospitality Group LLC,2919.87,
INV-252251,2025-08-21,2025-08-21,Evergreen Senior Living Inc.,"$9,535.68",
INV-252252,08/21/2025,08/21/2025,Evergreen Senior Living Inc.,"$1,413.36",
INV-252253,2025-08-21,2025-08-21,Great Lakes Logistics Inc.,4246.59,PO 45012
INV-252254,21-Aug-25,20-Aug-25,Medina Auto Group,"$17,872.31",
INV-252255,21-Aug-25,21-Aug-25,Oak Ridge Office Parks,"$6,357.68",PO 49510
INV-252256,21-Aug-25,21-Aug-25,Parma Community College,18204.31,Standing order
INV-252257,21-Aug-25,20-Aug-25,Parma Community College,4805.34,PO 43899
INV-252258,2025-08-21,2025-08-21,PORTAGE COLD STORAGE COMPANY,"$3,725.80",
INV-252259,08/21/2025,08/21/2025,Sandusky Marine and Supply,2847.62,
INV-252260,2025-08-21,2025-08-21,Twinsburg Industrial Park LLC,"$26,851.80",Standing order
INV-252261,21-Aug-25,20-Aug-25,Westlake Commercial Cleaning Company,5291.46,
INV-252262,22-Aug-25,22-Aug-25,Bayview Medical Center Inc.,8167.33,
INV-252263,22-Aug-25,22-Aug-25,Bayview Medical Center Inc.,11730.37,
INV-252264,2025-08-22,2025-08-21,Cardinal Hospitality Group LLC,4341.96,Standing order
INV-252265,2025-08-22,2025-08-21,Cedar Point Facility Services,13883.61,PO 40996
INV-252266,22-Aug-25,22-Aug-25,Garfield Industrial Company,4948.77,PO 42899
INV-252267,2025-08-22,2025-08-22,Garfield Industrial Company,3511.05,PO 43870
INV-252268,2025-08-22,2025-08-22,Garfield Industrial Company,3180.46,
INV-252269,22-Aug-25,22-Aug-25,Great Lakes Logistics Inc.,"$11,673.39",
INV-252270,08/22/2025,08/22/2025,North Coast Restaurants LLC,"$21,364.98",
INV-252271,2025-08-22,2025-08-22,Parma Community College,1700.81,PO 47801
INV-252272,2025-08-22,2025-08-22,Sandusky Marine and Supply  ,"$41,326.46",
INV-252273,2025-08-22,2025-08-22,Twinsburg Industrial Park LLC,"$4,556.84",
INV-252274,2025-08-22,2025-08-22,University Circle Services,7317.23,
INV-252275,22-Aug-25,22-Aug-25,WESTLAKE COMMERCIAL CLEANING COMPANY,"$4,383.82",
INV-252276,08/22/2025,08/22/2025,Willoughby Tech Center,9766.30,PO 41866
INV-252277,22-Aug-25,22-Aug-25,Youngstown Metal Works Inc.,"$16,975.52",
INV-252278,08/22/2025,08/22/2025,Youngstown Metal Works Inc.,"$7,421.66",PO 49907
INV-252279,25-Aug-25,25-Aug-25,Allegheny Property Management LLC,"$10,605.90",PO 45760
INV-252280,25-Aug-25,24-Aug-25,Bayview Medical Center Inc.,6566.24,Standing order
INV-252281,25-Aug-25,25-Aug-25,Bayview Medical Center Inc.,3821.32,PO 41177
INV-252282,25-Aug-25,25-Aug-25,Bayview Medical Center Inc.,11345.70,PO 42193
INV-252283,08/25/2025,08/25/2025,Garfield Industrial Company,2869.59,Standing order
INV-252284,25-Aug-25,25-Aug-25,Great Lakes Logistics Inc.,"$8,264.22",Standing order
INV-252285,08/25/2025,08/25/2025,Ironwood Property Services,4850.99,
INV-252286,25-Aug-25,24-Aug-25,Kent Valley Hospital,17391.23,
INV-252287,25-Aug-25,25-Aug-25,Kent Valley Hospital,8908.19,
INV-252288,25-Aug-25,24-Aug-25,Midwest Stadium Services Inc.  ,"$5,100.33",Standing order
INV-252289,2025-08-25,2025-08-25,Midwest Stadium Services Inc.,"$28,343.38",
INV-252290,08/25/2025,08/25/2025,Parma Community College,11314.30,
INV-252291,25-Aug-25,25-Aug-25,Portage Cold Storage Company,"$11,472.25",
INV-252292,08/25/2025,08/24/2025,Summit Healthcare Group Inc.,14130.26,
INV-252293,08/25/2025,08/25/2025,Summit Healthcare Group Inc.,28992.67,PO 45941
INV-252294,08/25/2025,08/25/2025,Twinsburg Industrial Park LLC  ,17895.89,Standing order
INV-252295,2025-08-25,2025-08-25,Twinsburg Industrial Park LLC,"$7,779.53",
INV-252296,25-Aug-25,24-Aug-25,University Circle Services,"$11,511.37",
INV-252297,08/25/2025,08/24/2025,Westlake Commercial Cleaning Company,"$16,175.04",
INV-252298,2025-08-25,2025-08-25,WESTLAKE COMMERCIAL CLEANING COMPANY,5443.60,
INV-252299,08/25/2025,08/24/2025,Willoughby Tech Center,6530.65,
INV-252300,2025-08-25,2025-08-24,Youngstown Metal Works Inc.,"$5,727.66",
INV-252301,2025-08-26,2025-08-26,Allegheny Property Management LLC,14899.57,
INV-252302,08/26/2025,08/26/2025,Bayview Medical Center Inc.,5083.89,Standing order
INV-252303,2025-08-26,2025-08-26,Clearwater Janitorial Company,6989.38,
INV-252304,26-Aug-25,26-Aug-25,Evergreen Senior Living Inc.,"$34,119.42",Standing order
INV-252305,2025-08-26,2025-08-26,Garfield Industrial Company,"$37,586.80",
INV-252306,26-Aug-25,26-Aug-25,Heritage Food Services Inc.,6764.06,
INV-252307,2025-08-26,2025-08-26,Maple Heights Facilities LLC,12385.35,
INV-252308,2025-08-26,2025-08-26,Medina Auto Group,13205.44,Standing order
INV-252309,2025-08-26,2025-08-25,Midwest Stadium Services Inc.,9431.86,
INV-252310,08/26/2025,08/26/2025,MIDWEST STADIUM SERVICES INC.,8584.99,
INV-252311,2025-08-26,2025-08-25,Oak Ridge Office Parks,"$13,034.97",PO 45216
INV-252312,2025-08-26,2025-08-26,Parma Community College,4392.55,
INV-252313,08/26/2025,08/26/2025,Riverside Fitness Clubs LLC  ,4554.98,
INV-252314,26-Aug-25,25-Aug-25,Sandusky Marine and Supply,"$11,188.78",
INV-252315,2025-08-26,2025-08-25,Twinsburg Industrial Park LLC,"$6,811.35",PO 45091
INV-252316,2025-08-26,2025-08-26,University Circle Services,15134.95,Standing order
INV-252317,26-Aug-25,26-Aug-25,Westlake Commercial Cleaning Company,10840.67,Standing order
INV-252318,26-Aug-25,26-Aug-25,Westlake Commercial Cleaning Company,16611.27,
INV-252319,2025-08-26,2025-08-26,Youngstown Metal Works Inc.,"$4,561.45",
INV-252320,08/26/2025,08/26/2025,Youngstown Metal Works Inc.,21706.92,Standing order
INV-252321,08/26/2025,08/26/2025,Youngstown Metal Works Inc.,9229.61,
INV-252322,27-Aug-25,27-Aug-25,Cardinal Hospitality Group LLC,10927.77,
INV-252323,2025-08-27,2025-08-27,Cedar Point Facility Services,"$16,038.33",
INV-252324,2025-08-27,2025-08-26,Clearwater Janitorial Company,7573.80,
INV-252325,2025-08-27,2025-08-26,Garfield Industrial Company,31454.43,
INV-252326,2025-08-27,2025-08-26,Great Lakes Logistics Inc.,24846.71,
INV-252327,08/27/2025,08/26/2025,Harborview Apartments LLC,"$6,596.09",Standing order
INV-252328,27-Aug-25,27-Aug-25,Heritage Food Services Inc.,"$7,137.21",
INV-252329,08/27/2025,08/27/2025,Heritage Food Services Inc.,8233.07,
INV-252330,27-Aug-25,26-Aug-25,Lorain Distribution Company,"$7,608.34",PO 40213
INV-252331,08/27/2025,08/27/2025,Medina Auto Group,5542.82,
INV-252332,08/27/2025,08/26/2025,Oak Ridge Office Parks,7176.32,
INV-252333,27-Aug-25,26-Aug-25,Summit Healthcare Group Inc.,14812.04,
INV-252334,27-Aug-25,27-Aug-25,Youngstown Metal Works Inc.  ,"$6,494.67",
INV-252335,2025-08-27,2025-08-27,Youngstown Metal Works Inc.,"$5,804.63",Standing order
INV-252336,28-Aug-25,27-Aug-25,Bayview Medical Center Inc.,"$5,905.26",Standing order
INV-252337,08/28/2025,08/28/2025,Bayview Medical Center Inc.,11040.55,Standing order
INV-252338,28-Aug-25,28-Aug-25,Medina Auto Group,7261.64,PO 41138
INV-252339,2025-08-28,2025-08-27,Parma Community College,7362.91,Standing order
INV-252340,28-Aug-25,28-Aug-25,Tri-State Warehouse Company,1717.28,
INV-252341,2025-08-28,2025-08-27,Westlake Commercial Cleaning Company,4457.92,PO 44425
INV-252342,29-Aug-25,29-Aug-25,Allegheny Property Management LLC,10902.18,
INV-252343,08/29/2025,08/28/2025,Bayview Medical Center Inc.,4625.25,
INV-252344,2025-08-29,2025-08-29,Clearwater Janitorial Company,4598.82,
INV-252345,2025-08-29,2025-08-29,Forest City Hotels and Resorts,"$14,396.81",PO 45536
INV-252346,29-Aug-25,29-Aug-25,Great Lakes Logistics Inc.,6980.50,
INV-252347,29-Aug-25,28-Aug-25,Medina Auto Group,10616.26,PO 43033
INV-252348,29-Aug-25,28-Aug-25,Parma Community College,"$10,249.59",
INV-252349,08/29/2025,08/29/2025,Parma Community College,12741.04,
INV-252350,08/29/2025,08/29/2025,Parma Community College,11779.48,PO 42371
INV-252351,08/29/2025,08/29/2025,Sandusky Marine and Supply,"$1,912.29",
INV-252352,2025-08-29,2025-08-29,Sandusky Marine and Supply,"$12,489.18",Standing order
INV-252353,08/29/2025,08/29/2025,Sandusky Marine and Supply,8866.74,
INV-252354,2025-08-29,2025-08-29,Twinsburg Industrial Park LLC,9948.45,
INV-252355,29-Aug-25,29-Aug-25,Willoughby Tech Center,2538.10,Standing order
,,,Subtotal - Aug 2025,"$3,472,827.20",
INV-252356,01-Sep-25,31-Aug-25,Clearwater Janitorial Company,"$5,608.77",
INV-252357,09/01/2025,09/01/2025,Garfield Industrial Company,9627.38,Standing order
INV-252358,2025-09-01,2025-08-31,Great Lakes Logistics Inc.,23054.71,
INV-252359,2025-09-01,2025-09-01,Harborview Apartments LLC,"$9,875.23",PO 44721
INV-252360,01-Sep-25,01-Sep-25,Kent Valley Hospital,1994.12,PO 43385
INV-252361,01-Sep-25,01-Sep-25,Oak Ridge Office Parks,"$13,916.24",PO 46589
INV-252362,2025-09-01,2025-08-31,Parma Community College,11531.94,
INV-252363,01-Sep-25,31-Aug-25,Summit Healthcare Group Inc.,3080.95,
INV-252364,09/01/2025,08/31/2025,Twinsburg Industrial Park,7935.54,
INV-252365,09/01/2025,09/01/2025,Twinsburg Industrial Park LLC,3530.45,
INV-252366,09/01/2025,08/31/2025,Westlake Commercial Cleaning Company,9400.15,Standing order
INV-252367,01-Sep-25,31-Aug-25,Westlake Commercial Cleaning Company  ,9614.19,
INV-252368,01-Sep-25,01-Sep-25,Westlake Commercial Cleaning Company,24907.75,Standing order
INV-252369,09/01/2025,09/01/2025,Youngstown Metal Works Inc.,4329.71,
INV-252370,09/02/2025,09/01/2025,Allegheny Property Management LLC,"$2,342.78",
INV-252371,02-Sep-25,01-Sep-25,Bayview Medical Center Inc.,9862.78,
INV-252372,09/02/2025,09/01/2025,Cardinal Hospitality Group LLC,16798.07,
INV-252373,02-Sep-25,02-Sep-25,Great Lakes Logistics Inc.,11081.93,
INV-252374,02-Sep-25,02-Sep-25,Midwest Stadium Services Inc.,"$3,129.74",
INV-252375,09/02/2025,09/02/2025,Oak Ridge Office Parks,3705.49,
INV-252376,02-Sep-25,01-Sep-25,Riverside Fitness Clubs LLC,17577.81,Standing order
INV-252377,09/02/2025,09/02/2025,Summit Healthcare Group Inc.,11318.54,
INV-252378,2025-09-02,2025-09-01,University Circle Services,"$3,710.45",Standing order
INV-252379,02-Sep-25,02-Sep-25,Youngstown Metal Works Inc.,6686.33,
INV-252380,03-Sep-25,03-Sep-25,Bayview Medical Center Inc.,14312.11,PO 48814
INV-252381,03-Sep-25,03-Sep-25,Bayview Medical Center Inc.,5379.59,
INV-252382,03-Sep-25,03-Sep-25,Cardinal Hospitality Group LLC,"$15,938.10",
INV-252383,03-Sep-25,03-Sep-25,Cedar Point Facility Services,14250.87,
INV-252384,03-Sep-25,03-Sep-25,Clearwater Janitorial Company,4709.33,
INV-252385,09/03/2025,09/02/2025,KENT VALLEY HOSPITAL,3802.02,
INV-252386,09/03/2025,09/03/2025,Parma Community College,2507.66,Standing order
INV-252387,2025-09-03,2025-09-03,Parma Community College,6722.52,Standing order
INV-252388,09/03/2025,09/03/2025,Riverside Fitness Clubs LLC,"$13,745.55",
INV-252389,09/03/2025,09/02/2025,Summit Healthcare Group Inc.,"$22,583.89",
INV-252390,03-Sep-25,03-Sep-25,Twinsburg Industrial Park LLC  ,4419.32,Standing order
INV-252391,09/03/2025,09/02/2025,TWINSBURG INDUSTRIAL PARK LLC,"$1,761.19",
INV-252392,2025-09-03,2025-09-03,Westlake Commercial Cleaning Company,5939.14,
INV-252393,2025-09-03,2025-09-03,YOUNGSTOWN METAL WORKS INC.,"$6,034.97",Standing order
INV-252394,2025-09-03,2025-09-03,Youngstown Metal Works Inc.,3133.63,PO 49354
INV-252395,09/03/2025,09/02/2025,Youngstown Metal Works Inc.,19716.58,
INV-252396,2025-09-04,2025-09-04,Allegheny Property Management LLC,"$11,596.06",
INV-252397,09/04/2025,09/03/2025,Eastgate Office Partners,41045.96,Standing order
INV-252398,09/04/2025,09/04/2025,Evergreen Senior Living Inc.,37473.27,Standing order
INV-252399,2025-09-04,2025-09-04,Lakeshore Cleaning Services Inc.,11490.69,
INV-252400,09/04/2025,09/04/2025,Midwest Stadium Services Inc.,"$15,962.03",Standing order
INV-252401,09/04/2025,09/03/2025,Portage Cold Storage Co.,8941.46,PO 42816
INV-252402,04-Sep-25,03-Sep-25,Twinsburg Industrial Park LLC,"$10,730.47",
INV-252403,2025-09-04,2025-09-04,Twinsburg Industrial Park LLC,3456.10,PO 42462
INV-252404,04-Sep-25,03-Sep-25,Twinsburg Industrial Park LLC,8255.90,
INV-252405,04-Sep-25,04-Sep-25,University Circle Services,"$19,595.83",
INV-252406,2025-09-05,2025-09-05,Cardinal Hospitality Group LLC,6184.58,
INV-252407,05-Sep-25,04-Sep-25,Cardinal Hospitality Group LLC,"$18,629.31",
INV-252408,05-Sep-25,04-Sep-25,Clearwater Janitorial Company,7218.88,PO 47199
INV-252409,2025-09-05,2025-09-05,Eastgate Office Partners,"$4,626.56",PO 45907
INV-252410,05-Sep-25,04-Sep-25,Evergreen Senior Living Inc.,22888.71,
INV-252411,09/05/2025,09/05/2025,Garfield Industrial Company,8543.43,
INV-252412,09/05/2025,09/05/2025,Garfield Industrial Company,8269.56,PO 44761
INV-252413,05-Sep-25,05-Sep-25,Great Lakes Logistics Inc.,"$14,056.80",
INV-252414,05-Sep-25,05-Sep-25,Great Lakes Logistics Inc.,"$6,705.52",
INV-252415,09/05/2025,09/05/2025,Harborview Apartments LLC,"$2,241.28",PO 46972
INV-252416,09/05/2025,09/05/2025,Harborview Apartments LLC,21378.82,PO 46438
INV-252417,2025-09-05,2025-09-05,Heritage Food Services Inc.,"$11,765.58",PO 45092
INV-252418,09/05/2025,09/05/2025,Heritage Food Services Inc.,3894.46,
INV-252419,09/05/2025,09/05/2025,Medina Auto Group,16409.04,Standing order
INV-252420,05-Sep-25,05-Sep-25,Midwest Stadium Services Inc.,"$19,023.89",PO 46896
INV-252421,2025-09-05,2025-09-05,Oak Ridge Office Parks,7805.87,
INV-252422,05-Sep-25,05-Sep-25,Riverside Fitness Clubs LLC,13593.86,
INV-252423,05-Sep-25,05-Sep-25,SANDUSKY MARINE AND SUPPLY,5221.73,
INV-252424,05-Sep-25,04-Sep-25,Valley View Hotels Inc.,10696.65,
INV-252425,2025-09-05,2025-09-04,Westlake Commercial Cleaning Company,64104.14,Standing order
INV-252426,09/05/2025,09/05/2025,Youngstown Metal Works Inc.,6292.57,Standing order
INV-252427,09/05/2025,09/05/2025,Youngstown Metal Works Inc.,16370.62,
INV-252428,2025-09-05,2025-09-05,Youngstown Metal Works Inc.,8733.22,PO 44700
INV-252429,2025-09-08,2025-09-07,Garfield Industrial Company,3893.75,
INV-252430,08-Sep-25,08-Sep-25,Garfield Industrial Company,"$24,288.29",
INV-252431,08-Sep-25,07-Sep-25,Great Lakes Logistics,4488.16,PO 40194
INV-252432,2025-09-08,2025-09-08,Lakeshore Cleaning Services Inc.,10296.07,Standing order
INV-252433,08-Sep-25,08-Sep-25,Oak Ridge Office Parks,12351.65,
INV-252434,08-Sep-25,08-Sep-25,Twinsburg Industrial Park LLC,5371.85,
INV-252435,2025-09-08,2025-09-08,University Circle Services,6618.40,
INV-252436,09/08/2025,09/08/2025,University Circle Services,"$7,534.58",
INV-252437,08-Sep-25,08-Sep-25,Valley View Hotels Inc.,4614.53,
INV-252438,08-Sep-25,08-Sep-25,Westlake Commercial Cleaning Company,31367.83,
INV-252439,2025-09-08,2025-09-07,Westlake Commercial Cleaning Company,"$20,912.84",Standing order
INV-252440,2025-09-08,2025-09-07,Westlake Commercial Cleaning Company,"$15,887.06",
INV-252441,08-Sep-25,08-Sep-25,Youngstown Metal Works Inc.,9017.38,
INV-252442,08-Sep-25,08-Sep-25,Youngstown Metal Works Inc.,5288.85,Standing order
INV-252443,08-Sep-25,08-Sep-25,Youngstown Metal Works Inc.,3713.06,
INV-252444,09/08/2025,09/07/2025,Youngstown Metal Works Inc.,"$3,889.61",PO 40031
INV-252445,09-Sep-25,09-Sep-25,Bayview Medical Center Inc.,$803.74,Standing order
INV-252446,2025-09-09,2025-09-09,Bayview Medical Center Inc.,11571.34,
INV-252447,09-Sep-25,09-Sep-25,Bayview Medical Center Inc.,14774.38,Standing order
INV-252448,09-Sep-25,09-Sep-25,Bayview Medical Center,20918.83,
INV-252449,2025-09-09,2025-09-09,Bayview Medical Center Inc.,9111.42,
INV-252450,09/09/2025,09/09/2025,CARDINAL HOSPITALITY GROUP LLC,"$11,063.18",
INV-252451,09/09/2025,09/09/2025,Cedar Point Facility Services,8189.35,
INV-252452,09/09/2025,09/09/2025,Clearwater Janitorial Company,2059.26,PO 41610
INV-252453,09/09/2025,09/09/2025,Evergreen Senior Living Inc.,4575.26,
INV-252454,09/09/2025,09/09/2025,Twinsburg Industrial Park LLC,39017.83,
INV-252455,2025-09-09,2025-09-09,University Circle Services,6163.99,
INV-252456,09-Sep-25,08-Sep-25,Youngstown Metal Works Inc.,6399.05,
INV-252457,2025-09-09,2025-09-09,Youngstown Metal Works Inc.,4026.86,PO 49387
INV-252458,09-Sep-25,08-Sep-25,Youngstown Metal Works Inc.,5894.48,
INV-252459,2025-09-10,2025-09-10,Garfield Industrial Company,"$10,273.12",PO 47957
INV-252460,2025-09-10,2025-09-09,Great Lakes Logistics Inc.,13257.49,
INV-252461,2025-09-10,2025-09-10,Oak Ridge Office Parks,4245.11,
INV-252462,2025-09-10,2025-09-10,Parma Community College,7168.03,PO 43344
INV-252463,10-Sep-25,10-Sep-25,Pinnacle Building Services Inc.,1408.96,
INV-252464,10-Sep-25,10-Sep-25,Twinsburg Industrial Park LLC,28726.13,
INV-252465,10-Sep-25,09-Sep-25,Youngstown Metal Works Inc.,"$8,969.87",
INV-252466,10-Sep-25,09-Sep-25,Youngstown Metal Works Inc.,12615.22,PO 42807
INV-252467,2025-09-10,2025-09-09,Youngstown Metal Works Inc.,4250.53,
INV-252468,2025-09-11,2025-09-11,Cardinal Hospitality Group LLC,"$2,889.08",
INV-252469,11-Sep-25,10-Sep-25,Great Lakes Logistics Inc.,"$15,448.76",Standing order
INV-252470,09/11/2025,09/11/2025,Heritage Food Services,"$14,784.50",
INV-252471,11-Sep-25,11-Sep-25,Medina Auto Group,3847.52,
INV-252472,09/11/2025,09/11/2025,Medina Auto Group,1667.42,Standing order
INV-252473,11-Sep-25,11-Sep-25,Medina Auto Group,12706.45,PO 40423
INV-252474,11-Sep-25,11-Sep-25,Pinnacle Building Services Inc.,9292.16,PO 41887
INV-252475,09/11/2025,09/11/2025,Twinsburg Industrial Park LLC,4353.39,Standing order
INV-252476,11-Sep-25,10-Sep-25,Twinsburg Industrial Park,1554.05,
INV-252477,11-Sep-25,11-Sep-25,Westlake Commercial Cleaning Company,20191.10,
INV-252478,2025-09-11,2025-09-11,Youngstown Metal Works Inc.,"$8,086.41",Standing order
INV-252479,2025-09-12,2025-09-12,Forest City Hotels and Resorts,"$5,487.67",
INV-252480,09/12/2025,09/12/2025,Lakeshore Cleaning Services Inc.,3674.09,
INV-252481,09/12/2025,09/12/2025,Parma Community College,7080.60,Standing order
INV-252482,12-Sep-25,12-Sep-25,Sandusky Marine and Supply,16617.59,
INV-252483,12-Sep-25,12-Sep-25,Sandusky Marine and Supply,23167.37,PO 48841
INV-252484,09/12/2025,09/12/2025,Sandusky Marine and Supply,"$3,820.62",Standing order
INV-252485,12-Sep-25,11-Sep-25,Twinsburg Industrial Park LLC,"$5,779.53",Standing order
INV-252486,2025-09-12,2025-09-12,UNIVERSITY CIRCLE SERVICES,58564.03,
INV-252487,2025-09-12,2025-09-11,Youngstown Metal Works Inc.,3668.86,PO 42057
INV-252488,15-Sep-25,15-Sep-25,Bayview Medical Center Inc.,"$29,253.77",
INV-252489,15-Sep-25,15-Sep-25,Cardinal Hospitality Group LLC,"$3,983.19",PO 41286
INV-252490,09/15/2025,09/15/2025,Clearwater Janitorial Company,48074.98,PO 48755
INV-252491,15-Sep-25,15-Sep-25,Midwest Stadium Services Inc.,23777.73,
INV-252492,15-Sep-25,15-Sep-25,Summit Healthcare Group Inc.,7655.32,PO 44972
INV-252493,2025-09-15,2025-09-15,Summit Healthcare Group Inc.,10568.55,Standing order
INV-252494,15-Sep-25,14-Sep-25,University Circle Services,4792.80,
INV-252495,09/15/2025,09/15/2025,University Circle Services,"$8,551.10",Standing order
INV-252496,2025-09-15,2025-09-14,Valley View Hotels Inc.,"$12,325.45",
INV-252497,2025-09-16,2025-09-15,Cedar Point Facility Services,"$6,883.93",
INV-252498,16-Sep-25,15-Sep-25,Clearwater Janitorial Company  ,"$8,398.66",PO 47944
INV-252499,2025-09-16,2025-09-16,Forest City Hotels and Resorts,7011.53,
INV-252500,09/16/2025,09/15/2025,Garfield Industrial Company,6567.32,Standing order
INV-252501,2025-09-16,2025-09-16,Great Lakes Logistics Inc.,"$3,717.47",PO 44809
INV-252502,09/16/2025,09/15/2025,Great Lakes Logistics Inc.,4682.51,Standing order
INV-252503,16-Sep-25,16-Sep-25,Heritage Food Services Inc.  ,16574.64,
INV-252504,09/16/2025,09/16/2025,Ironwood Property Services,3416.53,
INV-252505,09/16/2025,09/15/2025,Kent Valley Hospital  ,3695.83,
INV-252506,2025-09-16,2025-09-15,Medina Auto Group,12769.88,PO 47917
INV-252507,2025-09-16,2025-09-15,Midwest Stadium Services Inc.,"$17,147.96",
INV-252508,16-Sep-25,15-Sep-25,Pinnacle Building Services Inc.  ,"$2,427.57",Standing order
INV-252509,09/16/2025,09/16/2025,Tri-State Warehouse Company,6246.42,
INV-252510,16-Sep-25,15-Sep-25,Twinsburg Industrial Park LLC,20363.78,PO 40467
INV-252511,2025-09-16,2025-09-16,Twinsburg Industrial Park LLC,"$9,539.51",
INV-252512,2025-09-16,2025-09-16,Westlake Commercial Cleaning Company,7569.71,PO 43272
INV-252513,17-Sep-25,17-Sep-25,Cedar Point Facility Services,15165.59,
INV-252514,2025-09-17,2025-09-17,Evergreen Senior Living Inc.,24865.21,
INV-252515,2025-09-17,2025-09-17,Fairlawn Public Schools,14474.45,
INV-252516,2025-09-17,2025-09-17,Garfield Industrial Company,14642.77,Standing order
INV-252517,09/17/2025,09/17/2025,Great Lakes Logistics Inc.,11243.95,
INV-252518,09/17/2025,09/16/2025,Kent Valley Hospital,3441.83,
INV-252519,2025-09-17,2025-09-17,Midwest Stadium Services Inc.,"$4,385.34",
INV-252520,09/17/2025,09/16/2025,Oak Ridge Office Parks,"$6,554.86",
INV-252521,2025-09-17,2025-09-16,Oak Ridge Office Parks,6549.16,
INV-252522,09/17/2025,09/17/2025,Parma Community College,6964.83,Standing order
INV-252523,17-Sep-25,17-Sep-25,Portage Cold Storage Company,34123.25,Standing order
INV-252524,2025-09-17,2025-09-17,Twinsburg Industrial Park LLC  ,"$8,670.67",Standing order
INV-252525,2025-09-17,2025-09-17,Twinsburg Industrial Park LLC,2256.45,Standing order
INV-252526,09/17/2025,09/17/2025,Twinsburg Industrial Park LLC,"$13,297.85",
INV-252527,2025-09-17,2025-09-17,University Circle Services,"$18,033.26",PO 48777
INV-252528,09/17/2025,09/16/2025,University Circle Services,7691.11,Standing order
INV-252529,09/17/2025,09/17/2025,Youngstown Metal Works Inc.,19122.97,
INV-252530,18-Sep-25,18-Sep-25,Bayview Medical Center Inc.,32774.31,PO 44068
INV-252531,2025-09-18,2025-09-18,Bayview Medical Center Inc.,3396.67,
INV-252532,09/18/2025,09/17/2025,Cedar Point Facility Services,9805.63,PO 48640
INV-252533,2025-09-18,2025-09-17,Cedar Point Facility Services,22806.71,
INV-252534,2025-09-18,2025-09-17,Garfield Industrial Company,10496.15,PO 47439
INV-252535,18-Sep-25,18-Sep-25,Garfield Industrial Company,5439.38,
INV-252536,09/18/2025,09/18/2025,Medina Auto Group,7019.67,Standing order
INV-252537,09/18/2025,09/18/2025,Shaker Square Retail Partners,"$16,102.64",
INV-252538,09/18/2025,09/18/2025,Westlake Commercial Cleaning Company,16134.06,Standing order
INV-252539,09/18/2025,09/18/2025,Youngstown Metal Works Inc.,"$14,801.84",
INV-252540,2025-09-18,2025-09-17,Youngstown Metal Works Inc.  ,"$4,049.09",
INV-252541,09/19/2025,09/19/2025,Garfield Industrial Company,"$6,382.28",
INV-252542,19-Sep-25,19-Sep-25,Kent Valley Hospital,4399.94,PO 40397
INV-252543,09/19/2025,09/19/2025,Lorain Distribution Company,6191.46,
INV-252544,19-Sep-25,19-Sep-25,Medina Auto Group,"$7,578.35",
INV-252545,09/19/2025,09/19/2025,Oak Ridge Office Parks  ,7662.08,PO 47709
INV-252546,2025-09-19,2025-09-19,Oak Ridge Office Parks,"$25,015.85",PO 40974
INV-252547,2025-09-19,2025-09-19,Parma Community College,19563.42,
INV-252548,2025-09-19,2025-09-19,Twinsburg Industrial Park LLC,"$4,652.37",
INV-252549,19-Sep-25,19-Sep-25,University Circle Services,"$12,302.15",
INV-252550,19-Sep-25,18-Sep-25,Westlake Commercial Cleaning Company,17666.85,
INV-252551,09/19/2025,09/19/2025,Youngstown Metal Works Inc.,2701.34,Standing order
INV-252552,09/22/2025,09/22/2025,Evergreen Senior Living Inc.,12707.66,
INV-252553,09/22/2025,09/21/2025,Garfield Industrial Company,"$16,328.66",Standing order
INV-252554,22-Sep-25,21-Sep-25,Garfield Industrial Company,"$12,117.08",
INV-252555,22-Sep-25,22-Sep-25,Harborview Apartments LLC,11864.53,Standing order
INV-252556,2025-09-22,2025-09-22,Kent Valley Hospital,"$4,024.48",Standing order
INV-252557,2025-09-22,2025-09-22,Lakeshore Cleaning Services Inc.,"$3,549.41",Standing order
INV-252558,09/22/2025,09/22/2025,Medina Auto Group,"$4,627.03",
INV-252559,22-Sep-25,22-Sep-25,North Coast Restaurants LLC,4862.01,
INV-252560,2025-09-22,2025-09-22,NORTH COAST RESTAURANTS LLC,50097.14,PO 43309
INV-252561,09/22/2025,09/22/2025,Pinnacle Building Services Inc.,"$8,174.17",Standing order
INV-252562,22-Sep-25,22-Sep-25,Shaker Square Retail Partners,"$6,869.91",PO 40736
INV-252563,2025-09-22,2025-09-22,Summit Healthcare Group Inc.,5730.86,Standing order
INV-252564,22-Sep-25,22-Sep-25,Tri-State Warehouse Company,18862.00,
INV-252565,2025-09-22,2025-09-22,Twinsburg Industrial Park LLC,"$13,487.28",Standing order
INV-252566,09/22/2025,09/22/2025,Youngstown Metal Works Inc.,2183.04,
INV-252567,23-Sep-25,23-Sep-25,Bayview Medical Center Inc.,"$11,574.21",PO 42129
INV-252568,09/23/2025,09/23/2025,Eastgate Office Partners,8212.24,
INV-252569,09/23/2025,09/23/2025,Garfield Industrial Company,"$6,872.67",Standing order
INV-252570,09/23/2025,09/23/2025,Great Lakes Logistics Inc.,11116.32,
INV-252571,2025-09-23,2025-09-23,Lorain Distribution Company,10548.09,
INV-252572,2025-09-23,2025-09-23,Pinnacle Building Services Inc.,"$16,231.72",PO 47240
INV-252573,23-Sep-25,23-Sep-25,Pinnacle Building Services Inc.,11761.70,PO 45712
INV-252574,2025-09-23,2025-09-22,Sandusky Marine and Supply,5372.21,
INV-252575,09/23/2025,09/23/2025,SUMMIT HEALTHCARE GROUP INC.,12165.86,
INV-252576,2025-09-23,2025-09-22,Summit Healthcare Group Inc.,"$4,455.32",
INV-252577,2025-09-23,2025-09-23,Twinsburg Industrial Park LLC,"$11,440.60",PO 44763
INV-252578,09/23/2025,09/23/2025,Twinsburg Industrial Park LLC,"$9,713.00",Standing order
INV-252579,23-Sep-25,23-Sep-25,Twinsburg Industrial Park LLC,"$1,766.13",Standing order
INV-252580,23-Sep-25,23-Sep-25,WESTLAKE COMMERCIAL CLEANING COMPANY,20565.25,PO 44431
INV-252581,09/23/2025,09/23/2025,Youngstown Metal Works Inc.,8918.99,Standing order
INV-252582,09/24/2025,09/24/2025,Bayview Medical Center Inc.,11135.48,
INV-252583,24-Sep-25,24-Sep-25,Bayview Medical Center Inc.,2531.93,Standing order
INV-252584,24-Sep-25,24-Sep-25,Cardinal Hospitality Group LLC,"$7,177.41",PO 45592
INV-252585,24-Sep-25,23-Sep-25,Cardinal Hospitality Group LLC,"$9,371.80",PO 40989
INV-252586,09/24/2025,09/24/2025,Forest City Hotels and Resorts,"$29,080.04",
INV-252587,09/24/2025,09/24/2025,Highland Manufacturing Company,"$13,711.16",
INV-252588,2025-09-24,2025-09-24,Medina Auto Group,10596.95,PO 48165
INV-252589,24-Sep-25,24-Sep-25,Parma Community College,5250.57,
INV-252590,24-Sep-25,24-Sep-25,Pinnacle Building Services Inc.,"$21,497.16",
INV-252591,2025-09-24,2025-09-24,Portage Cold Storage Company,19895.94,
INV-252592,2025-09-24,2025-09-24,Stark County Services,29743.34,Standing order
INV-252593,2025-09-24,2025-09-23,Twinsburg Industrial Park LLC,17584.37,PO 48468
INV-252594,2025-09-24,2025-09-24,Twinsburg Industrial Park LLC,8732.64,Standing order
INV-252595,2025-09-24,2025-09-23,Twinsburg Industrial Park LLC  ,"$11,782.82",
INV-252596,24-Sep-25,23-Sep-25,Twinsburg Industrial Park LLC,1892.53,
INV-252597,24-Sep-25,24-Sep-25,University Circle Services,2187.37,
INV-252598,2025-09-24,2025-09-24,University Circle Services,9196.22,
INV-252599,2025-09-24,2025-09-24,Westlake Commercial Cleaning Company,5577.83,PO 46872
INV-252600,09/24/2025,09/24/2025,Westlake Commercial Cleaning Company,7973.16,
INV-252601,2025-09-25,2025-09-25,Bayview Medical Center Inc.,29795.22,Standing order
INV-252602,25-Sep-25,25-Sep-25,Bayview Medical Center Inc.,8863.75,Standing order
INV-252603,2025-09-25,2025-09-25,Cardinal Hospitality Group,"$12,850.55",PO 48151
INV-252604,09/25/2025,09/25/2025,Cardinal Hospitality Group LLC,17464.35,Standing order
INV-252605,09/25/2025,09/25/2025,Forest City Hotels and Resorts,"$75,348.48",
INV-252606,2025-09-25,2025-09-25,Medina Auto Group,5840.02,
INV-252607,2025-09-25,2025-09-25,Midwest Stadium Services Inc.,5191.81,
INV-252608,25-Sep-25,24-Sep-25,Parma Community College,18294.09,
INV-252609,09/25/2025,09/24/2025,Pinnacle Building Services Inc.,9989.91,
INV-252610,2025-09-25,2025-09-25,Sandusky Marine and Supply,1681.51,
INV-252611,2025-09-25,2025-09-25,Stark County Services,"$3,166.71",PO 41992
INV-252612,09/25/2025,09/25/2025,Summit Healthcare Group Inc.,"$33,704.26",Standing order
INV-252613,2025-09-25,2025-09-25,University Circle Services,8202.95,
INV-252614,25-Sep-25,24-Sep-25,University Circle Services,1911.86,
INV-252615,2025-09-25,2025-09-25,Westlake Commercial Cleaning Company,"$10,000.10",
INV-252616,25-Sep-25,25-Sep-25,Youngstown Metal Works Inc.,11375.80,PO 43973
INV-252617,09/25/2025,09/25/2025,Youngstown Metal Works Inc.,14374.63,
INV-252618,26-Sep-25,26-Sep-25,Evergreen Senior Living Inc.,"$5,693.88",
INV-252619,2025-09-26,2025-09-26,Great Lakes Logistics,"$7,140.43",
INV-252620,26-Sep-25,26-Sep-25,Great Lakes Logistics Inc.,26997.32,PO 42997
INV-252621,09/26/2025,09/26/2025,Oak Ridge Office Parks,3837.98,
INV-252622,26-Sep-25,26-Sep-25,Oak Ridge Office Parks,"$4,600.80",
INV-252623,26-Sep-25,26-Sep-25,Parma Community College,"$3,113.79",PO 44364
INV-252624,09/26/2025,09/25/2025,Parma Community College,6864.17,PO 48334
INV-252625,26-Sep-25,26-Sep-25,Parma Community College,2577.19,
INV-252626,26-Sep-25,25-Sep-25,Pinnacle Building Services Inc.,"$4,248.07",
INV-252627,09/26/2025,09/25/2025,Pinnacle Building Services Inc.,3060.80,PO 47114
INV-252628,26-Sep-25,26-Sep-25,Portage Cold Storage Company,"$15,848.79",PO 48840
INV-252629,2025-09-26,2025-09-26,Sandusky Marine and Supply,10387.39,PO 43841
INV-252630,2025-09-26,2025-09-25,Summit Healthcare Group Inc.,4915.76,
INV-252631,2025-09-26,2025-09-26,Youngstown Metal Works Inc.,5084.76,
INV-252632,09/29/2025,09/28/2025,Bayview Medical Center Inc.,"$11,025.93",PO 46628
INV-252633,09/29/2025,09/29/2025,Bayview Medical Center Inc.,10007.62,
INV-252634,09/29/2025,09/28/2025,CARDINAL HOSPITALITY GROUP LLC,4970.98,
INV-252635,29-Sep-25,29-Sep-25,Cedar Point Facility Services  ,"$11,268.13",
INV-252636,2025-09-29,2025-09-29,Evergreen Senior Living Inc.,"$4,596.94",
INV-252637,29-Sep-25,29-Sep-25,Evergreen Senior Living Inc.,4298.66,Standing order
INV-252638,09/29/2025,09/28/2025,Harborview Apartments LLC,7293.39,Standing order
INV-252639,29-Sep-25,29-Sep-25,Medina Auto Group,4020.82,Standing order
INV-252640,09/29/2025,09/29/2025,North Coast Restaurants LLC,9225.56,
INV-252641,29-Sep-25,28-Sep-25,Oak Ridge Office Parks,28594.54,
INV-252642,2025-09-29,2025-09-29,Parma Community College,"$13,690.30",
INV-252643,29-Sep-25,29-Sep-25,Parma Community College,5584.70,
INV-252644,09/29/2025,09/29/2025,Portage Cold Storage Company,"$4,827.44",PO 42512
INV-252645,09/29/2025,09/29/2025,Stark County Services,6061.39,
INV-252646,29-Sep-25,29-Sep-25,Summit Healthcare Group Inc.,16969.20,
INV-252647,09/30/2025,09/30/2025,Bayview Medical Center Inc.,"$6,349.04",PO 42092
INV-252648,09/30/2025,09/29/2025,Cardinal Hospitality Group,5564.80,
INV-252649,30-Sep-25,30-Sep-25,Garfield Industrial Company,24504.25,
INV-252650,09/30/2025,,Keystone Facilities Group,642000.00,Q-end - per J. Marsh
INV-252651,09/30/2025,09/30/2025,Pinnacle Building Services Inc.  ,14080.23,
INV-252652,2025-09-30,2025-09-30,Sandusky Marine and Supply,13393.49,
INV-252653,09/30/2025,09/30/2025,Sandusky Marine and Supply,7132.50,PO 44743
INV-252654,2025-09-30,2025-09-30,Stark County Services,"$13,445.79",
INV-252655,09/30/2025,09/30/2025,Youngstown Metal Works Inc.,"$4,668.23",Standing order
,,,Subtotal - Sep 2025,"$4,022,020.19",
INV-252656,01-Oct-25,01-Oct-25,Evergreen Senior Living Inc.,11985.75,
INV-252657,2025-10-01,2025-10-01,Evergreen Senior Living Inc.,7279.01,
INV-252658,01-Oct-25,01-Oct-25,Evergreen Senior Living Inc.,3565.38,
INV-252659,01-Oct-25,01-Oct-25,Fairlawn Public Schools,3364.09,PO 46784
INV-252660,10/01/2025,09/30/2025,Fairlawn Public Schools,5821.08,
INV-252661,2025-10-01,2025-10-01,Forest City Hotels and Resorts,"$30,620.25",
INV-252662,01-Oct-25,01-Oct-25,GARFIELD INDUSTRIAL COMPANY,"$26,964.26",
INV-252663,01-Oct-25,01-Oct-25,Great Lakes Logistics Inc.,15666.27,
INV-252664,01-Oct-25,01-Oct-25,Medina Auto Group,5475.14,PO 42465
INV-252665,10/01/2025,09/30/2025,Portage Cold Storage Company,9862.43,PO 40024
INV-252666,01-Oct-25,01-Oct-25,Sandusky Marine and Supply,"$6,662.39",Standing order
INV-252667,2025-10-01,2025-10-01,Sandusky Marine and Supply,7382.29,
INV-252668,10/01/2025,09/30/2025,Summit Healthcare Group Inc.,1593.20,PO 42248
INV-252669,01-Oct-25,01-Oct-25,Twinsburg Industrial Park LLC,7811.80,
INV-252670,10/01/2025,10/01/2025,Twinsburg Industrial Park LLC,3109.85,
INV-252671,10/01/2025,10/01/2025,Twinsburg Industrial Park LLC,3355.97,
INV-252672,01-Oct-25,01-Oct-25,University Circle Services,8767.92,PO 42190
INV-252673,01-Oct-25,30-Sep-25,Westlake Commercial Cleaning Company,9946.76,Standing order
INV-252674,01-Oct-25,30-Sep-25,Westlake Commercial Cleaning Company,10379.45,Standing order
INV-252675,01-Oct-25,30-Sep-25,Youngstown Metal Works,3703.35,
INV-252676,10/02/2025,10/02/2025,Bayview Medical Center Inc.,"$10,607.41",PO 42379
INV-252677,2025-10-02,2025-10-01,Great Lakes Logistics Inc.,16557.59,
INV-252678,02-Oct-25,02-Oct-25,Great Lakes Logistics Inc.,3485.40,
INV-252679,02-Oct-25,02-Oct-25,Lorain Distribution Company,"$27,190.49",Standing order
INV-252680,2025-10-02,2025-10-01,Medina Auto Group,9972.81,PO 49002
INV-252681,2025-10-02,2025-10-02,Oak Ridge Office Parks,5723.00,
INV-252682,02-Oct-25,02-Oct-25,Oak Ridge Office Parks,"$6,909.15",
INV-252683,10/02/2025,10/02/2025,Sandusky Marine and Supply,14659.70,Standing order
INV-252684,02-Oct-25,02-Oct-25,Twinsburg Industrial Park LLC,8197.20,PO 40836
INV-252685,10/02/2025,10/02/2025,Twinsburg Industrial Park LLC,8377.94,PO 46409
INV-252686,2025-10-02,2025-10-01,Twinsburg Industrial Park LLC,16955.91,
INV-252687,2025-10-02,2025-10-02,Westlake Commercial Cleaning Company,"$17,877.06",Standing order
INV-252688,02-Oct-25,02-Oct-25,Willoughby Tech Center,"$11,818.71",
INV-252689,02-Oct-25,01-Oct-25,Youngstown Metal Works Inc.,7712.46,
INV-252690,2025-10-02,2025-10-02,Youngstown Metal Works Inc.,"$4,044.13",
INV-252691,10/02/2025,10/02/2025,Youngstown Metal Works Inc.,"$32,931.49",
INV-252692,2025-10-03,2025-10-03,Garfield Industrial Company,"$23,613.80",
INV-252693,10/03/2025,10/03/2025,Garfield Industrial Company,"$8,747.98",Standing order
INV-252694,03-Oct-25,02-Oct-25,Lorain Distribution Company,8084.41,
INV-252695,03-Oct-25,02-Oct-25,Lorain Distribution Company,14565.09,
INV-252696,2025-10-03,2025-10-03,Medina Auto Group,38789.72,
INV-252697,03-Oct-25,03-Oct-25,Midwest Stadium Services,"$5,001.92",
INV-252698,10/03/2025,10/03/2025,Midwest Stadium Services,"$1,959.60",PO 49385
INV-252699,10/03/2025,10/03/2025,Oak Ridge Office Parks,3451.74,PO 45698
INV-252700,03-Oct-25,03-Oct-25,Oak Ridge Office Parks,2605.86,
INV-252701,2025-10-03,2025-10-03,Parma Community College,20407.31,
INV-252702,2025-10-03,2025-10-03,University Circle Services,"$2,986.25",Standing order
INV-252703,03-Oct-25,03-Oct-25,Westlake Commercial Cleaning Company,13302.28,
INV-252704,10/03/2025,10/03/2025,Youngstown Metal Works Inc.,6569.27,
INV-252705,06-Oct-25,05-Oct-25,Allegheny Property Management LLC,11909.71,
INV-252706,10/06/2025,10/06/2025,Bayview Medical Center Inc.,"$4,979.28",
INV-252707,2025-10-06,2025-10-06,Cardinal Hospitality Group LLC,4411.63,
INV-252708,2025-10-06,2025-10-06,Cardinal Hospitality Group LLC,8247.79,
INV-252709,10/06/2025,10/05/2025,Cardinal Hospitality Group LLC,13961.41,
INV-252710,06-Oct-25,06-Oct-25,Clearwater Janitorial Company,"$9,913.63",
INV-252711,10/06/2025,10/06/2025,Forest City Hotels and Resorts,3943.76,
INV-252712,06-Oct-25,06-Oct-25,Forest City Hotels and Resorts,"$4,426.26",PO 42796
INV-252713,10/06/2025,10/05/2025,Harborview Apartments LLC,8953.10,PO 43635
INV-252714,10/06/2025,10/06/2025,Lorain Distribution Company,13043.69,
INV-252715,10/06/2025,10/06/2025,Midwest Stadium Services Inc.,5223.16,
INV-252716,2025-10-06,2025-10-05,North Coast Restaurants LLC,18031.35,
INV-252717,06-Oct-25,05-Oct-25,Pinnacle Building Services Inc.,4773.35,
INV-252718,10/06/2025,10/05/2025,Youngstown Metal Works Inc.,12060.33,
INV-252719,07-Oct-25,06-Oct-25,Bayview Medical Center Inc.,5421.65,
INV-252720,10/07/2025,10/07/2025,Bayview Medical Center Inc.,4616.26,
INV-252721,2025-10-07,2025-10-07,Forest City Hotels and Resorts,12954.63,Standing order
INV-252722,2025-10-07,2025-10-07,Garfield Industrial Company,24895.44,Standing order
INV-252723,07-Oct-25,07-Oct-25,Harborview Apartments LLC,"$4,413.69",
INV-252724,07-Oct-25,07-Oct-25,IRONWOOD PROPERTY SERVICES,"$15,311.33",
INV-252725,2025-10-07,2025-10-06,Kent Valley Hospital,"$6,015.58",
INV-252726,10/07/2025,10/07/2025,Kent Valley Hospital,"$6,773.16",
INV-252727,10/07/2025,10/07/2025,Midwest Stadium Services Inc.,3567.71,
INV-252728,2025-10-07,2025-10-06,North Coast Restaurants LLC,"$15,118.98",
INV-252729,2025-10-07,2025-10-07,Parma Community College,"$6,875.84",
INV-252730,07-Oct-25,07-Oct-25,Sandusky Marine and Supply,6951.89,
INV-252731,10/07/2025,10/06/2025,Sandusky Marine and Supply,12203.64,Standing order
INV-252732,07-Oct-25,07-Oct-25,Twinsburg Industrial Park LLC,3667.87,
INV-252733,07-Oct-25,07-Oct-25,Westlake Commercial Cleaning Company,10106.31,Standing order
INV-252734,2025-10-07,2025-10-07,Westlake Commercial Cleaning Company,"$9,872.17",
INV-252735,07-Oct-25,07-Oct-25,Youngstown Metal Works Inc.,"$13,929.44",
INV-252736,2025-10-07,2025-10-07,Youngstown Metal Works Inc.,11577.92,PO 42830
INV-252737,2025-10-07,2025-10-07,Youngstown Metal Works Inc.,"$8,643.30",
INV-252738,10/08/2025,10/08/2025,Bayview Medical Center Inc.,"$5,561.41",PO 45428
INV-252739,2025-10-08,2025-10-08,Cedar Point Facility Services,3730.28,
INV-252740,08-Oct-25,08-Oct-25,Cedar Point Facility Services,7416.19,PO 46363
INV-252741,10/08/2025,10/08/2025,Clearwater Janitorial Company,23593.82,Standing order
INV-252742,2025-10-08,2025-10-08,Eastgate Office Partners,"$6,486.88",
INV-252743,10/08/2025,10/07/2025,Forest City Hotels and Resorts,15773.66,PO 48915
INV-252744,08-Oct-25,08-Oct-25,Garfield Industrial Company,"$8,629.92",Standing order
INV-252745,08-Oct-25,08-Oct-25,Great Lakes Logistics Inc.,4823.13,Standing order
INV-252746,08-Oct-25,08-Oct-25,Medina Auto Group,38000.83,
INV-252747,2025-10-08,2025-10-08,Medina Auto Group,23512.94,PO 43661
INV-252748,2025-10-08,2025-10-08,Midwest Stadium Services Inc.,"$12,965.45",
INV-252749,08-Oct-25,08-Oct-25,Parma Community College,9904.36,Standing order
INV-252750,08-Oct-25,08-Oct-25,Parma Community College  ,"$15,640.02",
INV-252751,08-Oct-25,07-Oct-25,Riverside Fitness Clubs LLC,20466.45,
INV-252752,10/08/2025,10/08/2025,Riverside Fitness Clubs LLC,5197.52,PO 49921
INV-252753,08-Oct-25,08-Oct-25,Sandusky Marine and Supply,8141.04,PO 45869
INV-252754,08-Oct-25,07-Oct-25,Sandusky Marine and Supply,"$7,943.89",
INV-252755,08-Oct-25,08-Oct-25,Twinsburg Industrial Park LLC,"$29,860.37",
INV-252756,2025-10-08,2025-10-08,Twinsburg Industrial Park LLC,9039.49,PO 49813
INV-252757,2025-10-08,2025-10-08,Twinsburg Industrial Park LLC,5462.84,PO 45427
INV-252758,2025-10-08,2025-10-08,University Circle Services,10026.31,
INV-252759,10/08/2025,10/08/2025,Westlake Commercial Cleaning Company  ,"$5,195.38",
INV-252760,2025-10-08,2025-10-08,Youngstown Metal Works Inc.,"$16,243.89",Standing order
INV-252761,09-Oct-25,09-Oct-25,Eastgate Office Partners,2923.58,
INV-252762,10/09/2025,10/09/2025,Forest City Hotels and Resorts,"$25,805.56",
INV-252763,10/09/2025,10/08/2025,Garfield Industrial Company,"$5,320.56",
INV-252764,09-Oct-25,09-Oct-25,Ironwood Property Services,6473.90,Standing order
INV-252765,10/09/2025,10/09/2025,Medina Auto Group,"$7,852.84",
INV-252766,2025-10-09,2025-10-09,Oak Ridge Office Parks,9074.13,
INV-252767,09-Oct-25,09-Oct-25,Parma Community College,"$4,498.35",Standing order
INV-252768,10/09/2025,10/09/2025,Riverside Fitness Clubs LLC,11162.54,
INV-252769,10/09/2025,10/09/2025,Sandusky Marine and Supply,"$5,994.01",Standing order
INV-252770,10/09/2025,10/09/2025,Stark County Services,"$13,214.58",PO 40332
INV-252771,2025-10-09,2025-10-09,Twinsburg Industrial Park LLC,15103.63,PO 49145
INV-252772,10/09/2025,10/08/2025,Twinsburg Industrial Park LLC,6268.38,
INV-252773,10/09/2025,10/09/2025,UNIVERSITY CIRCLE SERVICES,2182.04,
INV-252774,09-Oct-25,09-Oct-25,Westlake Commercial Cleaning Company,10579.40,Standing order
INV-252775,09-Oct-25,09-Oct-25,Westlake Commercial Cleaning Company,4745.99,
INV-252776,2025-10-09,2025-10-09,Westlake Commercial Cleaning Company,6841.82,
INV-252777,10/09/2025,10/09/2025,Westlake Commercial Cleaning Company,"$18,700.75",
INV-252778,10/09/2025,10/08/2025,Westlake Commercial Cleaning Company,26860.14,PO 42216
INV-252779,2025-10-09,2025-10-09,Youngstown Metal Works Inc.,4262.23,
INV-252780,09-Oct-25,09-Oct-25,Youngstown Metal Works Inc.,3749.43,Standing order
INV-252781,10/10/2025,10/09/2025,Fairlawn Public Schools,5945.39,
INV-252782,2025-10-10,2025-10-10,Hamilton County Services,"$6,577.63",PO 41269
INV-252783,10/10/2025,10/10/2025,Kent Valley Hospital,2851.00,
INV-252784,2025-10-10,2025-10-10,Midwest Stadium Services Inc.,"$4,123.49",
INV-252785,10/10/2025,10/10/2025,Oak Ridge Office Parks,"$6,568.29",
INV-252786,10/10/2025,10/10/2025,Parma Community College,"$9,134.60",PO 44769
INV-252787,10/10/2025,10/10/2025,Parma Community College,"$19,110.84",
INV-252788,2025-10-10,2025-10-10,Pinnacle Building Services,11448.12,
INV-252789,10-Oct-25,10-Oct-25,Stark County Services,6108.54,PO 45631
INV-252790,2025-10-10,2025-10-10,Twinsburg Industrial Park LLC,"$16,543.66",
INV-252791,10/10/2025,10/10/2025,Twinsburg Industrial Park LLC,4690.00,
INV-252792,2025-10-10,2025-10-10,Valley View Hotels Inc.,"$13,576.29",
INV-252793,10/10/2025,10/10/2025,Westlake Commercial Cleaning Company,19864.43,
INV-252794,10/10/2025,10/10/2025,Youngstown Metal Works Inc.,27169.43,
INV-252795,2025-10-10,2025-10-10,Youngstown Metal Works Inc.,5327.06,
INV-252796,2025-10-13,2025-10-13,Bayview Medical Center Inc.,6904.53,
INV-252797,13-Oct-25,13-Oct-25,Forest City Hotels and Resorts,2466.29,
INV-252798,2025-10-13,2025-10-12,Garfield Industrial Company,5139.72,
INV-252799,10/13/2025,10/13/2025,Medina Auto Group,"$2,958.24",
INV-252800,13-Oct-25,13-Oct-25,Midwest Stadium Services Inc.,2685.90,
INV-252801,13-Oct-25,13-Oct-25,Oak Ridge Office Parks,"$14,888.58",
INV-252802,10/13/2025,10/13/2025,Parma Community College,13498.12,PO 44412
INV-252803,10/13/2025,10/13/2025,Parma Community College,4744.21,
INV-252804,2025-10-13,2025-10-13,Portage Cold Storage Company,"$5,045.29",
INV-252805,10/13/2025,10/12/2025,Sandusky Marine and Supply,"$10,603.77",
INV-252806,10/13/2025,10/13/2025,Tri-State Warehouse Company,"$4,482.44",
INV-252807,13-Oct-25,13-Oct-25,Twinsburg Industrial Park LLC,"$8,796.78",
INV-252808,10/13/2025,10/12/2025,Youngstown Metal Works Inc.,8881.71,
INV-252809,10/14/2025,10/14/2025,Bayview Medical Center Inc.,"$3,050.44",
INV-252810,10/14/2025,10/14/2025,Bayview Medical Center Inc.,15991.39,
INV-252811,14-Oct-25,14-Oct-25,Garfield Industrial Company,"$7,640.83",
INV-252812,2025-10-14,2025-10-13,Garfield Industrial Company,10249.56,
INV-252813,14-Oct-25,14-Oct-25,Kent Valley Hospital,7582.19,
INV-252814,2025-10-14,2025-10-13,Midwest Stadium Services Inc.,"$4,699.76",
INV-252815,10/14/2025,10/13/2025,Oak Ridge Office Parks,6338.09,
INV-252816,14-Oct-25,14-Oct-25,Shaker Square Retail Partners,"$9,025.24",PO 40803
INV-252817,10/14/2025,10/13/2025,Westlake Commercial Cleaning Company,"$3,410.22",Standing order
INV-252818,2025-10-14,2025-10-14,Westlake Commercial Cleaning Company,5260.04,
INV-252819,2025-10-15,2025-10-14,Bayview Medical Center Inc.,5028.46,Standing order
INV-252820,10/15/2025,10/15/2025,Eastgate Office Partners,2313.97,
INV-252821,15-Oct-25,15-Oct-25,Forest City Hotels and Resorts,"$9,335.61",Standing order
INV-252822,10/15/2025,10/15/2025,Kent Valley Hospital,"$13,208.42",PO 46132
INV-252823,2025-10-15,2025-10-14,Lorain Distribution Company,"$12,904.97",Standing order
INV-252824,15-Oct-25,14-Oct-25,Medina Auto Group,10821.86,
INV-252825,10/15/2025,10/15/2025,Oak Ridge Office Parks,2874.26,Standing order
INV-252826,10/15/2025,10/14/2025,Pinnacle Building Services Inc.,17027.73,
INV-252827,2025-10-15,2025-10-15,STARK COUNTY SERVICES,6538.93,
INV-252828,10/15/2025,10/15/2025,Stark County Services,4812.09,PO 46203
INV-252829,15-Oct-25,15-Oct-25,Twinsburg Industrial Park LLC,31453.30,Standing order
INV-252830,10/15/2025,10/15/2025,Twinsburg Industrial Park LLC,4180.93,PO 41656
INV-252831,2025-10-15,2025-10-15,YOUNGSTOWN METAL WORKS INC.,9595.78,
INV-252832,10/15/2025,10/15/2025,Youngstown Metal Works Inc.,2536.82,
INV-252833,15-Oct-25,15-Oct-25,Youngstown Metal Works Inc.,"$12,802.85",
INV-252834,2025-10-16,2025-10-15,Cedar Point Facility Services,5359.78,PO 49237
INV-252835,16-Oct-25,16-Oct-25,Clearwater Janitorial Company,15302.62,PO 49684
INV-252836,16-Oct-25,16-Oct-25,EASTGATE OFFICE PARTNERS,"$20,377.18",
INV-252837,10/16/2025,10/16/2025,Eastgate Office Partners,29203.62,
INV-252838,2025-10-16,2025-10-16,Fairlawn Public Schools,9409.89,Standing order
INV-252839,10/16/2025,10/16/2025,Great Lakes Logistics Inc.,10656.69,
INV-252840,2025-10-16,2025-10-15,Portage Cold Storage Company,3277.18,
INV-252841,16-Oct-25,15-Oct-25,Portage Cold Storage Company,25157.75,
INV-252842,16-Oct-25,16-Oct-25,Twinsburg Industrial Park LLC,"$4,174.20",
INV-252843,10/16/2025,10/16/2025,University Circle Services,22486.07,
INV-252844,10/16/2025,10/15/2025,WESTLAKE COMMERCIAL CLEANING COMPANY,"$10,020.88",Standing order
INV-252845,2025-10-16,2025-10-16,Westlake Commercial Cleaning Company,5371.31,
INV-252846,17-Oct-25,16-Oct-25,Bayview Medical Center Inc.,"$34,924.52",
INV-252847,10/17/2025,10/17/2025,Cardinal Hospitality Group LLC,"$9,750.28",
INV-252848,17-Oct-25,17-Oct-25,Evergreen Senior Living Inc.,"$4,182.35",
INV-252849,2025-10-17,2025-10-16,Evergreen Senior Living Inc.,6768.56,
INV-252850,10/17/2025,10/16/2025,Garfield Industrial Company,7460.63,Standing order
INV-252851,17-Oct-25,17-Oct-25,Great Lakes Logistics Inc.,"$8,048.98",
INV-252852,17-Oct-25,17-Oct-25,Oak Ridge Office Parks,13746.64,Standing order
INV-252853,17-Oct-25,17-Oct-25,Oak Ridge Office Parks,"$7,310.41",
INV-252854,17-Oct-25,17-Oct-25,Oak Ridge Office Parks,11469.19,
INV-252855,10/17/2025,10/17/2025,Parma Community College,"$4,392.34",
INV-252856,2025-10-17,2025-10-17,Twinsburg Industrial Park LLC,9208.64,
INV-252857,17-Oct-25,16-Oct-25,Twinsburg Industrial Park LLC,1199.31,PO 46516
INV-252858,2025-10-17,2025-10-17,Twinsburg Industrial Park LLC,13636.88,
INV-252859,17-Oct-25,17-Oct-25,University Circle Services,6721.97,Standing order
INV-252860,10/17/2025,10/17/2025,Westlake Commercial Cleaning Company,"$8,321.36",
INV-252861,2025-10-20,2025-10-20,Clearwater Janitorial Company,24929.57,PO 49088
INV-252862,2025-10-20,2025-10-20,Forest City Hotels and Resorts,4174.06,
INV-252863,20-Oct-25,20-Oct-25,Great Lakes Logistics Inc.,16127.11,Standing order
INV-252864,10/20/2025,10/20/2025,Kent Valley Hospital,"$4,121.27",Standing order
INV-252865,20-Oct-25,20-Oct-25,Lorain Distribution Company,"$5,518.94",
INV-252866,10/20/2025,10/19/2025,Lorain Distribution Company,13179.50,PO 49166
INV-252867,10/20/2025,10/20/2025,Oak Ridge Office Parks,"$7,267.32",Standing order
INV-252868,10/20/2025,10/19/2025,Parma Community College,3721.70,PO 46277
INV-252869,20-Oct-25,20-Oct-25,Parma Community College,9797.99,
INV-252870,10/20/2025,10/20/2025,Summit Healthcare Group Inc.,36098.61,PO 42001
INV-252871,2025-10-20,2025-10-19,Twinsburg Industrial Park LLC,2556.74,PO 45892
INV-252872,10/20/2025,10/20/2025,Twinsburg Industrial Park LLC,2877.34,
INV-252873,2025-10-20,2025-10-19,Westlake Commercial Cleaning Company,7048.34,
INV-252874,2025-10-20,2025-10-20,Youngstown Metal Works Inc.,4786.95,PO 44391
INV-252875,10/21/2025,10/21/2025,Bayview Medical Center Inc.,"$2,867.79",Standing order
INV-252876,2025-10-21,2025-10-21,Cardinal Hospitality Group LLC,7952.55,Standing order
INV-252877,10/21/2025,10/21/2025,Clearwater Janitorial Company,"$6,206.81",
INV-252878,10/21/2025,10/20/2025,Forest City Hotels and Resorts,"$6,372.67",Standing order
INV-252879,10/21/2025,10/21/2025,Forest City Hotels and Resorts,"$12,578.29",Standing order
INV-252880,10/21/2025,10/20/2025,Maple Heights Facilities LLC,5086.35,
INV-252881,2025-10-21,2025-10-21,Midwest Stadium Services Inc.,"$4,193.91",
INV-252882,2025-10-21,2025-10-21,Oak Ridge Office Parks,6886.63,
INV-252883,2025-10-21,2025-10-21,Parma Community College,2186.58,PO 43343
INV-252884,10/21/2025,10/21/2025,Sandusky Marine and Supply,"$15,772.45",
INV-252885,21-Oct-25,21-Oct-25,Summit Healthcare Group Inc.,"$4,110.70",
INV-252886,2025-10-21,2025-10-21,Twinsburg Industrial Park LLC,"$17,733.74",PO 48407
INV-252887,21-Oct-25,21-Oct-25,Twinsburg Industrial Park LLC,6800.71,
INV-252888,10/21/2025,10/21/2025,Twinsburg Industrial Park LLC,11043.72,
INV-252889,10/21/2025,10/21/2025,YOUNGSTOWN METAL WORKS INC.,5549.35,
INV-252890,2025-10-21,2025-10-21,Youngstown Metal Works Inc.,2494.43,Standing order
INV-252891,10/21/2025,10/20/2025,Youngstown Metal Works Inc.,"$6,381.50",
INV-252892,10/21/2025,10/20/2025,Youngstown Metal Works,25580.19,Standing order
INV-252893,10/22/2025,10/22/2025,Bayview Medical Center Inc.,"$8,566.90",Standing order
INV-252894,10/22/2025,10/21/2025,Bayview Medical Center Inc.,13357.66,
INV-252895,10/22/2025,10/22/2025,Evergreen Senior Living Inc.,7709.02,
INV-252896,10/22/2025,10/21/2025,Garfield Industrial Company,10007.59,
INV-252897,22-Oct-25,22-Oct-25,Maple Heights Facilities LLC,7482.99,
INV-252898,22-Oct-25,22-Oct-25,Pinnacle Building Services Inc.,12069.63,
INV-252899,2025-10-22,2025-10-21,Portage Cold Storage Company,18020.20,
INV-252900,10/22/2025,10/22/2025,Shaker Square Retail Partners,7879.22,
INV-252901,10/22/2025,10/21/2025,Shaker Square Retail Partners,5060.97,PO 42885
INV-252902,2025-10-22,2025-10-22,Twinsburg Industrial Park LLC,5021.18,Standing order
INV-252903,22-Oct-25,22-Oct-25,Youngstown Metal Works Inc.,5492.35,
INV-252904,2025-10-22,2025-10-22,Youngstown Metal Works Inc.  ,12789.20,
INV-252905,22-Oct-25,22-Oct-25,Youngstown Metal Works Inc.,3171.16,Standing order
INV-252906,2025-10-22,2025-10-22,Youngstown Metal Works Inc.,"$3,566.83",PO 41364
INV-252907,2025-10-23,2025-10-22,Bayview Medical Center Inc.,41253.59,
INV-252908,2025-10-23,2025-10-23,Bayview Medical Center Inc.,8885.22,
INV-252909,23-Oct-25,23-Oct-25,Cedar Point Facility Services,9047.74,
INV-252910,10/23/2025,10/23/2025,Clearwater Janitorial Company,"$6,665.95",
INV-252911,23-Oct-25,23-Oct-25,Great Lakes Logistics Inc.,5602.89,
INV-252912,23-Oct-25,22-Oct-25,Harborview Apartments LLC,"$12,092.26",
INV-252913,23-Oct-25,23-Oct-25,Ironwood Property Services,"$12,600.38",PO 49342
INV-252914,10/23/2025,10/23/2025,Kent Valley Hospital,3867.12,PO 43550
INV-252915,23-Oct-25,23-Oct-25,Pinnacle Building Services,10938.87,
INV-252916,10/23/2025,10/23/2025,Sandusky Marine and Supply,2290.50,
INV-252917,10/23/2025,10/22/2025,Stark County Services,"$11,600.46",Standing order
INV-252918,23-Oct-25,23-Oct-25,Summit Healthcare Group Inc.,"$39,282.67",Standing order
INV-252919,10/23/2025,10/23/2025,Tri-State Warehouse Company,1696.70,PO 41360
INV-252920,10/23/2025,10/22/2025,Twinsburg Industrial Park LLC,6502.38,PO 42294
INV-252921,10/23/2025,10/23/2025,Twinsburg Industrial Park LLC,5581.23,PO 44711
INV-252922,23-Oct-25,23-Oct-25,Youngstown Metal Works Inc.,3217.96,PO 43399
INV-252923,23-Oct-25,22-Oct-25,Youngstown Metal Works Inc.,"$21,190.51",Standing order
INV-252924,2025-10-23,2025-10-22,Youngstown Metal Works,2363.78,PO 47705
INV-252925,24-Oct-25,24-Oct-25,Cedar Point Facility Services,"$4,837.20",
INV-252926,10/24/2025,10/24/2025,Clearwater Janitorial Company,4377.40,Standing order
INV-252927,24-Oct-25,24-Oct-25,Eastgate Office Partners,6747.14,
INV-252928,10/24/2025,10/24/2025,Evergreen Senior Living Inc.,"$12,341.15",PO 41559
INV-252929,2025-10-24,2025-10-23,Garfield Industrial Company,2710.26,Standing order
INV-252930,24-Oct-25,24-Oct-25,Medina Auto Group,5488.69,PO 46558
INV-252931,10/24/2025,10/24/2025,Medina Auto Group,2824.42,
INV-252932,2025-10-24,2025-10-24,Medina Auto Group,4811.07,
INV-252933,2025-10-24,2025-10-23,Medina Auto Group  ,"$4,575.53",
INV-252934,10/24/2025,10/24/2025,Portage Cold Storage Company,"$2,923.81",PO 49604
INV-252935,2025-10-24,2025-10-24,Portage Cold Storage Company,"$3,391.52",
INV-252936,24-Oct-25,23-Oct-25,Summit Healthcare Group Inc.,"$21,278.22",Standing order
INV-252937,24-Oct-25,24-Oct-25,Twinsburg Industrial Park LLC,10764.08,PO 42247
INV-252938,2025-10-24,2025-10-24,Twinsburg Industrial Park LLC,"$12,431.24",Standing order
INV-252939,2025-10-24,2025-10-24,Willoughby Tech Center,"$5,967.05",
INV-252940,2025-10-27,2025-10-27,Allegheny Property Management,5142.11,
INV-252941,2025-10-27,2025-10-27,Bayview Medical Center Inc.,4513.95,
INV-252942,2025-10-27,2025-10-27,Garfield Industrial Company,5152.80,
INV-252943,10/27/2025,10/27/2025,Garfield Industrial Company,2051.97,Standing order
INV-252944,10/27/2025,10/27/2025,Harborview Apartments LLC,11067.47,Standing order
INV-252945,2025-10-27,2025-10-27,Highland Manufacturing Company,7188.53,
INV-252946,2025-10-27,2025-10-27,Oak Ridge Office Parks,2026.73,PO 40510
INV-252947,2025-10-27,2025-10-26,Parma Community College,17638.65,
INV-252948,2025-10-27,2025-10-27,Shaker Square Retail Partners,7554.29,PO 43470
INV-252949,2025-10-27,2025-10-26,Shaker Square Retail Partners,"$5,398.68",
INV-252950,2025-10-27,2025-10-27,Twinsburg Industrial Park LLC,16473.29,Standing order
INV-252951,2025-10-27,2025-10-27,University Circle Services,"$10,252.29",
INV-252952,27-Oct-25,26-Oct-25,Westlake Commercial Cleaning Company,2951.47,
INV-252953,10/28/2025,10/28/2025,Eastgate Office Partners,6416.08,Standing order
INV-252954,28-Oct-25,27-Oct-25,Garfield Industrial Company,"$9,886.70",PO 41263
INV-252955,10/28/2025,10/28/2025,Great Lakes Logistics Inc.,"$4,514.58",Standing order
INV-252956,2025-10-28,2025-10-28,Lorain Distribution Company,2687.96,
INV-252957,28-Oct-25,27-Oct-25,Oak Ridge Office Parks,"$15,689.29",
INV-252958,10/28/2025,10/28/2025,Parma Community College,"$9,443.19",
INV-252959,2025-10-28,2025-10-28,Parma Community College,9234.37,
INV-252960,28-Oct-25,28-Oct-25,Parma Community College,4605.79,
INV-252961,10/28/2025,10/27/2025,Twinsburg Industrial Park LLC,6195.47,Standing order
INV-252962,2025-10-28,2025-10-28,Twinsburg Industrial Park LLC,11219.84,PO 41125
INV-252963,10/28/2025,10/28/2025,Westlake Commercial Cleaning Company,6389.28,PO 42064
INV-252964,10/28/2025,10/28/2025,Westlake Commercial Cleaning Company,"$9,848.84",
INV-252965,28-Oct-25,27-Oct-25,Youngstown Metal Works Inc.,"$1,102.46",
INV-252966,2025-10-28,2025-10-28,Youngstown Metal Works Inc.,10695.04,Standing order
INV-252967,2025-10-28,2025-10-28,Youngstown Metal Works Inc.,"$21,123.08",Standing order
INV-252968,29-Oct-25,29-Oct-25,Bayview Medical Center Inc.,"$12,345.73",PO 47379
INV-252969,29-Oct-25,28-Oct-25,Bayview Medical Center Inc.,16603.89,
INV-252970,2025-10-29,2025-10-29,Cardinal Hospitality Group LLC,"$5,161.77",
INV-252971,10/29/2025,10/29/2025,Cardinal Hospitality Group LLC,"$6,072.46",
INV-252972,29-Oct-25,28-Oct-25,Forest City Hotels and Resorts,5639.13,
INV-252973,29-Oct-25,28-Oct-25,Forest City Hotels and Resorts,"$12,281.71",
INV-252974,29-Oct-25,29-Oct-25,Garfield Industrial Company,14727.04,Standing order
INV-252975,10/29/2025,10/29/2025,Oak Ridge Office Parks,"$8,875.40",PO 42521
INV-252976,10/29/2025,10/29/2025,Shaker Square Retail Partners,"$5,208.93",Standing order
INV-252977,10/29/2025,10/28/2025,University Circle Services,19941.35,Standing order
INV-252978,10/30/2025,10/30/2025,Garfield Industrial Company,9296.61,
INV-252979,30-Oct-25,29-Oct-25,Garfield Industrial Company,2145.45,
INV-252980,30-Oct-25,30-Oct-25,Great Lakes Logistics Inc.,8624.27,PO 48318
INV-252981,2025-10-30,2025-10-29,Medina Auto Group,$550.60,
INV-252982,30-Oct-25,30-Oct-25,Midwest Stadium Services Inc.,11104.53,Standing order
INV-252983,10/30/2025,10/29/2025,Oak Ridge Office Parks,14804.63,PO 43447
INV-252984,30-Oct-25,30-Oct-25,Parma Community College,7273.58,PO 40404
INV-252985,30-Oct-25,30-Oct-25,Parma Community College,3464.57,PO 48076
INV-252986,10/30/2025,10/30/2025,Pinnacle Building Services Inc.,"$7,898.72",PO 48514
INV-252987,2025-10-30,2025-10-29,Shaker Square Retail Partners,"$10,587.28",Standing order
INV-252988,2025-10-30,2025-10-30,Twinsburg Industrial Park LLC,"$6,885.08",PO 44289
INV-252989,2025-10-30,2025-10-30,University Circle Services,"$21,653.09",
INV-252990,2025-10-30,2025-10-29,Westlake Commercial Cleaning Company,17150.44,
INV-252991,30-Oct-25,30-Oct-25,Youngstown Metal Works Inc.,2945.76,
INV-252992,30-Oct-25,30-Oct-25,Youngstown Metal Works Inc.,2106.23,
INV-252993,10/31/2025,10/31/2025,Cedar Point Facility Services,7524.77,
INV-252994,10/31/2025,10/30/2025,Garfield Industrial Company,14502.79,
INV-252995,10/31/2025,10/31/2025,Kent Valley Hospital,"$3,704.69",PO 44102
INV-252996,2025-10-31,2025-10-31,Oak Ridge Office Parks,23682.64,PO 42710
INV-252997,10/31/2025,10/31/2025,Oak Ridge Office Parks,11784.35,
INV-252998,2025-10-31,2025-10-31,Portage Cold Storage Company,"$9,300.43",Standing order
INV-252999,2025-10-31,2025-10-31,Westlake Commercial Cleaning Company,35814.06,
INV-253000,10/31/2025,10/30/2025,Westlake Commercial Cleaning Company,3994.88,
INV-253001,31-Oct-25,31-Oct-25,Willoughby Tech Center,8273.85,PO 40771
INV-253002,10/31/2025,10/31/2025,Youngstown Metal Works Inc.,"$60,328.59",Standing order
,,,Subtotal - Oct 2025,"$3,466,276.03",
INV-253003,2025-11-03,2025-11-02,Bayview Medical Center Inc.,5976.53,
INV-253004,2025-11-03,2025-11-03,Evergreen Senior Living Inc.,17565.93,PO 43960
INV-253005,11/03/2025,11/03/2025,Great Lakes Logistics Inc.,"$10,151.19",
INV-253006,11/03/2025,11/03/2025,Heritage Food Services Inc.,10691.32,PO 45677
INV-253007,2025-11-03,2025-11-03,Lorain Distribution Company,8790.15,Standing order
INV-253008,03-Nov-25,03-Nov-25,Parma Community College,"$32,628.19",Standing order
INV-253009,2025-11-03,2025-11-03,Sandusky Marine and Supply,2083.84,
INV-253010,11/03/2025,11/03/2025,Summit Healthcare Group Inc.,"$5,293.79",
INV-253011,03-Nov-25,03-Nov-25,Twinsburg Industrial Park LLC,11923.07,Standing order
INV-253012,11/03/2025,11/03/2025,University Circle Services,"$11,416.59",
INV-253013,03-Nov-25,03-Nov-25,University Circle Services,2707.58,Standing order
INV-253014,11/03/2025,11/03/2025,Westlake Commercial Cleaning Company,5617.01,
INV-253015,03-Nov-25,03-Nov-25,Youngstown Metal Works Inc.,"$16,390.27",
INV-253016,04-Nov-25,03-Nov-25,Evergreen Senior Living Inc.,15976.42,Standing order
INV-253017,04-Nov-25,04-Nov-25,FOREST CITY HOTELS AND RESORTS,9267.73,
INV-253018,2025-11-04,2025-11-04,Harborview Apartments LLC,19364.79,
INV-253019,2025-11-04,2025-11-04,Kent Valley Hospital,50283.75,
INV-253020,2025-11-04,2025-11-04,Oak Ridge Office Parks,4934.08,
INV-253021,11/04/2025,11/03/2025,Sandusky Marine and Supply,9002.99,
INV-253022,11/04/2025,11/03/2025,Summit Healthcare Group Inc.,8207.07,
INV-253023,11/04/2025,11/04/2025,Twinsburg Industrial Park LLC,5530.18,
INV-253024,11/04/2025,11/03/2025,University Circle Services,"$4,696.97",
INV-253025,04-Nov-25,04-Nov-25,University Circle Services,2190.70,
INV-253026,2025-11-04,2025-11-04,Westlake Commercial Cleaning Company,"$5,313.35",
INV-253027,2025-11-04,2025-11-03,Westlake Commercial Cleaning Company,"$9,510.63",PO 49534
INV-253028,11/04/2025,11/04/2025,Westlake Commercial Cleaning Company,15452.04,PO 49493
INV-253029,11/04/2025,11/04/2025,Youngstown Metal Works Inc.,6129.69,Standing order
INV-253030,2025-11-05,2025-11-05,Bayview Medical Center Inc.  ,20414.74,
INV-253031,2025-11-05,2025-11-04,Evergreen Senior Living Inc.,4281.10,Standing order
INV-253032,2025-11-05,2025-11-05,Evergreen Senior Living Inc.,"$8,576.74",
INV-253033,05-Nov-25,05-Nov-25,Great Lakes Logistics Inc.,3864.40,PO 44659
INV-253034,11/05/2025,11/05/2025,Hamilton County Services,"$4,427.84",Standing order
INV-253035,2025-11-05,2025-11-04,Ironwood Property Services,"$5,082.51",
INV-253036,05-Nov-25,05-Nov-25,Kent Valley Hospital,"$5,060.56",Standing order
INV-253037,11/05/2025,11/05/2025,Lakeshore Cleaning Services Inc.,2849.37,
INV-253038,05-Nov-25,05-Nov-25,Oak Ridge Office Parks,"$4,982.21",
INV-253039,05-Nov-25,05-Nov-25,Parma Community College,5391.16,
INV-253040,11/05/2025,11/05/2025,Riverside Fitness Clubs LLC,"$5,937.25",PO 45178
INV-253041,2025-11-05,2025-11-05,Sandusky Marine and Supply,"$23,285.16",Standing order
INV-253042,11/05/2025,11/05/2025,Summit Healthcare Group Inc.,8558.64,
INV-253043,05-Nov-25,05-Nov-25,Youngstown Metal Works Inc.,14321.89,
INV-253044,05-Nov-25,05-Nov-25,Youngstown Metal Works Inc.,14293.63,PO 45236
INV-253045,06-Nov-25,06-Nov-25,Clearwater Janitorial Company,"$6,292.95",PO 40285
INV-253046,11/06/2025,11/06/2025,Evergreen Senior Living Inc.,4137.32,
INV-253047,2025-11-06,2025-11-06,Harborview Apartments LLC,14229.18,Standing order
INV-253048,2025-11-06,2025-11-05,Harborview Apartments LLC,5538.13,
INV-253049,06-Nov-25,06-Nov-25,Lorain Distribution Company,"$12,936.27",Standing order
INV-253050,11/06/2025,11/06/2025,Sandusky Marine & Supply,"$7,378.82",
INV-253051,06-Nov-25,06-Nov-25,Westlake Commercial Cleaning Company,13236.89,
INV-253052,11/06/2025,11/06/2025,Youngstown Metal Works Inc.,25729.04,
INV-253053,06-Nov-25,06-Nov-25,Youngstown Metal Works Inc.  ,9631.26,
INV-253054,11/07/2025,11/07/2025,Cedar Point Facility Services,12102.76,Standing order
INV-253055,11/07/2025,11/07/2025,Evergreen Senior Living,5914.56,Standing order
INV-253056,07-Nov-25,07-Nov-25,Kent Valley Hospital,"$3,178.51",Standing order
INV-253057,07-Nov-25,07-Nov-25,Medina Auto Group,"$5,757.41",PO 45534
INV-253058,07-Nov-25,07-Nov-25,Medina Auto Group,"$15,224.87",
INV-253059,07-Nov-25,06-Nov-25,Midwest Stadium Services Inc.,24887.51,
INV-253060,2025-11-07,2025-11-07,Midwest Stadium Services Inc.,"$4,071.75",PO 47872
INV-253061,07-Nov-25,07-Nov-25,North Coast Restaurants LLC,"$3,279.62",Standing order
INV-253062,11/07/2025,11/07/2025,Oak Ridge Office Parks,2149.96,
INV-253063,11/07/2025,11/07/2025,Parma Community College,"$13,571.79",
INV-253064,2025-11-07,2025-11-07,Sandusky Marine and Supply,9014.69,Standing order
INV-253065,07-Nov-25,07-Nov-25,Twinsburg Industrial Park LLC,11946.45,
INV-253066,07-Nov-25,07-Nov-25,Youngstown Metal Works Inc.,3871.14,
INV-253067,07-Nov-25,07-Nov-25,YOUNGSTOWN METAL WORKS INC.,9497.78,
INV-253068,10-Nov-25,09-Nov-25,Bayview Medical Center Inc.,"$9,743.04",
INV-253069,2025-11-10,2025-11-10,Cedar Point Facility Services,"$3,870.27",
INV-253070,2025-11-10,2025-11-10,Hamilton County Services,15039.34,
INV-253071,11/10/2025,11/09/2025,Harborview Apartments LLC,3684.67,
INV-253072,11/10/2025,11/09/2025,Midwest Stadium Services Inc.,"$11,400.70",PO 46832
INV-253073,11/10/2025,11/09/2025,North Coast Restaurants LLC,"$3,807.36",Standing order
INV-253074,10-Nov-25,10-Nov-25,Oak Ridge Office Parks,7694.16,
INV-253075,2025-11-10,2025-11-10,Oak Ridge Office Parks,16882.25,
INV-253076,2025-11-10,2025-11-10,Pinnacle Building Services Inc.,"$21,989.55",
INV-253077,2025-11-10,2025-11-10,Sandusky Marine and Supply,3129.22,
INV-253078,11/10/2025,11/10/2025,Twinsburg Industrial Park LLC  ,"$7,283.53",PO 43449
INV-253079,10-Nov-25,10-Nov-25,Westlake Commercial Cleaning Company,5484.43,
INV-253080,2025-11-10,2025-11-10,Westlake Commercial Cleaning Company,"$14,762.23",
INV-253081,11-Nov-25,11-Nov-25,Bayview Medical Center Inc.,10676.91,PO 48987
INV-253082,11-Nov-25,11-Nov-25,Bayview Medical Center Inc.,2589.01,
INV-253083,11-Nov-25,10-Nov-25,Cardinal Hospitality Group LLC,14121.99,
INV-253084,2025-11-11,2025-11-11,Eastgate Office Partners,"$16,674.25",PO 42655
INV-253085,2025-11-11,2025-11-10,Garfield Industrial Company,43864.32,PO 47308
INV-253086,2025-11-11,2025-11-10,Garfield Industrial Company,"$4,845.60",
INV-253087,2025-11-11,2025-11-11,Great Lakes Logistics Inc.,"$5,752.18",
INV-253088,11/11/2025,11/11/2025,Harborview Apartments LLC,"$35,387.57",
INV-253089,2025-11-11,2025-11-11,Kent Valley Hospital,21153.33,
INV-253090,11/11/2025,11/11/2025,Lorain Distribution Company,3754.39,Standing order
INV-253091,11-Nov-25,11-Nov-25,Medina Auto Group  ,15099.14,
INV-253092,11/11/2025,11/10/2025,Medina Auto Group,2357.53,
INV-253093,2025-11-11,2025-11-11,Oak Ridge Office Parks  ,11008.95,
INV-253094,2025-11-11,2025-11-10,Parma Community College,2786.74,
INV-253095,11/11/2025,11/11/2025,Riverside Fitness Clubs LLC,3787.11,
INV-253096,11-Nov-25,11-Nov-25,Twinsburg Industrial Park LLC,"$14,592.77",
INV-253097,11/11/2025,11/10/2025,Youngstown Metal Works Inc.,"$5,424.43",
INV-253098,11/11/2025,11/10/2025,Youngstown Metal Works Inc.,5174.80,
INV-253099,2025-11-12,2025-11-12,Bayview Medical Center Inc.,10976.86,
INV-253100,11/12/2025,11/12/2025,Cardinal Hospitality Group LLC,"$56,820.17",PO 40171
INV-253100,2025-11-12,2025-11-12,Cardinal Hospitality Group LLC,56820.17,PO 40171
INV-253101,2025-11-12,2025-11-12,Fairlawn Public Schools,"$8,955.51",
INV-253102,11/12/2025,11/12/2025,Great Lakes Logistics Inc.,"$4,628.49",
INV-253103,11/12/2025,11/12/2025,Hamilton County Services,"$4,692.67",PO 43998
INV-253104,11/12/2025,11/12/2025,Lorain Distribution Company,9781.78,PO 44701
INV-253105,11/12/2025,11/12/2025,MIDWEST STADIUM SERVICES INC.,"$2,678.90",
INV-253106,2025-11-12,2025-11-12,Oak Ridge Office Parks,5019.74,PO 43639
INV-253107,12-Nov-25,12-Nov-25,Parma Community College,8344.90,
INV-253108,12-Nov-25,11-Nov-25,Summit Healthcare Group Inc.,27066.97,
INV-253109,12-Nov-25,12-Nov-25,Twinsburg Industrial Park LLC,20807.22,
INV-253110,11/12/2025,11/12/2025,Westlake Commercial Cleaning Company,14173.80,
INV-253111,11/12/2025,11/12/2025,Westlake Commercial Cleaning Company,4130.68,Standing order
INV-253112,12-Nov-25,12-Nov-25,Youngstown Metal Works Inc.  ,"$3,069.13",
INV-253113,2025-11-12,2025-11-12,Youngstown Metal Works Inc.,6566.69,
INV-253114,12-Nov-25,12-Nov-25,Youngstown Metal Works Inc.  ,"$10,749.11",PO 41670
INV-253115,13-Nov-25,13-Nov-25,Bayview Medical Center Inc.,1764.46,PO 40315
INV-253116,11/13/2025,11/13/2025,Clearwater Janitorial Co.,"$32,010.91",
INV-253117,2025-11-13,2025-11-13,Garfield Industrial Company,"$11,270.12",
INV-253118,2025-11-13,2025-11-13,Garfield Industrial Company,7014.25,
INV-253119,11/13/2025,11/13/2025,Garfield Industrial Company,3352.99,
INV-253120,11/13/2025,11/13/2025,Lakeshore Cleaning Services Inc.,42006.53,
INV-253121,2025-11-13,2025-11-13,Oak Ridge Office Parks,"$2,557.56",
INV-253122,11/13/2025,11/13/2025,Parma Community College,8676.40,PO 45475
INV-253123,13-Nov-25,12-Nov-25,Parma Community College,5905.97,
INV-253124,2025-11-13,2025-11-13,Twinsburg Industrial Park LLC,13380.82,
INV-253125,2025-11-13,2025-11-13,Twinsburg Industrial Park LLC,11538.90,
INV-253126,2025-11-13,2025-11-13,Westlake Commercial Cleaning Company,7754.48,
INV-253127,2025-11-14,2025-11-13,Bayview Medical Center Inc.,2071.56,
INV-253128,11/14/2025,11/14/2025,Cardinal Hospitality Group LLC,8368.16,Standing order
INV-253129,14-Nov-25,14-Nov-25,Evergreen Senior Living Inc.,4560.16,
INV-253130,2025-11-14,2025-11-14,Garfield Industrial Company,"$5,119.83",Standing order
INV-253131,14-Nov-25,13-Nov-25,Garfield Industrial Company  ,11626.00,
INV-253132,2025-11-14,2025-11-14,Garfield Industrial Company,5132.96,
INV-253133,11/14/2025,11/13/2025,Great Lakes Logistics,"$4,897.44",
INV-253134,2025-11-14,2025-11-14,Highland Manufacturing Company,"$20,833.56",
INV-253135,2025-11-14,2025-11-13,Ironwood Property Services,5761.75,Standing order
INV-253136,2025-11-14,2025-11-14,North Coast Restaurants LLC,8670.44,
INV-253137,2025-11-14,2025-11-14,Oak Ridge Office Parks,8966.00,
INV-253138,11/14/2025,11/14/2025,Sandusky Marine and Supply,25429.66,PO 47702
INV-253139,2025-11-14,2025-11-14,Sandusky Marine and Supply,"$15,846.32",
INV-253140,2025-11-14,2025-11-13,Sandusky Marine and Supply,5578.58,
INV-253141,11/14/2025,11/14/2025,Summit Healthcare Group Inc.,"$7,505.25",PO 40201
INV-253142,11/14/2025,11/14/2025,University Circle Services,"$11,906.86",Standing order
INV-253143,11/14/2025,11/13/2025,Westlake Commercial Cleaning Company,6704.78,
INV-253144,14-Nov-25,14-Nov-25,Youngstown Metal Works Inc.,13807.71,Standing order
INV-253145,2025-11-14,2025-11-14,Youngstown Metal Works Inc.,8267.15,Standing order
INV-253146,2025-11-17,2025-11-17,Cardinal Hospitality Group LLC,9727.77,
INV-253147,2025-11-17,2025-11-17,Garfield Industrial Company,24674.57,
INV-253148,2025-11-17,2025-11-17,Garfield Industrial Company,$937.67,PO 40610
INV-253149,2025-11-17,2025-11-16,Garfield Industrial Company,15448.05,
INV-253150,17-Nov-25,17-Nov-25,Great Lakes Logistics Inc.,"$2,561.82",
INV-253151,2025-11-17,2025-11-17,Lorain Distribution Company,8944.21,PO 40434
INV-253152,2025-11-17,2025-11-16,Medina Auto Group,"$32,119.33",
INV-253153,11/17/2025,11/17/2025,North Coast Restaurants,72090.13,
INV-253154,17-Nov-25,17-Nov-25,Pinnacle Building Services Inc.,"$4,153.93",PO 40703
INV-253155,17-Nov-25,17-Nov-25,Riverside Fitness Clubs LLC,3313.65,
INV-253156,2025-11-17,2025-11-16,Twinsburg Industrial Park LLC,6377.14,Standing order
INV-253157,17-Nov-25,17-Nov-25,Westlake Commercial Cleaning Company,"$7,013.35",
INV-253158,17-Nov-25,17-Nov-25,Youngstown Metal Works Inc.,1830.72,PO 47507
INV-253159,11/17/2025,11/17/2025,Youngstown Metal Works Inc.,23448.83,PO 44132
INV-253160,2025-11-17,2025-11-16,Youngstown Metal Works Inc.,15166.11,
INV-253161,2025-11-17,2025-11-16,Youngstown Metal Works Inc.,17313.90,
INV-253162,11/18/2025,11/18/2025,Cedar Point Facility Services,7812.29,PO 40368
INV-253163,11/18/2025,11/18/2025,Fairlawn Public Schools,3684.20,
INV-253164,11/18/2025,11/17/2025,Lakeshore Cleaning Services Inc.  ,14524.87,Standing order
INV-253165,2025-11-18,2025-11-17,Summit Healthcare Group Inc.,16157.15,
INV-253166,2025-11-18,2025-11-18,Summit Healthcare Group Inc.,12364.60,Standing order
INV-253167,18-Nov-25,18-Nov-25,Twinsburg Industrial Park LLC,8268.40,PO 42978
INV-253168,18-Nov-25,18-Nov-25,Twinsburg Industrial Park LLC,14292.79,PO 47858
INV-253169,2025-11-18,2025-11-17,Youngstown Metal Works Inc.,"$14,633.38",
INV-253170,18-Nov-25,18-Nov-25,Youngstown Metal Works Inc.,6841.56,
INV-253171,19-Nov-25,19-Nov-25,Cardinal Hospitality Group LLC,"$4,987.36",
INV-253172,11/19/2025,11/19/2025,Cedar Point Facility Services,9535.68,
INV-253173,11/19/2025,11/19/2025,Cedar Point Facility Services,7677.46,
INV-253174,19-Nov-25,19-Nov-25,Garfield Industrial Company,8705.90,
INV-253175,11/19/2025,11/19/2025,Garfield Industrial Company,"$1,897.14",
INV-253176,19-Nov-25,18-Nov-25,Great Lakes Logistics Inc.,"$30,219.43",PO 49075
INV-253177,11/19/2025,11/19/2025,HERITAGE FOOD SERVICES INC.,"$5,948.10",PO 42057
INV-253178,11/19/2025,11/18/2025,Ironwood Property Services,"$6,923.82",
INV-253179,19-Nov-25,19-Nov-25,Kent Valley Hospital,14582.20,
INV-253180,2025-11-19,2025-11-18,Medina Auto Group,17869.52,PO 44177
INV-253181,11/19/2025,11/19/2025,Parma Community College,8820.32,PO 46098
INV-253182,11/19/2025,11/19/2025,Sandusky Marine and Supply,8481.37,
INV-253183,19-Nov-25,19-Nov-25,Twinsburg Industrial Park LLC,5253.92,PO 43210
INV-253184,11/19/2025,11/19/2025,Westlake Commercial Cleaning Company,14635.84,
INV-253185,11/19/2025,11/19/2025,Westlake Commercial Cleaning Company,8014.34,Standing order
INV-253186,2025-11-19,2025-11-19,Westlake Commercial Cleaning Company,9049.04,
INV-253187,2025-11-19,2025-11-19,Westlake Commercial Cleaning Company,"$11,497.38",
INV-253188,19-Nov-25,19-Nov-25,Westlake Commercial Cleaning Company,3371.43,
INV-253189,19-Nov-25,19-Nov-25,Youngstown Metal Works Inc.,5480.92,
INV-253190,2025-11-19,2025-11-19,Youngstown Metal Works Inc.,7857.02,
INV-253191,11/19/2025,11/18/2025,Youngstown Metal Works Inc.,"$7,532.63",
INV-253192,2025-11-20,2025-11-20,Bayview Medical Center Inc.,10350.93,Standing order
INV-253193,2025-11-20,2025-11-20,Cardinal Hospitality Group LLC,7885.20,PO 47432
INV-253194,20-Nov-25,20-Nov-25,Clearwater Janitorial Company,18856.55,Standing order
INV-253195,11/20/2025,11/20/2025,Eastgate Office Partners,4281.13,
INV-253196,20-Nov-25,20-Nov-25,Great Lakes Logistics Inc.,3847.98,PO 42200
INV-253197,2025-11-20,2025-11-20,Medina Auto Group,"$9,207.23",Standing order
INV-253198,11/20/2025,11/20/2025,Midwest Stadium Services Inc.,11082.67,
INV-253199,11/20/2025,11/19/2025,Parma Community College,95000.00,
INV-253200,2025-11-20,2025-11-20,Stark County Services,3516.44,
INV-253201,2025-11-20,2025-11-20,Summit Healthcare Group Inc.,4258.98,
INV-253202,20-Nov-25,20-Nov-25,Twinsburg Industrial Park LLC,2044.30,Standing order
INV-253203,20-Nov-25,19-Nov-25,Westlake Commercial Cleaning Company,3720.87,Standing order
INV-253204,20-Nov-25,19-Nov-25,Westlake Commercial Cleaning Company,10052.53,
INV-253205,2025-11-20,2025-11-20,Westlake Commercial Cleaning Company,13715.27,
INV-253206,20-Nov-25,20-Nov-25,Youngstown Metal Works Inc.,22453.18,Standing order
INV-253207,2025-11-20,2025-11-20,Youngstown Metal Works Inc.,"$11,530.73",
INV-253208,2025-11-20,2025-11-20,Youngstown Metal Works Inc.,7630.01,
INV-253209,21-Nov-25,20-Nov-25,Forest City Hotels and Resorts,6438.36,PO 48656
INV-253210,21-Nov-25,20-Nov-25,Garfield Industrial Company,"$4,180.25",
INV-253211,11/21/2025,11/21/2025,Garfield Industrial Company,7222.70,Standing order
INV-253212,21-Nov-25,20-Nov-25,Garfield Industrial Company,11920.24,Standing order
INV-253213,2025-11-21,2025-11-21,Great Lakes Logistics Inc.,8495.94,
INV-253214,21-Nov-25,21-Nov-25,Great Lakes Logistics Inc.,3480.45,Standing order
INV-253215,11/21/2025,11/20/2025,Heritage Food Services Inc.,9279.97,
INV-253216,2025-11-21,2025-11-21,Kent Valley Hospital,5959.02,
INV-253217,2025-11-21,2025-11-21,Kent Valley Hospital,3945.13,PO 48430
INV-253218,21-Nov-25,20-Nov-25,Kent Valley Hospital,26014.82,PO 42393
INV-253219,21-Nov-25,21-Nov-25,Parma Community College,14513.29,
INV-253220,21-Nov-25,20-Nov-25,Parma Community College,"$2,226.47",
INV-253221,11/21/2025,11/21/2025,Parma Community College,"$3,622.55",PO 45277
INV-253222,21-Nov-25,20-Nov-25,Parma Community College,"$9,383.27",
INV-253223,2025-11-21,2025-11-20,Stark County Services,3857.97,
INV-253224,11/21/2025,11/21/2025,Summit Healthcare Group Inc.,9361.36,
INV-253225,21-Nov-25,21-Nov-25,Twinsburg Industrial Park LLC,2083.70,PO 49191
INV-253226,11/21/2025,11/21/2025,Twinsburg Industrial Park LLC,8950.96,
INV-253227,2025-11-21,2025-11-21,Westlake Commercial Cleaning Company,"$13,212.54",
INV-253228,2025-11-21,2025-11-20,Youngstown Metal Works Inc.,9656.25,
INV-253229,2025-11-24,2025-11-23,Cardinal Hospitality Group LLC,10362.08,
INV-253230,11/24/2025,11/24/2025,Fairlawn Public Schools,2587.12,PO 43331
INV-253231,24-Nov-25,23-Nov-25,Garfield Industrial Company,3873.34,Standing order
INV-253232,11/24/2025,11/24/2025,Kent Valley Hospital,18550.32,
INV-253233,24-Nov-25,24-Nov-25,Midwest Stadium Services Inc.,7699.27,
INV-253234,24-Nov-25,24-Nov-25,Midwest Stadium Services Inc.,"$3,961.34",
INV-253235,24-Nov-25,24-Nov-25,Oak Ridge Office Parks,3382.99,PO 45901
INV-253236,2025-11-24,2025-11-23,Parma Community College,"$12,740.09",Standing order
INV-253237,11/24/2025,11/24/2025,Pinnacle Building Services Inc.,"$17,838.83",
INV-253238,24-Nov-25,24-Nov-25,Sandusky Marine and Supply,13435.99,PO 47217
INV-253239,24-Nov-25,24-Nov-25,University Circle Services,11134.73,Standing order
INV-253240,24-Nov-25,24-Nov-25,University Circle Services,"$6,413.46",Standing order
INV-253241,11/24/2025,11/24/2025,University Circle Services,10891.78,Standing order
INV-253242,24-Nov-25,24-Nov-25,Westlake Commercial Cleaning Company,7136.91,Standing order
INV-253243,2025-11-24,2025-11-23,Willoughby Tech Center,4634.54,PO 42820
INV-253244,2025-11-24,2025-11-24,Youngstown Metal Works Inc.,43616.49,
INV-253245,25-Nov-25,24-Nov-25,Cardinal Hospitality Group LLC,2639.15,
INV-253246,2025-11-25,2025-11-24,Evergreen Senior Living Inc.,"$14,345.73",
INV-253247,25-Nov-25,24-Nov-25,Forest City Hotels and Resorts,23775.07,Standing order
INV-253248,25-Nov-25,25-Nov-25,Garfield Industrial Company,23680.00,
INV-253249,25-Nov-25,25-Nov-25,Garfield Industrial Company,9524.30,Standing order
INV-253250,2025-11-25,2025-11-24,Garfield Industrial Company,"$18,532.57",
INV-253251,25-Nov-25,25-Nov-25,Medina Auto Group,"$8,261.53",
INV-253252,25-Nov-25,25-Nov-25,Midwest Stadium Services Inc.,20073.06,PO 42720
INV-253253,2025-11-25,2025-11-25,Oak Ridge Office Parks,77248.85,
INV-253254,11/25/2025,11/25/2025,Parma Community College  ,9540.35,Standing order
INV-253255,2025-11-25,2025-11-25,Sandusky Marine and Supply,4782.37,
INV-253256,2025-11-25,2025-11-25,University Circle Services,"$5,680.32",
INV-253257,25-Nov-25,25-Nov-25,Westlake Commercial Cleaning Company,"$8,738.58",Standing order
INV-253258,11/25/2025,11/24/2025,Westlake Commercial Cleaning Company,"$5,680.33",
INV-253259,2025-11-25,2025-11-25,Westlake Commercial Cleaning Company,"$11,192.74",
INV-253260,11/25/2025,11/25/2025,Youngstown Metal Works Inc.,13625.81,
INV-253261,2025-11-25,2025-11-25,Youngstown Metal Works Inc.,2827.53,
INV-253262,11/26/2025,11/26/2025,Cardinal Hospitality Group LLC,40610.78,
INV-253263,2025-11-26,2025-11-26,Clearwater Janitorial Company,"$12,805.70",
INV-253264,2025-11-26,2025-11-25,Clearwater Janitorial Company,"$9,826.56",PO 47966
INV-253265,2025-11-26,2025-11-26,Forest City Hotels and Resorts,8534.48,
INV-253266,11/26/2025,11/26/2025,Garfield Industrial Company,6228.19,
INV-253267,26-Nov-25,26-Nov-25,Medina Auto Group,4788.77,PO 47656
INV-253268,26-Nov-25,25-Nov-25,Parma Community College,18926.95,
INV-253269,11/26/2025,11/26/2025,Pinnacle Building Services Inc.,31253.37,
INV-253270,26-Nov-25,26-Nov-25,Twinsburg Industrial Park LLC,6954.65,PO 46736
INV-253271,26-Nov-25,25-Nov-25,Youngstown Metal Works,9446.87,PO 48739
INV-253272,2025-11-27,2025-11-26,Bayview Medical Center Inc.,"$4,484.65",
INV-253273,2025-11-27,2025-11-27,Bayview Medical Center Inc.  ,12398.29,
INV-253274,2025-11-27,2025-11-27,Evergreen Senior Living Inc.,"$9,152.00",
INV-253275,27-Nov-25,27-Nov-25,Fairlawn Public Schools,3515.22,
INV-253276,2025-11-27,2025-11-26,Garfield Industrial Company,6385.68,Standing order
INV-253277,27-Nov-25,26-Nov-25,Heritage Food Services Inc.,"$7,954.99",PO 41973
INV-253278,11/27/2025,11/26/2025,Midwest Stadium Services Inc.,"$14,242.90",
INV-253279,27-Nov-25,27-Nov-25,Pinnacle Building Services Inc.,8764.79,
INV-253280,11/27/2025,11/26/2025,Sandusky Marine and Supply  ,8842.32,PO 47431
INV-253281,27-Nov-25,27-Nov-25,Twinsburg Industrial Park LLC,"$8,216.07",Standing order
INV-253282,28-Nov-25,28-Nov-25,Bayview Medical Center Inc.,12581.95,PO 40538
INV-253283,28-Nov-25,28-Nov-25,Bayview Medical Center Inc.,5344.95,
INV-253284,28-Nov-25,28-Nov-25,Cardinal Hospitality Group LLC,"$3,164.61",
INV-253285,28-Nov-25,28-Nov-25,Medina Auto Group,1056.46,PO 45316
INV-253286,11/28/2025,11/28/2025,Oak Ridge Office Parks,7972.06,Standing order
INV-253287,28-Nov-25,28-Nov-25,Oak Ridge Office Parks,26367.00,PO 42397
INV-253288,2025-11-28,2025-11-28,Pinnacle Building Services Inc.,"$7,219.05",Standing order
INV-253289,11/28/2025,11/27/2025,Portage Cold Storage Company,4277.21,Standing order
INV-253290,11/28/2025,11/27/2025,Twinsburg Industrial Park LLC,"$8,418.71",
INV-253291,2025-11-28,2025-11-28,University Circle Services,"$9,906.53",
INV-253292,28-Nov-25,28-Nov-25,Youngstown Metal Works Inc.,5591.86,
INV-253293,2025-11-28,2025-11-28,Youngstown Metal Works,6164.02,
,,,Subtotal - Nov 2025,"$3,304,479.52",
INV-253294,2025-12-01,2025-11-30,Allegheny Property Management LLC,"$1,960.81",PO 42771
INV-253295,01-Dec-25,01-Dec-25,Bayview Medical Center Inc.,26331.17,
INV-253296,2025-12-01,2025-12-01,Cardinal Hospitality Group LLC,"$10,452.17",Standing order
INV-253297,2025-12-01,2025-12-01,Garfield Industrial Company,22738.80,Standing order
INV-253298,12/01/2025,12/01/2025,Garfield Industrial Company,"$2,664.36",
INV-253299,01-Dec-25,30-Nov-25,Shaker Square Retail Partners,4792.87,
INV-253300,01-Dec-25,30-Nov-25,Westlake Commercial Cleaning Company,11772.26,
INV-253301,12/01/2025,12/01/2025,Westlake Commercial Cleaning Company,"$6,602.44",Standing order
INV-253302,2025-12-01,2025-11-30,Westlake Commercial Cleaning Company,14657.18,
INV-253303,01-Dec-25,01-Dec-25,Youngstown Metal Works Inc.,1355.71,Standing order
INV-253304,12/01/2025,12/01/2025,Youngstown Metal Works Inc.,6692.27,
INV-253305,02-Dec-25,01-Dec-25,Bayview Medical Center Inc.,9863.08,Standing order
INV-253306,02-Dec-25,02-Dec-25,Bayview Medical Center Inc.,"$13,756.23",PO 45843
INV-253307,12/02/2025,12/02/2025,Bayview Medical Center Inc.,23011.73,
INV-253308,2025-12-02,2025-12-02,Cardinal Hospitality Group LLC,20905.45,PO 47818
INV-253309,02-Dec-25,02-Dec-25,EVERGREEN SENIOR LIVING INC.,11952.77,Standing order
INV-253310,12/02/2025,12/02/2025,Garfield Industrial Company,38421.48,
INV-253311,02-Dec-25,01-Dec-25,Garfield Industrial Company,26216.19,PO 43043
INV-253312,2025-12-02,2025-12-01,Garfield Industrial Company,19701.06,PO 42886
INV-253313,2025-12-02,2025-12-01,Great Lakes Logistics Inc.,"$13,290.77",PO 43892
INV-253314,02-Dec-25,02-Dec-25,Heritage Food Services Inc.,32786.56,
INV-253315,12/02/2025,12/02/2025,Kent Valley Hospital,14192.82,
INV-253316,02-Dec-25,02-Dec-25,Portage Cold Storage Company,"$6,087.31",
INV-253317,02-Dec-25,02-Dec-25,Portage Cold Storage Company,"$18,845.49",
INV-253318,2025-12-02,2025-12-02,Sandusky Marine and Supply,12950.41,
INV-253319,02-Dec-25,01-Dec-25,Summit Healthcare Group Inc.,17038.84,
INV-253320,12/02/2025,12/02/2025,Summit Healthcare Group Inc.,4528.67,Standing order
INV-253321,02-Dec-25,01-Dec-25,Twinsburg Industrial Park LLC,"$4,668.27",Standing order
INV-253322,02-Dec-25,02-Dec-25,University Circle Services,4411.82,
INV-253323,03-Dec-25,03-Dec-25,Cedar Point Facility Services,"$8,379.50",
INV-253324,2025-12-03,2025-12-03,Medina Auto Group,"$6,292.24",Standing order
INV-253325,2025-12-03,2025-12-03,Midwest Stadium Services Inc.,6130.86,
INV-253326,03-Dec-25,02-Dec-25,Oak Ridge Office Parks,2390.53,Standing order
INV-253327,03-Dec-25,03-Dec-25,Parma Community College,9433.07,Standing order
INV-253328,03-Dec-25,03-Dec-25,Portage Cold Storage Company,30601.24,
INV-253329,03-Dec-25,02-Dec-25,Riverside Fitness Clubs LLC,2103.48,PO 48184
INV-253330,2025-12-03,2025-12-03,Shaker Square Retail Partners,8894.55,Standing order
INV-253331,2025-12-03,2025-12-03,Twinsburg Industrial Park LLC,25796.54,
INV-253332,2025-12-04,2025-12-04,Bayview Medical Center Inc.,"$32,442.28",PO 40205
INV-253333,12/04/2025,12/04/2025,Bayview Medical Center,15731.89,Standing order
INV-253334,2025-12-04,2025-12-03,Cardinal Hospitality Group LLC,"$40,937.07",
INV-253335,04-Dec-25,04-Dec-25,Clearwater Janitorial Company,"$3,901.96",
INV-253336,12/04/2025,12/04/2025,Forest City Hotels and Resorts,"$6,910.37",
INV-253337,04-Dec-25,03-Dec-25,Heritage Food Services Inc.,7689.65,Standing order
INV-253338,2025-12-04,2025-12-04,Heritage Food Services Inc.,"$13,032.16",
INV-253339,2025-12-04,2025-12-03,Midwest Stadium Services Inc.,5122.41,
INV-253340,12/04/2025,12/04/2025,Sandusky Marine and Supply,4116.59,
INV-253341,2025-12-04,2025-12-04,Sandusky Marine and Supply,22643.94,
INV-253342,2025-12-04,2025-12-04,Summit Healthcare Group,"$4,296.66",Standing order
INV-253343,04-Dec-25,04-Dec-25,Twinsburg Industrial Park LLC,"$7,408.86",PO 44820
INV-253344,2025-12-04,2025-12-03,University Circle Services,8274.34,
INV-253345,2025-12-04,2025-12-04,Youngstown Metal Works Inc.,8995.24,
INV-253346,12/05/2025,12/04/2025,Bayview Medical Center Inc.,3212.35,
INV-253347,12/05/2025,12/05/2025,Bayview Medical Center Inc.,"$11,321.82",
INV-253348,05-Dec-25,05-Dec-25,Bayview Medical Center Inc.,47517.68,PO 48106
INV-253349,12/05/2025,12/05/2025,Evergreen Senior Living Inc.,12948.84,
INV-253350,2025-12-05,2025-12-04,Garfield Industrial Company,11351.93,
INV-253351,05-Dec-25,05-Dec-25,Garfield Industrial Company,13045.76,
INV-253352,05-Dec-25,05-Dec-25,Great Lakes Logistics Inc.,15958.44,PO 40591
INV-253353,05-Dec-25,05-Dec-25,Highland Manufacturing Company,2403.77,
INV-253354,12/05/2025,12/05/2025,Kent Valley Hospital,5149.26,Standing order
INV-253355,12/05/2025,12/04/2025,Oak Ridge Office Parks,23647.25,
INV-253356,2025-12-05,2025-12-05,Parma Community College,6370.36,
INV-253357,05-Dec-25,05-Dec-25,Parma Community College,18008.93,PO 43722
INV-253358,2025-12-05,2025-12-05,Summit Healthcare Group Inc.,"$5,423.31",Standing order
INV-253359,05-Dec-25,04-Dec-25,Westlake Commercial Cleaning Company  ,7325.32,
INV-253360,12/05/2025,12/05/2025,Youngstown Metal Works Inc.,12703.56,
INV-253361,2025-12-08,2025-12-08,Bayview Medical Center Inc.,10516.01,
INV-253362,12/08/2025,12/08/2025,Cardinal Hospitality Group LLC,"$12,304.56",
INV-253363,12/08/2025,12/08/2025,Garfield Industrial Company,12098.92,
INV-253364,08-Dec-25,08-Dec-25,Garfield Industrial Company,2421.78,PO 49624
INV-253365,12/08/2025,12/08/2025,Great Lakes Logistics Inc.,4239.29,PO 42492
INV-253366,08-Dec-25,08-Dec-25,Heritage Food Services Inc.  ,4991.41,
INV-253367,2025-12-08,2025-12-08,Heritage Food Services Inc.,"$4,626.73",Standing order
INV-253368,12/08/2025,12/08/2025,Midwest Stadium Services Inc.,4708.64,PO 45992
INV-253369,12/08/2025,12/08/2025,Twinsburg Industrial Park LLC,8013.49,Standing order
INV-253370,12/08/2025,12/08/2025,Twinsburg Industrial Park LLC,22686.67,
INV-253371,2025-12-08,2025-12-08,Twinsburg Industrial Park LLC,13095.92,
INV-253372,12/08/2025,12/08/2025,Westlake Commercial Cleaning Company,8705.87,Standing order
INV-253373,2025-12-08,2025-12-08,Youngstown Metal Works Inc.,"$6,085.99",PO 40290
INV-253374,2025-12-09,2025-12-09,Evergreen Senior Living Inc.,4571.76,PO 43592
INV-253375,09-Dec-25,09-Dec-25,Fairlawn Public Schools,4632.15,
INV-253376,12/09/2025,12/09/2025,Garfield Industrial Company,3034.23,PO 44339
INV-253377,2025-12-09,2025-12-09,Garfield Industrial Company,19543.75,PO 46564
INV-253378,09-Dec-25,08-Dec-25,Heritage Food Services Inc.,"$1,659.31",PO 42270
INV-253379,12/09/2025,12/09/2025,Kent Valley Hospital,7991.32,
INV-253380,12/09/2025,12/08/2025,Lakeshore Cleaning Services Inc.,"$16,278.33",
INV-253381,09-Dec-25,08-Dec-25,Medina Auto Group,10828.84,
INV-253382,2025-12-09,2025-12-09,NORTH COAST RESTAURANTS LLC,14583.10,PO 40889
INV-253383,09-Dec-25,09-Dec-25,Sandusky Marine and Supply,"$17,114.55",
INV-253384,09-Dec-25,08-Dec-25,Summit Healthcare Group Inc.,"$16,589.23",
INV-253385,2025-12-09,2025-12-08,Twinsburg Industrial Park LLC,13595.33,PO 48545
INV-253386,09-Dec-25,09-Dec-25,University Circle Services,3014.26,Standing order
INV-253387,12/09/2025,12/09/2025,Youngstown Metal Works Inc.,"$11,376.35",
INV-253388,09-Dec-25,08-Dec-25,Youngstown Metal Works Inc.,26161.99,
INV-253389,12/09/2025,12/09/2025,Youngstown Metal Works Inc.,"$6,196.91",
INV-253390,2025-12-10,2025-12-10,Allegheny Property Management LLC,4968.37,
INV-253391,2025-12-10,2025-12-09,Cardinal Hospitality Group LLC,"$16,377.41",Standing order
INV-253392,2025-12-10,2025-12-10,Clearwater Janitorial Company,"$11,696.03",
INV-253393,2025-12-10,2025-12-10,Evergreen Senior Living Inc.,10386.44,
INV-253394,10-Dec-25,10-Dec-25,Evergreen Senior Living Inc.,6507.03,PO 42931
INV-253395,2025-12-10,2025-12-10,Garfield Industrial Company,19899.44,
INV-253396,10-Dec-25,10-Dec-25,Heritage Food Services,8447.07,Standing order
INV-253397,2025-12-10,2025-12-09,KENT VALLEY HOSPITAL,10378.29,PO 45428
INV-253398,2025-12-10,2025-12-10,Medina Auto Group,"$2,591.45",
INV-253399,12/10/2025,12/10/2025,Pinnacle Building Services Inc.,6831.50,PO 40169
INV-253400,12/10/2025,12/09/2025,Stark County Services,9116.52,Standing order
INV-253401,10-Dec-25,10-Dec-25,Twinsburg Industrial Park LLC,"$35,106.11",
INV-253402,2025-12-10,2025-12-09,Westlake Commercial Cleaning Company,12756.23,
INV-253403,12/10/2025,12/10/2025,Westlake Commercial Cleaning Company  ,1470.97,
INV-253404,12/11/2025,12/11/2025,Bayview Medical Center Inc.,9571.47,
INV-253405,11-Dec-25,10-Dec-25,Forest City Hotels and Resorts,10382.55,
INV-253406,12/11/2025,12/10/2025,Midwest Stadium Services Inc.,$939.72,
INV-253407,12/11/2025,12/11/2025,Oak Ridge Office Parks,5855.46,PO 48094
INV-253408,12/11/2025,12/11/2025,Portage Cold Storage Company,"$23,842.66",
INV-253409,11-Dec-25,11-Dec-25,Twinsburg Industrial Park LLC,16988.82,
INV-253410,11-Dec-25,11-Dec-25,University Circle Services,5536.29,Standing order
INV-253411,12/11/2025,12/11/2025,Youngstown Metal Works Inc.,"$1,747.10",
INV-253412,2025-12-11,2025-12-11,Youngstown Metal Works Inc.,3732.86,
INV-253413,12/12/2025,12/11/2025,Bayview Medical Center Inc.,"$1,936.64",
INV-253414,2025-12-12,2025-12-12,Cedar Point Facility Services,"$8,891.55",PO 47269
INV-253415,12/12/2025,12/12/2025,Cedar Point Facility Services,19433.43,
INV-253416,12-Dec-25,12-Dec-25,Forest City Hotels and Resorts,31601.82,
INV-253417,2025-12-12,2025-12-11,Garfield Industrial Company,11584.74,
INV-253418,12/12/2025,12/12/2025,Great Lakes Logistics Inc.,20578.89,Standing order
INV-253419,12-Dec-25,12-Dec-25,Midwest Stadium Services Inc.,"$39,819.61",Standing order
INV-253420,2025-12-12,2025-12-12,Pinnacle Building Services Inc.,"$5,503.97",PO 43873
INV-253421,12-Dec-25,12-Dec-25,Summit Healthcare Group Inc.,4448.36,
INV-253422,12/12/2025,12/11/2025,Twinsburg Industrial Park LLC,10949.79,Standing order
INV-253423,12-Dec-25,12-Dec-25,University Circle Services,8302.31,PO 44703
INV-253424,12-Dec-25,12-Dec-25,Westlake Commercial Cleaning Company,6475.98,PO 40535
INV-253425,12/15/2025,12/15/2025,Allegheny Property Management LLC,3517.58,
INV-253426,15-Dec-25,15-Dec-25,Cardinal Hospitality Group LLC,6868.78,
INV-253427,2025-12-15,2025-12-14,Garfield Industrial Company,"$2,062.94",
INV-253428,12/15/2025,12/14/2025,Harborview Apartments LLC,"$5,087.85",
INV-253429,2025-12-15,2025-12-14,Oak Ridge Office Parks,23057.26,Standing order
INV-253430,15-Dec-25,15-Dec-25,Oak Ridge Office Parks,4712.87,PO 49593
INV-253431,12/15/2025,12/15/2025,Parma Community College,"$11,044.01",
INV-253432,12/15/2025,12/15/2025,Riverside Fitness Clubs LLC,"$16,585.39",Standing order
INV-253433,12/15/2025,12/15/2025,Summit Healthcare Group Inc.,"$46,161.42",Standing order
INV-253434,2025-12-15,2025-12-15,Westlake Commercial Cleaning Company,"$5,861.34",
INV-253435,2025-12-15,2025-12-15,Westlake Commercial Cleaning Company,7102.05,Standing order
INV-253436,2025-12-15,2025-12-15,Youngstown Metal Works Inc.,"$12,548.80",PO 42523
INV-253437,12/15/2025,12/15/2025,Youngstown Metal Works Inc.,14857.45,
INV-253438,2025-12-15,2025-12-15,Youngstown Metal Works Inc.,8951.33,PO 44723
INV-253439,12/16/2025,12/16/2025,Garfield Industrial Company,"$4,150.00",Standing order
INV-253440,16-Dec-25,16-Dec-25,Hamilton County Services,978.73,
INV-253441,2025-12-16,2025-12-16,Parma Community College,5490.29,
INV-253442,16-Dec-25,16-Dec-25,Shaker Square Retail Partners,2921.21,
INV-253443,12/16/2025,12/16/2025,Shaker Square Retail Partners,11072.47,
INV-253444,2025-12-16,2025-12-16,Westlake Commercial Cleaning Company,3200.61,Standing order
INV-253445,2025-12-16,2025-12-16,Westlake Commercial Cleaning Company,19490.14,
INV-253446,2025-12-16,2025-12-16,Youngstown Metal Works Inc.,1804.38,
INV-253447,2025-12-16,2025-12-16,Youngstown Metal Works Inc.,9377.62,
INV-253448,12/16/2025,12/16/2025,Youngstown Metal Works Inc.,8503.58,
INV-253449,2025-12-16,2025-12-16,Youngstown Metal Works,"$10,461.44",
INV-253450,17-Dec-25,17-Dec-25,Midwest Stadium Services Inc.,"$1,832.31",
INV-253451,17-Dec-25,17-Dec-25,Oak Ridge Office Parks,29567.60,
INV-253452,17-Dec-25,17-Dec-25,Parma Community College,"$2,339.85",
INV-253453,2025-12-17,2025-12-16,Twinsburg Industrial Park LLC,10987.04,
INV-253454,12/17/2025,12/17/2025,University Circle Services,"$3,848.25",
INV-253455,2025-12-17,2025-12-17,Youngstown Metal Works Inc.,"$9,774.07",
INV-253456,18-Dec-25,18-Dec-25,Bayview Medical Center Inc.,2875.11,Standing order
INV-253457,2025-12-18,2025-12-17,Medina Auto Group,3739.65,
INV-253458,12/18/2025,12/18/2025,Parma Community College,16168.15,
INV-253459,12/18/2025,12/18/2025,Pinnacle Building Services Inc.,10689.69,
INV-253460,2025-12-18,2025-12-18,Sandusky Marine And Supply,"$29,274.41",Standing order
INV-253461,18-Dec-25,18-Dec-25,Sandusky Marine and Supply,"$11,806.58",Standing order
INV-253462,12/18/2025,12/18/2025,Twinsburg Industrial Park LLC,16546.35,PO 47861
INV-253463,18-Dec-25,18-Dec-25,Twinsburg Industrial Park LLC,"$2,407.86",PO 42267
INV-253464,2025-12-18,2025-12-18,Twinsburg Industrial Park LLC,4066.96,Standing order
INV-253465,12/18/2025,12/17/2025,Westlake Commercial Cleaning Company,"$12,596.43",Standing order
INV-253466,12/18/2025,12/18/2025,Westlake Commercial Cleaning Company,14455.19,
INV-253467,18-Dec-25,18-Dec-25,Youngstown Metal Works Inc.,21767.77,
INV-253468,18-Dec-25,18-Dec-25,Youngstown Metal Works Inc.,"$7,734.59",
INV-253469,19-Dec-25,19-Dec-25,Bayview Medical Center Inc.,75267.68,Standing order
INV-253470,2025-12-19,2025-12-19,Bayview Medical Center Inc.,"$3,532.37",Standing order
INV-253471,2025-12-19,2025-12-19,Bayview Medical Center Inc.,"$20,241.39",PO 44655
INV-253472,2025-12-19,2025-12-18,Bayview Medical Center Inc.,7997.34,Standing order
INV-253473,19-Dec-25,19-Dec-25,Garfield Industrial Company,1866.28,
INV-253474,19-Dec-25,19-Dec-25,Highland Manufacturing Company,9589.89,Standing order
INV-253475,19-Dec-25,19-Dec-25,Kent Valley Hospital  ,10323.76,
INV-253476,12/19/2025,12/18/2025,Kent Valley Hospital,"$20,717.66",
INV-253477,19-Dec-25,18-Dec-25,Oak Ridge Office Parks,"$10,312.98",
INV-253478,12/19/2025,12/18/2025,Oak Ridge Office Parks,6121.14,Standing order
INV-253479,2025-12-19,2025-12-19,Pinnacle Building Services Inc.,9382.71,
INV-253480,12/19/2025,12/19/2025,Pinnacle Building Services Inc.,34911.24,Standing order
INV-253481,12/19/2025,12/19/2025,Riverside Fitness Clubs LLC,"$5,865.10",
INV-253482,2025-12-19,2025-12-18,Twinsburg Industrial Park LLC,"$8,870.01",PO 44292
INV-253483,19-Dec-25,18-Dec-25,Westlake Commercial Cleaning Company,44760.08,Standing order
INV-253484,19-Dec-25,18-Dec-25,Westlake Commercial Cleaning Co.,14227.38,
INV-253485,12/19/2025,12/19/2025,Westlake Commercial Cleaning Company,"$10,976.63",Standing order
INV-253486,12/22/2025,12/22/2025,Forest City Hotels and Resorts,"$5,727.38",
INV-253487,2025-12-22,2025-12-21,Great Lakes Logistics Inc.,3136.17,
INV-253488,2025-12-22,2025-12-21,Oak Ridge Office Parks,40890.26,
INV-253489,12/22/2025,12/22/2025,Parma Community College,"$3,886.85",
INV-253490,2025-12-22,2025-12-22,Riverside Fitness Clubs LLC,42306.16,Standing order
INV-253491,22-Dec-25,21-Dec-25,Riverside Fitness Clubs LLC,7295.98,
INV-253492,12/22/2025,12/22/2025,Stark County Services,"$19,661.05",
INV-253493,12/22/2025,12/22/2025,Summit Healthcare Group Inc.,15109.73,PO 48102
INV-253494,22-Dec-25,22-Dec-25,Westlake Commercial Cleaning Company,45363.64,Standing order
INV-253495,12/22/2025,12/22/2025,Westlake Commercial Cleaning Company,"$6,908.10",
INV-253496,22-Dec-25,22-Dec-25,Youngstown Metal Works Inc.,3019.60,Standing order
INV-253497,12/22/2025,12/22/2025,Youngstown Metal Works Inc.,"$4,530.11",
INV-253498,2025-12-23,2025-12-23,Garfield Industrial Company,6823.16,
INV-253499,12/23/2025,12/22/2025,Great Lakes Logistics Inc.,2976.84,
INV-253500,23-Dec-25,22-Dec-25,Harborview Apartments LLC,6416.46,Standing order
INV-253501,23-Dec-25,22-Dec-25,HERITAGE FOOD SERVICES INC.,3598.11,Standing order
INV-253502,2025-12-23,2025-12-23,Kent Valley Hospital,"$6,095.94",
INV-253503,12/23/2025,12/22/2025,Lorain Distribution Company,6140.40,
INV-253504,23-Dec-25,23-Dec-25,Oak Ridge Office Parks,"$3,494.87",Standing order
INV-253505,2025-12-23,2025-12-23,Parma Community College,"$6,870.64",Standing order
INV-253506,23-Dec-25,23-Dec-25,Riverside Fitness Clubs LLC,"$15,686.56",
INV-253507,2025-12-23,2025-12-22,Summit Healthcare Group Inc.,"$10,838.70",Standing order
INV-253508,12/23/2025,12/22/2025,Twinsburg Industrial Park LLC,6380.02,PO 44596
INV-253509,2025-12-23,2025-12-23,Westlake Commercial Cleaning Company,9255.75,Standing order
INV-253510,2025-12-24,2025-12-24,Cedar Point Facility Services,20931.19,
INV-253511,12/24/2025,12/24/2025,Garfield Industrial Company,10799.83,Standing order
INV-253512,2025-12-24,2025-12-23,Garfield Industrial Company,5813.57,
INV-253513,24-Dec-25,23-Dec-25,Heritage Food Services Inc.,"$7,892.37",
INV-253514,2025-12-24,2025-12-24,Kent Valley Hospital,2902.23,
INV-253515,24-Dec-25,24-Dec-25,Parma Community College,7290.53,
INV-253516,2025-12-24,2025-12-23,Summit Healthcare Group Inc.,5282.21,
INV-253517,2025-12-24,2025-12-24,Twinsburg Industrial Park LLC,"$5,034.51",
INV-253518,2025-12-24,2025-12-24,University Circle Services,27321.06,
INV-253519,2025-12-24,2025-12-24,Youngstown Metal Works Inc.,"$6,034.48",
INV-253520,25-Dec-25,25-Dec-25,Bayview Medical Center Inc.,"$5,573.13",
INV-253521,12/25/2025,12/24/2025,Cardinal Hospitality Group LLC,5023.71,
INV-253522,12/25/2025,12/25/2025,Garfield Industrial Co.,"$7,545.02",PO 40247
INV-253523,12/25/2025,12/25/2025,Medina Auto Group,2067.20,
INV-253524,25-Dec-25,25-Dec-25,Parma Community College,2542.02,
INV-253525,25-Dec-25,24-Dec-25,Shaker Square Retail Partners,"$5,072.58",Standing order
INV-253526,25-Dec-25,24-Dec-25,Twinsburg Industrial Park LLC,4313.72,
INV-253527,25-Dec-25,25-Dec-25,Westlake Commercial Cleaning Company,4231.84,
INV-253528,12/25/2025,12/25/2025,Youngstown Metal Works Inc.,10245.42,
INV-253529,2025-12-26,2025-12-26,Allegheny Property Management,23908.09,Standing order
INV-253530,26-Dec-25,26-Dec-25,Bayview Medical Center Inc.,2662.69,PO 42042
INV-253531,12/26/2025,12/26/2025,Ironwood Property Services,"$5,734.85",
INV-253532,26-Dec-25,25-Dec-25,Lakeshore Cleaning Services Inc.,14803.56,
INV-253533,12/26/2025,12/26/2025,Medina Auto Group,6736.65,
INV-253534,2025-12-26,2025-12-25,Medina Auto Group,16152.83,
INV-253535,26-Dec-25,26-Dec-25,Parma Community College,"$10,794.08",PO 48729
INV-253536,2025-12-26,2025-12-26,Parma Community College,3842.53,
INV-253537,12/26/2025,12/26/2025,Pinnacle Building Services Inc.,18275.93,Standing order
INV-253538,12/26/2025,12/26/2025,Sandusky Marine and Supply,17435.94,
INV-253539,12/26/2025,12/26/2025,University Circle Services  ,13665.57,
INV-253540,12/26/2025,12/26/2025,Youngstown Metal Works Inc.,"$11,827.79",Standing order
INV-253541,2025-12-29,2025-12-29,Bayview Medical Center Inc.,15495.23,
INV-253542,29-Dec-25,02-Jan-26,Bayview Medical Center Inc.,"$55,047.54",Standing order
INV-253543,2025-12-29,2025-12-28,Evergreen Senior Living Inc.,9620.20,PO 46391
INV-253544,12/29/2025,12/28/2025,Garfield Industrial Company,8241.01,PO 45454
INV-253545,12/29/2025,12/29/2025,HARBORVIEW APARTMENTS LLC,"$8,895.72",
INV-253546,29-Dec-25,29-Dec-25,Medina Auto Group,"$7,132.02",Standing order
INV-253547,29-Dec-25,28-Dec-25,Medina Auto Group,"$19,661.50",
INV-253548,12/29/2025,12/29/2025,Riverside Fitness Clubs LLC,"$4,457.48",
INV-253549,12/29/2025,12/29/2025,Shaker Square Retail Partners,3292.12,
INV-253550,2025-12-29,2025-12-29,Stark County Services,"$9,876.77",PO 40195
INV-253551,2025-12-29,2025-12-29,Westlake Commercial Cleaning Company,13569.42,Standing order
INV-253552,12/29/2025,12/29/2025,Youngstown Metal Works Inc.,"$18,002.63",Standing order
INV-253553,29-Dec-25,29-Dec-25,Youngstown Metal Works Inc.,"$8,711.65",
INV-253554,12/30/2025,12/30/2025,Bayview Medical Center Inc.,6164.66,
INV-253555,2025-12-30,2025-12-29,Cardinal Hospitality Group LLC,13682.77,PO 42718
INV-253556,2025-12-30,2025-12-30,CLEARWATER JANITORIAL COMPANY,1317.30,Standing order
INV-253557,30-Dec-25,30-Dec-25,Forest City Hotels and Resorts,53719.44,Standing order
INV-253558,12/30/2025,12/30/2025,Great Lakes Logistics Inc.,4328.19,PO 40756
INV-253559,2025-12-30,2026-01-05,Harborview Apartments LLC,"$49,833.51",Standing order
INV-253560,30-Dec-25,30-Dec-25,Midwest Stadium Services Inc.,7868.16,Standing order
INV-253561,30-Dec-25,30-Dec-25,Parma Community College,"$9,874.45",PO 40735
INV-253562,2025-12-30,2025-12-30,Pinnacle Building Services Inc.,2422.43,
INV-253563,2025-12-30,2025-12-30,University Circle Services,6026.15,
INV-253564,31-Dec-25,31-Dec-25,Bayview Medical Center Inc.,1650.77,
INV-253565,2025-12-31,2025-12-31,Bayview Medical Center Inc.,1398.77,Standing order
INV-253566,12/31/2025,12/30/2025,Bayview Medical Center Inc.,4821.92,
INV-253567,2025-12-31,2026-01-06,Evergreen Senior Living Inc.,53186.78,Standing order
INV-253568,12/31/2025,12/31/2025,Kent Valley Hospital,"$5,371.61",Standing order
INV-253569,12/31/2025,12/30/2025,Medina Auto Group,9796.04,Standing order
INV-253570,31-Dec-25,30-Dec-25,Oak Ridge Office Parks,11809.92,Standing order
INV-253571,31-Dec-25,31-Dec-25,Pinnacle Building Services Inc.,2486.05,PO 40526
INV-253572,12/31/2025,12/31/2025,Riverside Fitness Clubs LLC,9094.48,
INV-253573,2025-12-31,2025-12-31,Sandusky Marine and Supply,11961.57,
INV-253574,12/31/2025,12/30/2025,Summit Healthcare Group Inc.,5802.52,Standing order
INV-253575,12/31/2025,12/31/2025,Tri-State Warehouse Company,1937.97,Standing order
INV-253576,2025-12-31,2025-12-31,Twinsburg Industrial Park LLC,2413.04,
INV-253577,12/31/2025,12/31/2025,University Circle Services,"$30,039.68",Standing order
INV-253578,31-Dec-25,31-Dec-25,Westlake Commercial Cleaning Company,"$9,100.29",
INV-253579,31-Dec-25,31-Dec-25,Westlake Commercial Cleaning Company,3262.66,
INV-253580,12/31/2025,12/30/2025,Westlake Commercial Cleaning Company,6201.55,
,,,Subtotal - Dec 2025,"$3,411,943.19",
